NETWORK_CODE,PROGRAM_CODE,PROGRAM_NAME,NAME_LEN,NAME_TRUNCATED,CT_SEASON,SEASON_NUMERIC,IS_SUB_SEASON,TELECASTS,SEASON_FROM,SEASON_TO,IS_CURRENT_SEASON,NETWORKS_WITH_THIS_TITLE,LOADED_AT
LIF,381655,BIG WOMEN: BIG LOVE,19,FALSE,1,1,FALSE,8,2015-01-01,2015-02-18,TRUE,1,2026-08-11 19:24:32.944 -0700
AEN,368988,"MARRIAGE TEST, THE",18,FALSE,2013,2013,FALSE,1,2013-09-21,2013-09-21,TRUE,1,2026-08-11 19:24:32.944 -0700
VICE,1135098,ICONS UNEARTHED: MARVEL,23,FALSE,1,1,FALSE,8,2023-03-07,2023-04-25,TRUE,1,2026-08-11 19:24:32.944 -0700
AEN,322671,RUNAWAY SQUAD,13,FALSE,1,1,FALSE,7,2010-04-05,2010-04-26,TRUE,1,2026-08-11 19:24:32.944 -0700
LIF,323005,DIETTRIBE,9,FALSE,2,2,FALSE,8,2009-10-02,2009-11-20,TRUE,1,2026-08-11 19:24:32.944 -0700
LIF,323005,DIETTRIBE,9,FALSE,1,1,FALSE,5,2009-01-05,2009-02-02,FALSE,1,2026-08-11 19:24:32.944 -0700
FYI,384410,ARRANGED,8,FALSE,2,2,FALSE,11,2016-05-10,2016-07-19,TRUE,1,2026-08-11 19:24:32.944 -0700
FYI,384410,ARRANGED,8,FALSE,1B,1,TRUE,6,2015-10-20,2015-11-24,FALSE,1,2026-08-11 19:24:32.944 -0700
FYI,384410,ARRANGED,8,FALSE,1,1,FALSE,9,2015-04-14,2015-06-23,FALSE,1,2026-08-11 19:24:32.944 -0700
VICE,461034,"IMPEACHMENT LIVE, THE",21,FALSE,2019,2019,FALSE,6,2019-11-19,2019-11-21,TRUE,1,2026-08-11 19:24:32.944 -0700
HIST,1040173,TITANS THAT BUILT AMERICA,25,TRUE,1,1,FALSE,3,2021-05-31,2021-06-02,TRUE,1,2026-08-11 19:24:32.944 -0700
FYI,1220816,"COLUMBIA COAST, THE",19,FALSE,1,1,FALSE,13,2025-11-08,2026-03-21,TRUE,1,2026-08-11 19:24:32.944 -0700
LIF,372308,PROJ RUN ALLSTARS REUNION,25,TRUE,4,4,FALSE,1,2015-02-19,2015-02-19,TRUE,1,2026-08-11 19:24:32.944 -0700
LIF,372308,PROJ RUN ALLSTARS REUNION,25,TRUE,3,3,FALSE,1,2014-01-16,2014-01-16,FALSE,1,2026-08-11 19:24:32.944 -0700
AEN,1055594,TINY HOUSE NATION: BTTB,23,FALSE,2,2,FALSE,7,2022-06-04,2022-08-28,TRUE,2,2026-08-11 19:24:32.944 -0700
AEN,1055594,TINY HOUSE NATION: BTTB,23,FALSE,1,1,FALSE,3,2022-01-08,2022-01-22,FALSE,2,2026-08-11 19:24:32.944 -0700
LIF,437308,TERRAS BIG HOUSE,16,FALSE,1,1,FALSE,6,2017-12-13,2018-01-17,TRUE,1,2026-08-11 19:24:32.944 -0700
FYI,388298,MAN VS. CHILD,13,FALSE,2B,2,TRUE,9,2016-06-30,2016-08-25,TRUE,1,2026-08-11 19:24:32.944 -0700
FYI,388298,MAN VS. CHILD,13,FALSE,2,2,FALSE,9,2016-03-17,2016-05-12,FALSE,1,2026-08-11 19:24:32.944 -0700
FYI,388298,MAN VS. CHILD,13,FALSE,1B,1,TRUE,6,2015-10-15,2015-11-19,FALSE,1,2026-08-11 19:24:32.944 -0700
FYI,388298,MAN VS. CHILD,13,FALSE,1,1,FALSE,7,2015-07-23,2015-09-03,FALSE,1,2026-08-11 19:24:32.944 -0700
AEN,1210400,DUCK DYNASTY: THE REVIVAL,25,TRUE,2,2,FALSE,10,2026-03-07,2026-05-09,TRUE,1,2026-08-11 19:24:32.944 -0700
AEN,1210400,DUCK DYNASTY: THE REVIVAL,25,TRUE,1,1,FALSE,10,2025-06-01,2025-08-03,FALSE,1,2026-08-11 19:24:32.944 -0700
AEN,438915,UNDERCOVER HIGH SPECIALS,24,FALSE,1,1,FALSE,1,2018-01-09,2018-01-09,TRUE,1,2026-08-11 19:24:32.944 -0700
AEN,380259,DOGS OF WAR,11,FALSE,1,1,FALSE,5,2014-11-11,2014-12-07,TRUE,1,2026-08-11 19:24:32.944 -0700
HIST,1162752,ALONE UK,8,FALSE,1,1,FALSE,6,2023-12-16,2023-12-16,TRUE,1,2026-08-11 19:24:32.944 -0700
AEN,1001734,COURT CAM SPECIALS,18,FALSE,9B,9,TRUE,4,2026-02-10,2026-03-03,TRUE,1,2026-08-11 19:24:32.944 -0700
AEN,1001734,COURT CAM SPECIALS,18,FALSE,9,9,FALSE,2,2025-11-05,2025-11-12,FALSE,1,2026-08-11 19:24:32.944 -0700
AEN,1001734,COURT CAM SPECIALS,18,FALSE,8B,8,TRUE,5,2025-06-18,2025-08-13,FALSE,1,2026-08-11 19:24:32.944 -0700
AEN,1001734,COURT CAM SPECIALS,18,FALSE,8,8,FALSE,6,2024-10-02,2024-12-11,FALSE,1,2026-08-11 19:24:32.944 -0700
AEN,1001734,COURT CAM SPECIALS,18,FALSE,7B,7,TRUE,4,2024-08-28,2024-09-18,FALSE,1,2026-08-11 19:24:32.944 -0700
AEN,1001734,COURT CAM SPECIALS,18,FALSE,7,7,FALSE,9,2023-12-06,2024-04-10,FALSE,1,2026-08-11 19:24:32.944 -0700
AEN,1001734,COURT CAM SPECIALS,18,FALSE,6,6,FALSE,3,2023-07-05,2023-07-19,FALSE,1,2026-08-11 19:24:32.944 -0700
AEN,1001734,COURT CAM SPECIALS,18,FALSE,5B,5,TRUE,2,2022-12-14,2022-12-21,FALSE,1,2026-08-11 19:24:32.944 -0700
AEN,1001734,COURT CAM SPECIALS,18,FALSE,3B,3,TRUE,10,2021-07-28,2022-12-07,FALSE,1,2026-08-11 19:24:32.944 -0700
AEN,1001734,COURT CAM SPECIALS,18,FALSE,3,3,FALSE,9,2020-12-23,2021-06-23,FALSE,1,2026-08-11 19:24:32.944 -0700
AEN,1001734,COURT CAM SPECIALS,18,FALSE,1,1,FALSE,1,2020-01-05,2020-01-05,FALSE,1,2026-08-11 19:24:32.944 -0700
AEN,310445,"TWO COREYS, THE",15,FALSE,2,2,FALSE,10,2008-06-22,2008-08-17,TRUE,1,2026-08-11 19:24:32.944 -0700
AEN,310445,"TWO COREYS, THE",15,FALSE,1,1,FALSE,9,2007-07-29,2007-09-09,FALSE,1,2026-08-11 19:24:32.944 -0700
AEN,458746,LIVE RESCUE: EMERGENCY,22,FALSE,1B,1,TRUE,11,2020-06-08,2020-06-20,TRUE,1,2026-08-11 19:24:32.944 -0700
AEN,458746,LIVE RESCUE: EMERGENCY,22,FALSE,1,1,FALSE,8,2019-09-02,2019-09-16,FALSE,1,2026-08-11 19:24:32.944 -0700
VICE,1018862,HOW TO ROB A BANK,17,FALSE,1,1,FALSE,8,2020-07-28,2020-09-15,TRUE,1,2026-08-11 19:24:32.944 -0700
VICE,1178306,UNITED GANGS OF AMERICA,23,FALSE,2,2,FALSE,10,2025-06-03,2025-08-05,TRUE,1,2026-08-11 19:24:32.944 -0700
VICE,1178306,UNITED GANGS OF AMERICA,23,FALSE,1,1,FALSE,8,2024-05-15,2024-07-03,FALSE,1,2026-08-11 19:24:32.944 -0700
FYI,395943,FOOD PORN,9,FALSE,2,2,FALSE,13,2017-05-14,2017-07-30,TRUE,1,2026-08-11 19:24:32.944 -0700
FYI,395943,FOOD PORN,9,FALSE,1,1,FALSE,14,2015-12-03,2016-01-21,FALSE,1,2026-08-11 19:24:32.944 -0700
FYI,388025,WERE MOVING IN,14,FALSE,1,1,FALSE,6,2015-07-14,2015-07-28,TRUE,1,2026-08-11 19:24:32.944 -0700
HIST,417209,CURSE OF OAK ISLAND FL,22,FALSE,11,11,FALSE,1,2023-11-06,2023-11-06,TRUE,1,2026-08-11 19:24:32.944 -0700
HIST,417209,CURSE OF OAK ISLAND FL,22,FALSE,10,10,FALSE,1,2022-11-14,2022-11-14,FALSE,1,2026-08-11 19:24:32.944 -0700
HIST,417209,CURSE OF OAK ISLAND FL,22,FALSE,9,9,FALSE,1,2021-11-01,2021-11-01,FALSE,1,2026-08-11 19:24:32.944 -0700
HIST,417209,CURSE OF OAK ISLAND FL,22,FALSE,8,8,FALSE,3,2020-11-03,2020-11-14,FALSE,1,2026-08-11 19:24:32.944 -0700
HIST,417209,CURSE OF OAK ISLAND FL,22,FALSE,7,7,FALSE,4,2019-11-02,2019-12-24,FALSE,1,2026-08-11 19:24:32.944 -0700
HIST,417209,CURSE OF OAK ISLAND FL,22,FALSE,6B,6,TRUE,2,2019-02-09,2019-03-16,FALSE,1,2026-08-11 19:24:32.944 -0700
HIST,417209,CURSE OF OAK ISLAND FL,22,FALSE,6,6,FALSE,7,2018-11-08,2018-12-25,FALSE,1,2026-08-11 19:24:32.944 -0700
HIST,417209,CURSE OF OAK ISLAND FL,22,FALSE,5,5,FALSE,17,2017-11-02,2018-03-06,FALSE,1,2026-08-11 19:24:32.944 -0700
HIST,417209,CURSE OF OAK ISLAND FL,22,FALSE,4,4,FALSE,10,2016-12-15,2017-02-19,FALSE,1,2026-08-11 19:24:32.944 -0700
LMN,376271,MY CRAZY EX,11,FALSE,5,5,FALSE,6,2018-09-24,2018-09-24,TRUE,2,2026-08-11 19:24:32.944 -0700
LMN,376271,MY CRAZY EX,11,FALSE,4,4,FALSE,12,2016-12-28,2017-09-18,FALSE,2,2026-08-11 19:24:32.944 -0700
LMN,376271,MY CRAZY EX,11,FALSE,2,2,FALSE,11,2015-12-30,2016-04-13,FALSE,2,2026-08-11 19:24:32.944 -0700
LMN,376271,MY CRAZY EX,11,FALSE,1,1,FALSE,9,2014-06-23,2015-05-27,FALSE,2,2026-08-11 19:24:32.944 -0700
FYI,1188505,GLOBAL SOUL KITCHEN,19,FALSE,2,2,FALSE,12,2025-05-26,2025-06-30,TRUE,1,2026-08-11 19:24:32.944 -0700
FYI,1188505,GLOBAL SOUL KITCHEN,19,FALSE,1,1,FALSE,12,2024-09-02,2024-10-07,FALSE,1,2026-08-11 19:24:32.944 -0700
AEN,1003389,LIVE PD: SPECIAL EDITION,24,FALSE,1,1,FALSE,2,2020-04-03,2020-04-04,TRUE,1,2026-08-11 19:24:32.944 -0700
HIST,1239422,RISE & FALL ROMAN EMPIRE,24,FALSE,1,1,FALSE,2,2026-05-27,2026-05-28,TRUE,1,2026-08-11 19:24:32.944 -0700
VICE,401689,STATES OF UNDRESS,17,FALSE,2,2,FALSE,8,2017-06-06,2017-08-01,TRUE,1,2026-08-11 19:24:32.944 -0700
HIST,1164218,ENGINEERING DISASTERS SP,24,FALSE,1,1,FALSE,1,2023-12-20,2023-12-20,TRUE,1,2026-08-11 19:24:32.944 -0700
LIF,346289,RUSSIAN DOLLS,13,FALSE,1,1,FALSE,12,2011-08-11,2011-10-07,TRUE,1,2026-08-11 19:24:32.944 -0700
FYI,404525,MY FLOATING HOME,16,FALSE,4,4,FALSE,1,2019-05-09,2019-05-09,TRUE,1,2026-08-11 19:24:32.944 -0700
FYI,404525,MY FLOATING HOME,16,FALSE,3,3,FALSE,6,2018-08-16,2018-09-13,FALSE,1,2026-08-11 19:24:32.944 -0700
FYI,404525,MY FLOATING HOME,16,FALSE,2,2,FALSE,7,2017-11-30,2017-12-28,FALSE,1,2026-08-11 19:24:32.944 -0700
FYI,404525,MY FLOATING HOME,16,FALSE,1,1,FALSE,12,2016-05-14,2016-09-03,FALSE,1,2026-08-11 19:24:32.944 -0700
HIST,386221,"WOODSMEN, THE",13,FALSE,1,1,FALSE,8,2015-06-22,2015-08-19,TRUE,1,2026-08-11 19:24:32.944 -0700
FYI,456658,VINTAGE TECH HUNTRS B & S,25,TRUE,1,1,FALSE,14,2019-06-21,2019-08-02,TRUE,1,2026-08-11 19:24:32.944 -0700
LIF,376310,ABBYS STUDIO RESCUE,19,FALSE,1,1,FALSE,7,2014-06-24,2014-10-14,TRUE,1,2026-08-11 19:24:32.944 -0700
HIST,451908,TRUCK TECH,10,FALSE,1,1,FALSE,36,2019-01-13,2019-11-24,TRUE,1,2026-08-11 19:24:32.944 -0700
AEN,376313,STORAGE WARS: BEST OF,21,FALSE,1,1,FALSE,8,2014-06-24,2014-12-02,TRUE,1,2026-08-11 19:24:32.944 -0700
FYI,415281,MARRIED LIFE DIARIES,20,FALSE,1,1,FALSE,5,2016-11-08,2017-04-25,TRUE,1,2026-08-11 19:24:32.944 -0700
AEN,1038348,I SURVIVED A CRIME SPCLS,24,FALSE,1,1,FALSE,4,2021-04-21,2021-04-28,TRUE,1,2026-08-11 19:24:32.944 -0700
HIST,338036,AMERICAN RESTORATION,20,FALSE,5,5,FALSE,13,2016-01-01,2016-04-01,TRUE,1,2026-08-11 19:24:32.944 -0700
HIST,338036,AMERICAN RESTORATION,20,FALSE,4,4,FALSE,26,2014-01-07,2014-09-03,FALSE,1,2026-08-11 19:24:32.944 -0700
HIST,338036,AMERICAN RESTORATION,20,FALSE,3,3,FALSE,17,2013-04-09,2013-06-18,FALSE,1,2026-08-11 19:24:32.944 -0700
HIST,338036,AMERICAN RESTORATION,20,FALSE,2,2,FALSE,47,2012-01-11,2013-01-09,FALSE,1,2026-08-11 19:24:32.944 -0700
HIST,338036,AMERICAN RESTORATION,20,FALSE,1,1,FALSE,34,2010-10-25,2011-11-18,FALSE,1,2026-08-11 19:24:32.944 -0700
AEN,405850,STREETS OF COMPTON,18,FALSE,1,1,FALSE,2,2016-06-09,2016-06-16,TRUE,1,2026-08-11 19:24:32.944 -0700
AEN,444714,"SPY WHO RAISED ME, THE",22,FALSE,2018,2018,FALSE,1,2018-06-04,2018-06-04,TRUE,1,2026-08-11 19:24:32.944 -0700
HIST,1043528,MACHINES THAT BUILT AMERI,25,TRUE,1,1,FALSE,8,2021-07-18,2021-08-29,TRUE,1,2026-08-11 19:24:32.944 -0700
FYI,398160,HARLEY EATS AMERICA,19,FALSE,1,1,FALSE,1,2016-01-14,2016-01-14,TRUE,1,2026-08-11 19:24:32.944 -0700
LIF,202309,PRIME MOVIE,11,FALSE,2011,2011,FALSE,26,2011-01-03,2011-11-28,TRUE,1,2026-08-11 19:24:32.944 -0700
LIF,202309,PRIME MOVIE,11,FALSE,2010,2010,FALSE,8,2010-07-19,2010-12-13,FALSE,1,2026-08-11 19:24:32.944 -0700
LIF,202309,PRIME MOVIE,11,FALSE,2007,2007,FALSE,2,2007-06-25,2007-10-22,FALSE,1,2026-08-11 19:24:32.944 -0700
AEN,396246,BORN THIS WAY,13,FALSE,4,4,FALSE,7,2018-08-15,2018-09-05,TRUE,1,2026-08-11 19:24:32.944 -0700
AEN,396246,BORN THIS WAY,13,FALSE,3,3,FALSE,10,2017-05-16,2017-07-18,FALSE,1,2026-08-11 19:24:32.944 -0700
AEN,396246,BORN THIS WAY,13,FALSE,2,2,FALSE,10,2016-07-26,2016-09-27,FALSE,1,2026-08-11 19:24:32.944 -0700
AEN,396246,BORN THIS WAY,13,FALSE,1,1,FALSE,6,2015-12-08,2016-01-12,FALSE,1,2026-08-11 19:24:32.944 -0700
AEN,286465,FIND & DESIGN,13,FALSE,2008,2008,FALSE,8,2008-03-22,2008-05-10,TRUE,1,2026-08-11 19:24:32.944 -0700
AEN,286465,FIND & DESIGN,13,FALSE,2007,2007,FALSE,6,2007-06-30,2007-12-15,FALSE,1,2026-08-11 19:24:32.944 -0700
AEN,1159434,CAKE DYNASTY,12,FALSE,1,1,FALSE,10,2023-11-11,2024-01-13,TRUE,1,2026-08-11 19:24:32.944 -0700
LIF,379457,PROJECT RUNWAY: THREADS,23,FALSE,1,1,FALSE,8,2014-10-23,2014-12-18,TRUE,1,2026-08-11 19:24:32.944 -0700
LIF,313771,HOW TO LOOK GOOD NAKED,22,FALSE,2,2,FALSE,8,2008-07-22,2008-09-09,TRUE,1,2026-08-11 19:24:32.944 -0700
LIF,313771,HOW TO LOOK GOOD NAKED,22,FALSE,1,1,FALSE,8,2008-01-04,2008-02-15,FALSE,1,2026-08-11 19:24:32.944 -0700
LMN,405112,ROOTS,5,FALSE,1,1,FALSE,4,2016-05-30,2016-06-02,TRUE,4,2026-08-11 19:24:32.944 -0700
AEN,291826,INTERVENTION,12,FALSE,25,25,FALSE,8,2024-06-17,2024-08-05,TRUE,1,2026-08-11 19:24:32.944 -0700
AEN,291826,INTERVENTION,12,FALSE,24,24,FALSE,6,2022-06-13,2022-07-25,FALSE,1,2026-08-11 19:24:32.944 -0700
AEN,291826,INTERVENTION,12,FALSE,23,23,FALSE,6,2021-10-18,2021-11-22,FALSE,1,2026-08-11 19:24:32.944 -0700
AEN,291826,INTERVENTION,12,FALSE,22,22,FALSE,7,2021-03-15,2021-04-26,FALSE,1,2026-08-11 19:24:32.944 -0700
AEN,291826,INTERVENTION,12,FALSE,20,20,FALSE,3,2019-05-07,2019-05-21,FALSE,1,2026-08-11 19:24:32.944 -0700
AEN,291826,INTERVENTION,12,FALSE,19,19,FALSE,4,2018-06-05,2018-06-26,FALSE,1,2026-08-11 19:24:32.944 -0700
AEN,291826,INTERVENTION,12,FALSE,17,17,FALSE,3,2017-07-31,2017-08-14,FALSE,1,2026-08-11 19:24:32.944 -0700
AEN,291826,INTERVENTION,12,FALSE,16C,16,TRUE,6,2016-11-29,2017-01-24,FALSE,1,2026-08-11 19:24:32.944 -0700
AEN,291826,INTERVENTION,12,FALSE,16B,16,TRUE,7,2016-06-19,2016-08-07,FALSE,1,2026-08-11 19:24:32.944 -0700
AEN,291826,INTERVENTION,12,FALSE,16A,16,TRUE,6,2016-03-06,2016-04-17,FALSE,1,2026-08-11 19:24:32.944 -0700
AEN,291826,INTERVENTION,12,FALSE,15B,15,TRUE,6,2015-07-26,2015-08-30,FALSE,1,2026-08-11 19:24:32.944 -0700
AEN,291826,INTERVENTION,12,FALSE,15,15,FALSE,8,2015-03-22,2015-05-10,FALSE,1,2026-08-11 19:24:32.944 -0700
AEN,291826,INTERVENTION,12,FALSE,14,14,FALSE,5,2013-06-13,2013-07-18,FALSE,1,2026-08-11 19:24:32.944 -0700
AEN,291826,INTERVENTION,12,FALSE,13,13,FALSE,20,2012-08-13,2013-02-04,FALSE,1,2026-08-11 19:24:32.944 -0700
AEN,291826,INTERVENTION,12,FALSE,12,12,FALSE,13,2012-01-02,2012-04-02,FALSE,1,2026-08-11 19:24:32.944 -0700
AEN,291826,INTERVENTION,12,FALSE,11,11,FALSE,12,2011-06-20,2011-09-12,FALSE,1,2026-08-11 19:24:32.944 -0700
AEN,291826,INTERVENTION,12,FALSE,10,10,FALSE,13,2010-12-13,2011-03-21,FALSE,1,2026-08-11 19:24:32.944 -0700
AEN,291826,INTERVENTION,12,FALSE,9,9,FALSE,9,2010-06-28,2010-08-23,FALSE,1,2026-08-11 19:24:32.944 -0700
AEN,291826,INTERVENTION,12,FALSE,8,8,FALSE,17,2009-11-30,2010-05-10,FALSE,1,2026-08-11 19:24:32.944 -0700
AEN,291826,INTERVENTION,12,FALSE,7,7,FALSE,15,2009-05-25,2009-09-21,FALSE,1,2026-08-11 19:24:32.944 -0700
AEN,291826,INTERVENTION,12,FALSE,6,6,FALSE,13,2008-12-15,2009-03-23,FALSE,1,2026-08-11 19:24:32.944 -0700
AEN,291826,INTERVENTION,12,FALSE,5,5,FALSE,14,2008-06-16,2008-09-29,FALSE,1,2026-08-11 19:24:32.944 -0700
AEN,291826,INTERVENTION,12,FALSE,4,4,FALSE,10,2007-12-03,2008-03-17,FALSE,1,2026-08-11 19:24:32.944 -0700
AEN,291826,INTERVENTION,12,FALSE,3,3,FALSE,4,2007-08-10,2007-09-07,FALSE,1,2026-08-11 19:24:32.944 -0700
VICE,419324,RISE,4,FALSE,1,1,FALSE,8,2017-01-27,2017-03-10,TRUE,1,2026-08-11 19:24:32.944 -0700
HIST,380038,PAWN STARS: BEST OF,19,FALSE,2025,2025,FALSE,4,2026-03-25,2026-04-15,TRUE,1,2026-08-11 19:24:32.944 -0700
HIST,380038,PAWN STARS: BEST OF,19,FALSE,2024,2024,FALSE,15,2024-04-03,2024-09-04,FALSE,1,2026-08-11 19:24:32.944 -0700
HIST,380038,PAWN STARS: BEST OF,19,FALSE,2023,2023,FALSE,15,2023-05-10,2023-12-13,FALSE,1,2026-08-11 19:24:32.944 -0700
HIST,380038,PAWN STARS: BEST OF,19,FALSE,2022,2022,FALSE,22,2022-01-30,2022-11-02,FALSE,1,2026-08-11 19:24:32.944 -0700
HIST,380038,PAWN STARS: BEST OF,19,FALSE,2021,2021,FALSE,28,2021-01-11,2021-12-23,FALSE,1,2026-08-11 19:24:32.944 -0700
HIST,380038,PAWN STARS: BEST OF,19,FALSE,2020,2020,FALSE,11,2020-10-05,2020-12-28,FALSE,1,2026-08-11 19:24:32.944 -0700
HIST,380038,PAWN STARS: BEST OF,19,FALSE,2016,2016,FALSE,10,2016-03-30,2016-09-07,FALSE,1,2026-08-11 19:24:32.944 -0700
HIST,380038,PAWN STARS: BEST OF,19,FALSE,2015,2015,FALSE,17,2015-04-23,2015-12-17,FALSE,1,2026-08-11 19:24:32.944 -0700
HIST,380038,PAWN STARS: BEST OF,19,FALSE,2014,2014,FALSE,3,2014-11-03,2014-12-01,FALSE,1,2026-08-11 19:24:32.944 -0700
VICE,460485,VICE NEWS REPORTS,17,FALSE,2,2,FALSE,3,2020-10-22,2020-11-20,TRUE,1,2026-08-11 19:24:32.944 -0700
VICE,460485,VICE NEWS REPORTS,17,FALSE,1,1,FALSE,12,2019-10-31,2019-12-11,FALSE,1,2026-08-11 19:24:32.944 -0700
VICE,1033183,QANON: THE SEARCH FOR Q,23,FALSE,2,2,FALSE,4,2022-08-24,2022-09-14,TRUE,1,2026-08-11 19:24:32.944 -0700
VICE,1033183,QANON: THE SEARCH FOR Q,23,FALSE,1,1,FALSE,3,2021-01-26,2021-01-28,FALSE,1,2026-08-11 19:24:32.944 -0700
AEN,1166973,EVERYTHING BUT THE HOUSE,24,FALSE,2C,2,TRUE,3,2024-01-13,2024-01-20,TRUE,2,2026-08-11 19:24:32.944 -0700
AEN,1183990,TELL ME HOW I DIED,18,FALSE,1,1,FALSE,10,2024-07-19,2024-09-20,TRUE,1,2026-08-11 19:24:32.944 -0700
HIST,1147943,DARK MARVELS,12,FALSE,1,1,FALSE,8,2023-07-10,2023-08-21,TRUE,1,2026-08-11 19:24:32.944 -0700
HIST,1216814,PROOF IS OUT: UNEXPLAINED,25,TRUE,2,2,FALSE,10,2026-06-02,2026-08-04,TRUE,1,2026-08-11 19:24:32.944 -0700
HIST,1216814,PROOF IS OUT: UNEXPLAINED,25,TRUE,1,1,FALSE,6,2025-07-29,2025-09-02,FALSE,1,2026-08-11 19:24:32.944 -0700
LIF,381924,CHILD GENIUS,12,FALSE,2,2,FALSE,10,2016-01-07,2016-03-10,TRUE,1,2026-08-11 19:24:32.944 -0700
LIF,381924,CHILD GENIUS,12,FALSE,1,1,FALSE,8,2015-01-06,2015-02-24,FALSE,1,2026-08-11 19:24:32.944 -0700
HIST,428861,FOUND,5,FALSE,1B,1,TRUE,8,2017-08-23,2017-09-03,TRUE,1,2026-08-11 19:24:32.944 -0700
HIST,428861,FOUND,5,FALSE,1,1,FALSE,2,2017-07-31,2017-08-07,FALSE,1,2026-08-11 19:24:32.944 -0700
VICE,1124040,NO GAMBLE NO FUTURE,19,FALSE,6,6,FALSE,15,2026-05-02,2026-06-20,TRUE,1,2026-08-11 19:24:32.944 -0700
VICE,1124040,NO GAMBLE NO FUTURE,19,FALSE,5,5,FALSE,14,2026-01-17,2026-02-28,FALSE,1,2026-08-11 19:24:32.944 -0700
VICE,1124040,NO GAMBLE NO FUTURE,19,FALSE,4,4,FALSE,19,2024-12-21,2025-02-22,FALSE,1,2026-08-11 19:24:32.944 -0700
VICE,1124040,NO GAMBLE NO FUTURE,19,FALSE,3,3,FALSE,31,2023-12-16,2024-05-18,FALSE,1,2026-08-11 19:24:32.944 -0700
VICE,1124040,NO GAMBLE NO FUTURE,19,FALSE,2,2,FALSE,16,2023-09-09,2023-11-04,FALSE,1,2026-08-11 19:24:32.944 -0700
VICE,1124040,NO GAMBLE NO FUTURE,19,FALSE,1,1,FALSE,20,2022-11-12,2023-03-04,FALSE,1,2026-08-11 19:24:32.944 -0700
AEN,400710,60 DAYS IN,10,FALSE,9,9,FALSE,12,2024-05-30,2024-08-15,TRUE,1,2026-08-11 19:24:32.944 -0700
AEN,400710,60 DAYS IN,10,FALSE,8,8,FALSE,10,2023-06-15,2023-08-17,FALSE,1,2026-08-11 19:24:32.944 -0700
AEN,400710,60 DAYS IN,10,FALSE,7,7,FALSE,10,2022-08-18,2022-10-20,FALSE,1,2026-08-11 19:24:32.944 -0700
AEN,400710,60 DAYS IN,10,FALSE,6,6,FALSE,16,2020-01-02,2020-04-16,FALSE,1,2026-08-11 19:24:32.944 -0700
AEN,400710,60 DAYS IN,10,FALSE,5,5,FALSE,10,2019-01-03,2019-03-07,FALSE,1,2026-08-11 19:24:32.944 -0700
AEN,400710,60 DAYS IN,10,FALSE,4,4,FALSE,12,2018-01-01,2018-03-15,FALSE,1,2026-08-11 19:24:32.944 -0700
AEN,400710,60 DAYS IN,10,FALSE,3,3,FALSE,12,2017-03-02,2017-05-11,FALSE,1,2026-08-11 19:24:32.944 -0700
AEN,400710,60 DAYS IN,10,FALSE,2,2,FALSE,13,2016-08-18,2016-11-03,FALSE,1,2026-08-11 19:24:32.944 -0700
AEN,400710,60 DAYS IN,10,FALSE,1,1,FALSE,12,2016-03-10,2016-05-19,FALSE,1,2026-08-11 19:24:32.944 -0700
HIST,1175757,PROOF: MILITARY MYSTERIES,25,TRUE,1,1,FALSE,6,2024-04-22,2024-05-20,TRUE,1,2026-08-11 19:24:32.944 -0700
FYI,1017729,HOLLYWOOD DISC SERENA DC,24,FALSE,1,1,FALSE,6,2020-07-11,2020-07-26,TRUE,1,2026-08-11 19:24:32.944 -0700
VICE,427705,FUNNY HOW,9,FALSE,1,1,FALSE,5,2017-07-10,2017-07-14,TRUE,1,2026-08-11 19:24:32.944 -0700
AEN,330433,STEVEN SEAGAL: LAWMAN,21,FALSE,2,2,FALSE,8,2010-10-06,2010-11-03,TRUE,1,2026-08-11 19:24:32.944 -0700
AEN,330433,STEVEN SEAGAL: LAWMAN,21,FALSE,1,1,FALSE,13,2009-12-02,2010-02-03,FALSE,1,2026-08-11 19:24:32.944 -0700
LIF,398593,FIT TO FAT TO FIT,17,FALSE,2,2,FALSE,6,2018-01-08,2018-01-08,TRUE,2,2026-08-11 19:24:32.944 -0700
HIST,1090722,HISTORYS CRAZY RICH ANCTS,25,TRUE,1,1,FALSE,10,2022-07-24,2022-09-04,TRUE,1,2026-08-11 19:24:32.944 -0700
HIST,319115,EVOLVE,6,FALSE,1,1,FALSE,6,2008-07-29,2008-09-02,TRUE,1,2026-08-11 19:24:32.944 -0700
LIF,398595,LITTLE WOMEN ATL,16,FALSE,6B,6,TRUE,8,2021-08-26,2021-09-16,TRUE,1,2026-08-11 19:24:32.944 -0700
LIF,398595,LITTLE WOMEN ATL,16,FALSE,6,6,FALSE,8,2021-01-29,2021-03-19,FALSE,1,2026-08-11 19:24:32.944 -0700
LIF,398595,LITTLE WOMEN ATL,16,FALSE,5,5,FALSE,16,2019-03-28,2019-07-18,FALSE,1,2026-08-11 19:24:32.944 -0700
LIF,398595,LITTLE WOMEN ATL,16,FALSE,4,4,FALSE,14,2017-12-13,2018-03-14,FALSE,1,2026-08-11 19:24:32.944 -0700
LIF,398595,LITTLE WOMEN ATL,16,FALSE,3,3,FALSE,20,2017-01-04,2017-05-17,FALSE,1,2026-08-11 19:24:32.944 -0700
LIF,398595,LITTLE WOMEN ATL,16,FALSE,2,2,FALSE,14,2016-07-13,2016-10-12,FALSE,1,2026-08-11 19:24:32.944 -0700
LIF,398595,LITTLE WOMEN ATL,16,FALSE,1,1,FALSE,8,2016-01-27,2016-03-16,FALSE,1,2026-08-11 19:24:32.944 -0700
LIF,383257,LIFE FLIGHT,11,FALSE,1,1,FALSE,6,2015-03-02,2015-03-16,TRUE,1,2026-08-11 19:24:32.944 -0700
VICE,433470,DRONEWEEK,9,FALSE,1,1,FALSE,5,2017-10-09,2017-10-13,TRUE,1,2026-08-11 19:24:32.944 -0700
LIF,405464,ROOTS,5,FALSE,1,1,FALSE,4,2016-05-30,2016-06-02,TRUE,4,2026-08-11 19:24:32.944 -0700
AEN,1186599,SECRETS OF COLLEGE GREEK,24,FALSE,1,1,FALSE,6,2024-08-12,2024-08-26,TRUE,1,2026-08-11 19:24:32.944 -0700
AEN,1038216,HUSTLE & TOW,12,FALSE,1B,1,TRUE,8,2021-07-21,2021-08-11,TRUE,1,2026-08-11 19:24:32.944 -0700
AEN,1038216,HUSTLE & TOW,12,FALSE,1,1,FALSE,12,2021-04-20,2021-05-25,FALSE,1,2026-08-11 19:24:32.944 -0700
AEN,328746,INTERVENTION SPECIAL,20,FALSE,25,25,FALSE,1,2024-06-10,2024-06-10,TRUE,1,2026-08-11 19:24:32.944 -0700
AEN,328746,INTERVENTION SPECIAL,20,FALSE,15,15,FALSE,1,2015-03-22,2015-03-22,FALSE,1,2026-08-11 19:24:32.944 -0700
AEN,328746,INTERVENTION SPECIAL,20,FALSE,1,1,FALSE,1,2009-09-28,2009-09-28,FALSE,1,2026-08-11 19:24:32.944 -0700
VICE,434157,UNTITLED ACTION SHOW,20,FALSE,1,1,FALSE,59,2017-10-23,2018-02-15,TRUE,1,2026-08-11 19:24:32.944 -0700
AEN,375047,DUCK DYNASTY MOTHERS DAY,24,FALSE,5,5,FALSE,9,2014-05-11,2014-05-11,TRUE,1,2026-08-11 19:24:32.944 -0700
HIST,302439,ANCIENT DISCOVERIES,19,FALSE,4,4,FALSE,3,2009-11-05,2009-12-04,TRUE,1,2026-08-11 19:24:32.944 -0700
HIST,302439,ANCIENT DISCOVERIES,19,FALSE,3,3,FALSE,7,2008-10-23,2008-12-15,FALSE,1,2026-08-11 19:24:32.944 -0700
HIST,302439,ANCIENT DISCOVERIES,19,FALSE,2,2,FALSE,6,2008-01-28,2008-03-10,FALSE,1,2026-08-11 19:24:32.944 -0700
LIF,313773,TOP THIS PARTY,14,FALSE,1,1,FALSE,12,2008-01-04,2008-02-08,TRUE,1,2026-08-11 19:24:32.944 -0700
AEN,1023553,ALASKA 911,10,FALSE,2020,2020,FALSE,1,2020-09-27,2020-09-27,TRUE,1,2026-08-11 19:24:32.944 -0700
VICE,408237,DEAD SET ON LIFE,16,FALSE,3,3,FALSE,8,2017-04-06,2017-06-01,TRUE,1,2026-08-11 19:24:32.944 -0700
VICE,408237,DEAD SET ON LIFE,16,FALSE,2,2,FALSE,8,2016-10-27,2016-12-22,FALSE,1,2026-08-11 19:24:32.944 -0700
AEN,385427,CRITICS CHOICE RED CARPET,25,TRUE,2016,2016,FALSE,2,2016-01-17,2016-12-11,TRUE,1,2026-08-11 19:24:32.944 -0700
AEN,385427,CRITICS CHOICE RED CARPET,25,TRUE,2015,2015,FALSE,1,2015-05-31,2015-05-31,FALSE,1,2026-08-11 19:24:32.944 -0700
AEN,1032203,NATURE GONE WILD,16,FALSE,1,1,FALSE,12,2021-01-06,2021-02-10,TRUE,1,2026-08-11 19:24:32.944 -0700
LMN,381195,I SURVIVED LMN,14,FALSE,10,10,FALSE,3,2014-12-12,2014-12-26,TRUE,1,2026-08-11 19:24:32.944 -0700
HIST,1099482,BEYOND OAK ISLAND SPECIAL,25,TRUE,3,3,FALSE,1,2022-10-04,2022-10-04,TRUE,1,2026-08-11 19:24:32.944 -0700
LIF,384494,BAMA STATE STYLE,16,FALSE,1,1,FALSE,4,2015-04-17,2015-05-08,TRUE,1,2026-08-11 19:24:32.944 -0700
LIF,313772,MATCHED IN MANHATTAN,20,FALSE,1,1,FALSE,7,2008-01-04,2008-02-14,TRUE,1,2026-08-11 19:24:32.944 -0700
HIST,371945,CURSE OF OAK ISLAND,19,FALSE,13,13,FALSE,25,2025-11-04,2026-05-05,TRUE,1,2026-08-11 19:24:32.944 -0700
HIST,371945,CURSE OF OAK ISLAND,19,FALSE,12,12,FALSE,25,2024-11-12,2025-05-20,FALSE,1,2026-08-11 19:24:32.944 -0700
HIST,371945,CURSE OF OAK ISLAND,19,FALSE,11,11,FALSE,25,2023-11-07,2024-04-30,FALSE,1,2026-08-11 19:24:32.944 -0700
HIST,371945,CURSE OF OAK ISLAND,19,FALSE,10,10,FALSE,25,2022-11-15,2023-05-16,FALSE,1,2026-08-11 19:24:32.944 -0700
HIST,371945,CURSE OF OAK ISLAND,19,FALSE,9,9,FALSE,25,2021-11-02,2022-05-03,FALSE,1,2026-08-11 19:24:32.944 -0700
HIST,371945,CURSE OF OAK ISLAND,19,FALSE,8,8,FALSE,25,2020-11-10,2021-05-04,FALSE,1,2026-08-11 19:24:32.944 -0700
HIST,371945,CURSE OF OAK ISLAND,19,FALSE,7,7,FALSE,23,2019-11-05,2020-04-28,FALSE,1,2026-08-11 19:24:32.944 -0700
HIST,371945,CURSE OF OAK ISLAND,19,FALSE,6,6,FALSE,22,2018-11-13,2019-04-30,FALSE,1,2026-08-11 19:24:32.944 -0700
HIST,371945,CURSE OF OAK ISLAND,19,FALSE,5,5,FALSE,16,2017-11-07,2018-03-06,FALSE,1,2026-08-11 19:24:32.944 -0700
HIST,371945,CURSE OF OAK ISLAND,19,FALSE,4,4,FALSE,15,2016-11-15,2017-02-21,FALSE,1,2026-08-11 19:24:32.944 -0700
HIST,371945,CURSE OF OAK ISLAND,19,FALSE,3,3,FALSE,13,2015-11-10,2016-02-02,FALSE,1,2026-08-11 19:24:32.944 -0700
HIST,371945,CURSE OF OAK ISLAND,19,FALSE,2,2,FALSE,10,2014-11-04,2015-01-13,FALSE,1,2026-08-11 19:24:32.944 -0700
HIST,371945,CURSE OF OAK ISLAND,19,FALSE,1,1,FALSE,5,2014-01-05,2014-02-09,FALSE,1,2026-08-11 19:24:32.944 -0700
VICE,456358,JASPER & ERROL FIRST TIME,25,TRUE,1,1,FALSE,10,2019-06-11,2019-08-20,TRUE,1,2026-08-11 19:24:32.944 -0700
AEN,383595,"RETURNED, THE",13,FALSE,1,1,FALSE,10,2015-03-09,2015-05-11,TRUE,1,2026-08-11 19:24:32.944 -0700
LIF,428561,SO SHARP,8,FALSE,1,1,FALSE,10,2017-07-26,2017-09-19,TRUE,1,2026-08-11 19:24:32.944 -0700
LIF,1005909,MAFS: AUS FIRST LOOK,20,FALSE,7,7,FALSE,5,2020-05-27,2020-10-01,TRUE,1,2026-08-11 19:24:32.944 -0700
VICE,1231934,MAJOR LEAGUE VOLLEYBALL,23,FALSE,1,1,FALSE,10,2026-02-01,2026-05-03,TRUE,1,2026-08-11 19:24:32.944 -0700
HIST,386095,ALONE,5,FALSE,13,13,FALSE,8,2026-06-17,2026-08-05,TRUE,1,2026-08-11 19:24:32.944 -0700
HIST,386095,ALONE,5,FALSE,12,12,FALSE,10,2025-06-12,2025-08-21,FALSE,1,2026-08-11 19:24:32.944 -0700
HIST,386095,ALONE,5,FALSE,11,11,FALSE,12,2024-06-13,2024-08-29,FALSE,1,2026-08-11 19:24:32.944 -0700
HIST,386095,ALONE,5,FALSE,10,10,FALSE,11,2023-06-08,2023-08-17,FALSE,1,2026-08-11 19:24:32.944 -0700
HIST,386095,ALONE,5,FALSE,9,9,FALSE,11,2022-05-26,2022-08-04,FALSE,1,2026-08-11 19:24:32.944 -0700
HIST,386095,ALONE,5,FALSE,8,8,FALSE,11,2021-06-03,2021-08-19,FALSE,1,2026-08-11 19:24:32.944 -0700
HIST,386095,ALONE,5,FALSE,7,7,FALSE,11,2020-06-11,2020-08-20,FALSE,1,2026-08-11 19:24:32.944 -0700
HIST,386095,ALONE,5,FALSE,6,6,FALSE,11,2019-06-06,2019-08-22,FALSE,1,2026-08-11 19:24:32.944 -0700
HIST,386095,ALONE,5,FALSE,5,5,FALSE,10,2018-06-14,2018-08-16,FALSE,1,2026-08-11 19:24:32.944 -0700
HIST,386095,ALONE,5,FALSE,4,4,FALSE,10,2017-06-15,2017-08-17,FALSE,1,2026-08-11 19:24:32.944 -0700
HIST,386095,ALONE,5,FALSE,3,3,FALSE,10,2016-12-08,2017-02-09,FALSE,1,2026-08-11 19:24:32.944 -0700
HIST,386095,ALONE,5,FALSE,2,2,FALSE,13,2016-04-21,2016-07-14,FALSE,1,2026-08-11 19:24:32.944 -0700
HIST,386095,ALONE,5,FALSE,1,1,FALSE,10,2015-06-18,2015-08-20,FALSE,1,2026-08-11 19:24:32.944 -0700
HIST,309672,ICE ROAD TRUCKERS,17,FALSE,12,12,FALSE,8,2025-10-01,2025-11-19,TRUE,1,2026-08-11 19:24:32.944 -0700
HIST,309672,ICE ROAD TRUCKERS,17,FALSE,11,11,FALSE,10,2017-08-24,2017-11-09,FALSE,1,2026-08-11 19:24:32.944 -0700
HIST,309672,ICE ROAD TRUCKERS,17,FALSE,10,10,FALSE,10,2016-08-04,2016-10-06,FALSE,1,2026-08-11 19:24:32.944 -0700
HIST,309672,ICE ROAD TRUCKERS,17,FALSE,9,9,FALSE,10,2015-08-02,2015-10-18,FALSE,1,2026-08-11 19:24:32.944 -0700
HIST,309672,ICE ROAD TRUCKERS,17,FALSE,8,8,FALSE,12,2014-07-07,2014-09-28,FALSE,1,2026-08-11 19:24:32.944 -0700
HIST,309672,ICE ROAD TRUCKERS,17,FALSE,7,7,FALSE,12,2013-06-09,2013-08-25,FALSE,1,2026-08-11 19:24:32.944 -0700
HIST,309672,ICE ROAD TRUCKERS,17,FALSE,6,6,FALSE,16,2012-06-03,2012-09-23,FALSE,1,2026-08-11 19:24:32.944 -0700
HIST,309672,ICE ROAD TRUCKERS,17,FALSE,5,5,FALSE,15,2011-06-05,2011-09-25,FALSE,1,2026-08-11 19:24:32.944 -0700
HIST,309672,ICE ROAD TRUCKERS,17,FALSE,4,4,FALSE,16,2010-06-06,2010-10-03,FALSE,1,2026-08-11 19:24:32.944 -0700
HIST,309672,ICE ROAD TRUCKERS,17,FALSE,3,3,FALSE,13,2009-05-31,2009-08-23,FALSE,1,2026-08-11 19:24:32.944 -0700
HIST,309672,ICE ROAD TRUCKERS,17,FALSE,2,2,FALSE,13,2008-06-08,2008-09-07,FALSE,1,2026-08-11 19:24:32.944 -0700
HIST,309672,ICE ROAD TRUCKERS,17,FALSE,1,1,FALSE,8,2007-07-01,2007-08-19,FALSE,1,2026-08-11 19:24:32.944 -0700
LIF,1205461,CONFESSIONS OF OCTOMOM,22,FALSE,1,1,FALSE,6,2025-03-10,2025-04-14,TRUE,1,2026-08-11 19:24:32.944 -0700
LMN,379784,WHAT THE KILLER SAW,19,FALSE,1,1,FALSE,1,2014-10-29,2014-10-29,TRUE,1,2026-08-11 19:24:32.944 -0700
HIST,385294,TEXAS RISING,12,FALSE,1,1,FALSE,5,2015-05-25,2015-06-15,TRUE,1,2026-08-11 19:24:32.944 -0700
VICE,1206653,"GRUDGE, THE",11,FALSE,1,1,FALSE,12,2025-03-26,2025-06-11,TRUE,1,2026-08-11 19:24:32.944 -0700
HIST,1243612,MODERN MARVELS: WWII,20,FALSE,1,1,FALSE,3,2026-07-27,2026-08-03,TRUE,1,2026-08-11 19:24:32.944 -0700
HIST,328486,MYSTERYQUEST,12,FALSE,1,1,FALSE,9,2009-09-16,2009-12-02,TRUE,1,2026-08-11 19:24:32.944 -0700
LMN,401082,GHOST INSDE CHILD SPECIAL,25,TRUE,2,2,FALSE,1,2016-03-21,2016-03-21,TRUE,1,2026-08-11 19:24:32.944 -0700
HIST,384406,RIVERMEN,8,FALSE,1,1,FALSE,3,2015-04-13,2015-04-27,TRUE,1,2026-08-11 19:24:32.944 -0700
VICE,400428,VICELAND MOVIE,14,FALSE,2021,2021,FALSE,1,2021-01-31,2021-01-31,TRUE,1,2026-08-11 19:24:32.944 -0700
HIST,1007325,COAST GUARD: MISSION CRIT,25,TRUE,1,1,FALSE,6,2020-06-20,2020-07-25,TRUE,1,2026-08-11 19:24:32.944 -0700
LIF,335586,ON ROAD AUSTIN & SANTINO,24,FALSE,1,1,FALSE,14,2010-07-29,2010-11-04,TRUE,1,2026-08-11 19:24:32.944 -0700
VICE,422234,JUNGLETOWN,10,FALSE,1,1,FALSE,10,2017-03-28,2017-05-30,TRUE,1,2026-08-11 19:24:32.944 -0700
LMN,389875,"LAST GOODBYE, THE",17,FALSE,1,1,FALSE,12,2015-08-22,2015-09-26,TRUE,1,2026-08-11 19:24:32.944 -0700
LIF,327886,MODELS OF THE RUNWAY,20,FALSE,2,2,FALSE,14,2010-01-14,2010-04-22,TRUE,1,2026-08-11 19:24:32.944 -0700
LIF,327886,MODELS OF THE RUNWAY,20,FALSE,1,1,FALSE,14,2009-08-20,2009-11-19,FALSE,1,2026-08-11 19:24:32.944 -0700
HIST,1159188,MOUNTAIN MEN: ALASKA,20,FALSE,1,1,FALSE,8,2023-11-09,2023-12-28,TRUE,1,2026-08-11 19:24:32.944 -0700
AEN,371348,DUCK DYNASTY XMAS SPECIAL,25,TRUE,7,7,FALSE,1,2014-12-10,2014-12-10,TRUE,1,2026-08-11 19:24:32.944 -0700
AEN,371348,DUCK DYNASTY XMAS SPECIAL,25,TRUE,4,4,FALSE,1,2013-12-11,2013-12-11,FALSE,1,2026-08-11 19:24:32.944 -0700
LMN,368062,KILLER KIDS,11,FALSE,4,4,FALSE,13,2014-12-10,2015-03-25,TRUE,1,2026-08-11 19:24:32.944 -0700
LMN,368062,KILLER KIDS,11,FALSE,3,3,FALSE,22,2014-04-21,2014-09-03,FALSE,1,2026-08-11 19:24:32.944 -0700
LMN,368062,KILLER KIDS,11,FALSE,2B,2,TRUE,5,2013-08-25,2013-09-22,FALSE,1,2026-08-11 19:24:32.944 -0700
AEN,453863,RUSTIC REMODEL,14,FALSE,1,1,FALSE,1,2019-03-23,2019-03-23,TRUE,1,2026-08-11 19:24:32.944 -0700
LMN,376908,MOMMYS LITTLE MURDERER,22,FALSE,1,1,FALSE,1,2014-07-16,2014-07-16,TRUE,1,2026-08-11 19:24:32.944 -0700
HIST,402831,IRON & FIRE,11,FALSE,1,1,FALSE,12,2016-04-05,2016-05-16,TRUE,1,2026-08-11 19:24:32.944 -0700
HIST,304884,DOGFIGHTS,9,FALSE,2,2,FALSE,7,2007-07-13,2007-08-30,TRUE,1,2026-08-11 19:24:32.944 -0700
FYI,435011,STOVE TOTS,10,FALSE,1,1,FALSE,13,2017-11-06,2018-01-29,TRUE,1,2026-08-11 19:24:32.944 -0700
LIF,307807,BLOOD TIES,10,FALSE,2,2,FALSE,8,2007-10-12,2007-11-30,TRUE,1,2026-08-11 19:24:32.944 -0700
HIST,365632,TOP SHOT ALL STARS,18,FALSE,1,1,FALSE,12,2013-05-29,2013-08-28,TRUE,1,2026-08-11 19:24:32.944 -0700
HIST,308723,CITIES OF THE UNDERWORLD,24,FALSE,4,4,FALSE,8,2021-09-07,2021-10-26,TRUE,1,2026-08-11 19:24:32.944 -0700
HIST,308723,CITIES OF THE UNDERWORLD,24,FALSE,3,3,FALSE,13,2008-10-26,2009-02-09,FALSE,1,2026-08-11 19:24:32.944 -0700
HIST,308723,CITIES OF THE UNDERWORLD,24,FALSE,2,2,FALSE,13,2008-01-28,2008-05-05,FALSE,1,2026-08-11 19:24:32.944 -0700
HIST,308723,CITIES OF THE UNDERWORLD,24,FALSE,1,1,FALSE,5,2007-06-25,2007-07-30,FALSE,1,2026-08-11 19:24:32.944 -0700
LIF,449048,MAFS: HONEYMOON ISLAND,22,FALSE,1,1,FALSE,8,2018-10-23,2018-12-11,TRUE,1,2026-08-11 19:24:32.944 -0700
LMN,385421,KBB: MAXIMUM SECURITY,21,FALSE,1,1,FALSE,1,2015-05-25,2015-05-25,TRUE,1,2026-08-11 19:24:32.944 -0700
LIF,202310,SATURDAY MOVIE I,16,FALSE,2012,2012,FALSE,1,2012-09-08,2012-09-08,TRUE,1,2026-08-11 19:24:32.944 -0700
AEN,378365,LOVE PRISON,11,FALSE,1B,1,TRUE,4,2014-09-27,2014-10-18,TRUE,1,2026-08-11 19:24:32.944 -0700
AEN,378365,LOVE PRISON,11,FALSE,1,1,FALSE,3,2014-09-08,2014-09-22,FALSE,1,2026-08-11 19:24:32.944 -0700
AEN,295262,CRISS ANGEL MINDFREAK,21,FALSE,6,6,FALSE,6,2010-08-04,2010-09-08,TRUE,1,2026-08-11 19:24:32.944 -0700
AEN,295262,CRISS ANGEL MINDFREAK,21,FALSE,5,5,FALSE,5,2009-08-12,2009-09-09,FALSE,1,2026-08-11 19:24:32.944 -0700
AEN,295262,CRISS ANGEL MINDFREAK,21,FALSE,4,4,FALSE,18,2008-07-23,2008-10-01,FALSE,1,2026-08-11 19:24:32.944 -0700
AEN,295262,CRISS ANGEL MINDFREAK,21,FALSE,3,3,FALSE,15,2007-06-26,2007-10-30,FALSE,1,2026-08-11 19:24:32.944 -0700
AEN,277851,SELL THIS HOUSE!,16,FALSE,2022,2022,FALSE,6,2022-01-08,2022-01-22,TRUE,1,2026-08-11 19:24:32.944 -0700
AEN,277851,SELL THIS HOUSE!,16,FALSE,2011,2011,FALSE,10,2011-03-19,2011-08-13,FALSE,1,2026-08-11 19:24:32.944 -0700
AEN,277851,SELL THIS HOUSE!,16,FALSE,2010,2010,FALSE,22,2010-04-03,2010-11-20,FALSE,1,2026-08-11 19:24:32.944 -0700
AEN,277851,SELL THIS HOUSE!,16,FALSE,2009,2009,FALSE,12,2009-04-25,2009-08-29,FALSE,1,2026-08-11 19:24:32.944 -0700
AEN,277851,SELL THIS HOUSE!,16,FALSE,2008,2008,FALSE,34,2008-01-05,2008-12-20,FALSE,1,2026-08-11 19:24:32.944 -0700
AEN,277851,SELL THIS HOUSE!,16,FALSE,2007,2007,FALSE,17,2007-07-21,2007-12-22,FALSE,1,2026-08-11 19:24:32.944 -0700
HIST,338825,TOP GEAR,8,FALSE,6,6,FALSE,10,2016-04-26,2016-06-28,TRUE,1,2026-08-11 19:24:32.944 -0700
HIST,338825,TOP GEAR,8,FALSE,5,5,FALSE,10,2014-06-03,2014-10-21,FALSE,1,2026-08-11 19:24:32.944 -0700
HIST,338825,TOP GEAR,8,FALSE,4,4,FALSE,10,2013-09-03,2013-11-26,FALSE,1,2026-08-11 19:24:32.944 -0700
HIST,338825,TOP GEAR,8,FALSE,3,3,FALSE,16,2012-08-14,2013-04-02,FALSE,1,2026-08-11 19:24:32.944 -0700
HIST,338825,TOP GEAR,8,FALSE,2,2,FALSE,16,2011-07-24,2012-04-03,FALSE,1,2026-08-11 19:24:32.944 -0700
HIST,338825,TOP GEAR,8,FALSE,1,1,FALSE,10,2010-11-21,2011-01-23,FALSE,1,2026-08-11 19:24:32.944 -0700
VICE,1039342,CRIMINAL PLANET,15,FALSE,1,1,FALSE,7,2021-05-11,2021-06-29,TRUE,1,2026-08-11 19:24:32.944 -0700
LMN,403075,DOCTOR FOSTER,13,FALSE,2,2,FALSE,6,2018-03-18,2018-09-14,TRUE,2,2026-08-11 19:24:32.944 -0700
AEN,201245,BIOGRAPHY,9,FALSE,2024,2024,FALSE,5,2024-06-16,2024-06-30,TRUE,1,2026-08-11 19:24:32.944 -0700
AEN,201245,BIOGRAPHY,9,FALSE,2022,2022,FALSE,4,2022-05-30,2022-05-31,FALSE,1,2026-08-11 19:24:32.944 -0700
AEN,201245,BIOGRAPHY,9,FALSE,2021,2021,FALSE,2,2021-06-27,2021-06-28,FALSE,1,2026-08-11 19:24:32.944 -0700
AEN,201245,BIOGRAPHY,9,FALSE,1,1,FALSE,8,2021-04-18,2021-06-06,FALSE,1,2026-08-11 19:24:32.944 -0700
AEN,201245,BIOGRAPHY,9,FALSE,2020,2020,FALSE,4,2020-04-12,2020-09-08,FALSE,1,2026-08-11 19:24:32.944 -0700
AEN,201245,BIOGRAPHY,9,FALSE,2019,2019,FALSE,7,2019-05-27,2019-12-03,FALSE,1,2026-08-11 19:24:32.944 -0700
VICE,1004164,SEAT AT THE TABLE,17,FALSE,1,1,FALSE,8,2020-04-22,2020-06-10,TRUE,1,2026-08-11 19:24:32.944 -0700
AEN,392971,STORAGE WARS MIAMI,18,FALSE,1,1,FALSE,10,2015-10-06,2015-11-24,TRUE,1,2026-08-11 19:24:32.944 -0700
FYI,398625,ZOMBIE HOUSE FLIPPING,21,FALSE,2B,2,TRUE,3,2017-10-14,2017-10-28,TRUE,2,2026-08-11 19:24:32.944 -0700
FYI,398625,ZOMBIE HOUSE FLIPPING,21,FALSE,2,2,FALSE,9,2017-06-10,2017-08-05,FALSE,2,2026-08-11 19:24:32.944 -0700
FYI,398625,ZOMBIE HOUSE FLIPPING,21,FALSE,1,1,FALSE,8,2016-01-30,2016-03-19,FALSE,2,2026-08-11 19:24:32.944 -0700
VICE,430411,FTD CLASSICS,12,FALSE,3,3,FALSE,5,2017-10-19,2017-11-16,TRUE,1,2026-08-11 19:24:32.944 -0700
VICE,430411,FTD CLASSICS,12,FALSE,2,2,FALSE,5,2017-08-24,2017-09-21,FALSE,1,2026-08-11 19:24:32.944 -0700
LIF,242290,SUNDAY MOVIE IV,15,FALSE,2015,2015,FALSE,3,2015-04-05,2015-05-31,TRUE,1,2026-08-11 19:24:32.944 -0700
LIF,242290,SUNDAY MOVIE IV,15,FALSE,2014,2014,FALSE,1,2014-11-23,2014-11-23,FALSE,1,2026-08-11 19:24:32.944 -0700
LIF,242290,SUNDAY MOVIE IV,15,FALSE,2012,2012,FALSE,1,2012-01-22,2012-01-22,FALSE,1,2026-08-11 19:24:32.944 -0700
AEN,1240540,UFC RIVALS,10,FALSE,1,1,FALSE,2,2026-06-21,2026-06-21,TRUE,1,2026-08-11 19:24:32.944 -0700
AEN,427931,AKIL THE FUGITIVE HUNTER,24,FALSE,1,1,FALSE,4,2017-07-13,2017-07-20,TRUE,1,2026-08-11 19:24:32.944 -0700
LMN,376874,MOTIVE FOR MURDER,17,FALSE,1,1,FALSE,1,2014-07-14,2014-07-14,TRUE,1,2026-08-11 19:24:32.944 -0700
HIST,314925,UFO HUNTERS,11,FALSE,3,3,FALSE,12,2009-03-18,2009-10-29,TRUE,1,2026-08-11 19:24:32.944 -0700
HIST,314925,UFO HUNTERS,11,FALSE,2,2,FALSE,13,2008-10-29,2009-02-25,FALSE,1,2026-08-11 19:24:32.944 -0700
HIST,314925,UFO HUNTERS,11,FALSE,1,1,FALSE,13,2008-01-30,2008-05-07,FALSE,1,2026-08-11 19:24:32.944 -0700
LIF,383189,KOSHER SOUL,11,FALSE,1,1,FALSE,12,2015-02-25,2015-04-03,TRUE,1,2026-08-11 19:24:32.944 -0700
AEN,1027481,FIRST 48 CRITICAL MINUTES,25,TRUE,3E,3,TRUE,1,2025-08-07,2025-08-07,TRUE,2,2026-08-11 19:24:32.944 -0700
AEN,1027481,FIRST 48 CRITICAL MINUTES,25,TRUE,3D,3,TRUE,9,2025-04-10,2025-06-05,FALSE,2,2026-08-11 19:24:32.944 -0700
AEN,1027481,FIRST 48 CRITICAL MINUTES,25,TRUE,3C,3,TRUE,3,2024-12-12,2024-12-26,FALSE,2,2026-08-11 19:24:32.944 -0700
AEN,1027481,FIRST 48 CRITICAL MINUTES,25,TRUE,3B,3,TRUE,2,2024-08-08,2024-08-15,FALSE,2,2026-08-11 19:24:32.944 -0700
AEN,1027481,FIRST 48 CRITICAL MINUTES,25,TRUE,3,3,FALSE,8,2024-02-29,2024-05-02,FALSE,2,2026-08-11 19:24:32.944 -0700
AEN,1027481,FIRST 48 CRITICAL MINUTES,25,TRUE,2C,2,TRUE,4,2023-08-24,2023-09-14,FALSE,2,2026-08-11 19:24:32.944 -0700
AEN,1027481,FIRST 48 CRITICAL MINUTES,25,TRUE,2B,2,TRUE,3,2023-05-04,2023-05-18,FALSE,2,2026-08-11 19:24:32.944 -0700
AEN,1027481,FIRST 48 CRITICAL MINUTES,25,TRUE,2,2,FALSE,4,2022-12-15,2023-01-05,FALSE,2,2026-08-11 19:24:32.944 -0700
AEN,1027481,FIRST 48 CRITICAL MINUTES,25,TRUE,1B,1,TRUE,4,2021-04-28,2021-06-17,FALSE,2,2026-08-11 19:24:32.944 -0700
AEN,1027481,FIRST 48 CRITICAL MINUTES,25,TRUE,1,1,FALSE,16,2020-11-05,2021-02-25,FALSE,2,2026-08-11 19:24:32.944 -0700
AEN,377578,CEMENT HEADS,12,FALSE,1B,1,TRUE,7,2014-09-06,2014-09-20,TRUE,1,2026-08-11 19:24:32.944 -0700
AEN,377578,CEMENT HEADS,12,FALSE,1,1,FALSE,3,2014-08-12,2014-08-26,FALSE,1,2026-08-11 19:24:32.944 -0700
AEN,1029545,BEYOND BREATHLESS,17,FALSE,2020,2020,FALSE,1,2020-12-05,2020-12-05,TRUE,1,2026-08-11 19:24:32.944 -0700
HIST,309877,BONEYARD,8,FALSE,1,1,FALSE,13,2007-06-28,2007-09-27,TRUE,1,2026-08-11 19:24:32.944 -0700
HIST,312413,GANGLAND,8,FALSE,6,6,FALSE,6,2010-08-06,2010-09-24,TRUE,1,2026-08-11 19:24:32.944 -0700
HIST,312413,GANGLAND,8,FALSE,5,5,FALSE,15,2010-01-15,2010-07-09,FALSE,1,2026-08-11 19:24:32.944 -0700
HIST,312413,GANGLAND,8,FALSE,4,4,FALSE,29,2009-02-05,2009-12-17,FALSE,1,2026-08-11 19:24:32.944 -0700
HIST,312413,GANGLAND,8,FALSE,3,3,FALSE,12,2008-09-12,2008-12-04,FALSE,1,2026-08-11 19:24:32.944 -0700
HIST,312413,GANGLAND,8,FALSE,2,2,FALSE,11,2008-03-13,2008-06-12,FALSE,1,2026-08-11 19:24:32.944 -0700
HIST,312413,GANGLAND,8,FALSE,1,1,FALSE,13,2007-11-01,2008-01-31,FALSE,1,2026-08-11 19:24:32.944 -0700
LIF,418447,SEVEN YEAR SWITCH,17,FALSE,3,3,FALSE,10,2018-07-17,2018-09-18,TRUE,2,2026-08-11 19:24:32.944 -0700
AEN,309651,CONFESSIONS OF A MATCHMAK,25,TRUE,1,1,FALSE,9,2007-06-30,2007-08-26,TRUE,1,2026-08-11 19:24:32.944 -0700
AEN,459038,DAY I PICKED MY PARENTS,23,FALSE,1,1,FALSE,5,2019-09-08,2019-09-08,TRUE,1,2026-08-11 19:24:32.944 -0700
LIF,341167,ONE BORN EVERY MINUTE,21,FALSE,2,2,FALSE,6,2011-11-29,2012-01-03,TRUE,1,2026-08-11 19:24:32.944 -0700
LIF,341167,ONE BORN EVERY MINUTE,21,FALSE,1,1,FALSE,8,2011-02-01,2011-03-29,FALSE,1,2026-08-11 19:24:32.944 -0700
LIF,452689,MY GREAT BIG LIVE WEDDING,25,TRUE,1,1,FALSE,8,2019-02-05,2019-07-12,TRUE,1,2026-08-11 19:24:32.944 -0700
LIF,374649,TRUE TORI,9,FALSE,2,2,FALSE,8,2014-10-21,2014-12-09,TRUE,1,2026-08-11 19:24:32.944 -0700
LIF,374649,TRUE TORI,9,FALSE,1,1,FALSE,6,2014-04-22,2014-05-27,FALSE,1,2026-08-11 19:24:32.944 -0700
LMN,373991,THOSE WHO KILL,14,FALSE,1,1,FALSE,8,2014-03-30,2014-05-18,TRUE,2,2026-08-11 19:24:32.944 -0700
AEN,1089561,FIRST BLOOD,11,FALSE,1B,1,TRUE,3,2022-08-30,2022-08-30,TRUE,1,2026-08-11 19:24:32.944 -0700
AEN,1089561,FIRST BLOOD,11,FALSE,1,1,FALSE,7,2022-06-25,2022-08-13,FALSE,1,2026-08-11 19:24:32.944 -0700
HIST,302440,LOST WORLDS,11,FALSE,2,2,FALSE,19,2007-08-01,2007-12-05,TRUE,1,2026-08-11 19:24:32.944 -0700
HIST,381653,REVELATION: END OF DAYS,23,FALSE,1,1,FALSE,2,2014-12-29,2014-12-30,TRUE,1,2026-08-11 19:24:32.944 -0700
HIST,1186284,AMERICAN GODFATHERS: FIVE,25,TRUE,1,1,FALSE,3,2024-08-11,2024-08-13,TRUE,1,2026-08-11 19:24:32.944 -0700
LIF,377056,BAPS,4,FALSE,1,1,FALSE,3,2014-07-23,2014-08-06,TRUE,1,2026-08-11 19:24:32.944 -0700
HIST,1057736,SEMA LAUNCH PAD,15,FALSE,2023,2023,FALSE,1,2023-04-15,2023-04-15,TRUE,2,2026-08-11 19:24:32.944 -0700
AEN,1217080,"MOTHER FLIP, THE",16,FALSE,1,1,FALSE,10,2025-08-16,2025-09-27,TRUE,1,2026-08-11 19:24:32.944 -0700
HIST,384399,HANGAR 1: HISTORY,17,FALSE,2,2,FALSE,12,2015-04-10,2015-06-26,TRUE,1,2026-08-11 19:24:32.944 -0700
AEN,422646,DUCK DYNASTY SPECIALS,21,FALSE,11,11,FALSE,1,2017-04-05,2017-04-05,TRUE,1,2026-08-11 19:24:32.944 -0700
VICE,1002775,VICE VERSA,10,FALSE,2021,2021,FALSE,5,2021-06-02,2021-07-28,TRUE,1,2026-08-11 19:24:32.944 -0700
VICE,1002775,VICE VERSA,10,FALSE,2020,2020,FALSE,4,2020-03-10,2020-09-21,FALSE,1,2026-08-11 19:24:32.944 -0700
VICE,453241,VICE LIVE,9,FALSE,2019,2019,FALSE,28,2019-02-25,2019-04-11,TRUE,1,2026-08-11 19:24:32.944 -0700
HIST,369840,AMERICAN DAREDEVILS,19,FALSE,1B,1,TRUE,6,2014-01-08,2014-01-08,TRUE,1,2026-08-11 19:24:32.944 -0700
HIST,369840,AMERICAN DAREDEVILS,19,FALSE,1,1,FALSE,10,2013-10-22,2013-11-19,FALSE,1,2026-08-11 19:24:32.944 -0700
HIST,397983,LIVE TO TELL,12,FALSE,1,1,FALSE,4,2016-01-10,2016-01-31,TRUE,1,2026-08-11 19:24:32.944 -0700
HIST,460915,KINGS OF PAIN,13,FALSE,2,2,FALSE,10,2022-05-26,2022-09-17,TRUE,1,2026-08-11 19:24:32.944 -0700
HIST,460915,KINGS OF PAIN,13,FALSE,1,1,FALSE,8,2019-11-12,2020-01-14,FALSE,1,2026-08-11 19:24:32.944 -0700
HIST,1026626,BARRETT JACKSON LIVE,20,FALSE,2026C,2026,TRUE,4,2026-06-27,2026-06-27,TRUE,2,2026-08-11 19:24:32.944 -0700
HIST,1026626,BARRETT JACKSON LIVE,20,FALSE,2026B,2026,TRUE,4,2026-04-18,2026-04-18,FALSE,2,2026-08-11 19:24:32.944 -0700
HIST,1026626,BARRETT JACKSON LIVE,20,FALSE,2026,2026,FALSE,6,2026-01-23,2026-01-24,FALSE,2,2026-08-11 19:24:32.944 -0700
HIST,1026626,BARRETT JACKSON LIVE,20,FALSE,2025C,2025,TRUE,3,2025-10-18,2025-10-18,FALSE,2,2026-08-11 19:24:32.944 -0700
HIST,1026626,BARRETT JACKSON LIVE,20,FALSE,2025B,2025,TRUE,4,2025-04-26,2025-04-26,FALSE,2,2026-08-11 19:24:32.944 -0700
HIST,1026626,BARRETT JACKSON LIVE,20,FALSE,2025,2025,FALSE,6,2025-01-24,2025-01-25,FALSE,2,2026-08-11 19:24:32.944 -0700
HIST,1026626,BARRETT JACKSON LIVE,20,FALSE,2024C,2024,TRUE,3,2024-10-12,2024-10-12,FALSE,2,2026-08-11 19:24:32.944 -0700
HIST,1026626,BARRETT JACKSON LIVE,20,FALSE,2024B,2024,TRUE,4,2024-04-20,2024-04-20,FALSE,2,2026-08-11 19:24:32.944 -0700
HIST,1026626,BARRETT JACKSON LIVE,20,FALSE,2024,2024,FALSE,5,2024-01-26,2024-01-27,FALSE,2,2026-08-11 19:24:32.944 -0700
HIST,1026626,BARRETT JACKSON LIVE,20,FALSE,2023D,2023,TRUE,3,2023-09-30,2023-09-30,FALSE,2,2026-08-11 19:24:32.944 -0700
HIST,1026626,BARRETT JACKSON LIVE,20,FALSE,2023C,2023,TRUE,3,2023-06-24,2023-06-24,FALSE,2,2026-08-11 19:24:32.944 -0700
HIST,1026626,BARRETT JACKSON LIVE,20,FALSE,2023B,2023,TRUE,4,2023-04-15,2023-04-15,FALSE,2,2026-08-11 19:24:32.944 -0700
HIST,1026626,BARRETT JACKSON LIVE,20,FALSE,2023,2023,FALSE,5,2023-01-27,2023-01-28,FALSE,2,2026-08-11 19:24:32.944 -0700
HIST,1026626,BARRETT JACKSON LIVE,20,FALSE,2022D,2022,TRUE,3,2022-10-22,2022-10-22,FALSE,2,2026-08-11 19:24:32.944 -0700
HIST,1026626,BARRETT JACKSON LIVE,20,FALSE,2022C,2022,TRUE,3,2022-07-02,2022-07-02,FALSE,2,2026-08-11 19:24:32.944 -0700
HIST,1026626,BARRETT JACKSON LIVE,20,FALSE,2022B,2022,TRUE,4,2022-04-09,2022-04-09,FALSE,2,2026-08-11 19:24:32.944 -0700
HIST,1026626,BARRETT JACKSON LIVE,20,FALSE,2022,2022,FALSE,5,2022-01-28,2022-01-29,FALSE,2,2026-08-11 19:24:32.944 -0700
HIST,1026626,BARRETT JACKSON LIVE,20,FALSE,2021 C,2021,TRUE,3,2021-09-18,2021-09-18,FALSE,2,2026-08-11 19:24:32.944 -0700
HIST,1026626,BARRETT JACKSON LIVE,20,FALSE,2021 B,2021,TRUE,2,2021-06-19,2021-06-19,FALSE,2,2026-08-11 19:24:32.944 -0700
HIST,1026626,BARRETT JACKSON LIVE,20,FALSE,2021,2021,FALSE,4,2021-03-26,2021-03-27,FALSE,2,2026-08-11 19:24:32.944 -0700
HIST,1026626,BARRETT JACKSON LIVE,20,FALSE,2020,2020,FALSE,4,2020-10-24,2020-10-24,FALSE,2,2026-08-11 19:24:32.944 -0700
AEN,362491,SOUTHIE RULES,13,FALSE,1,1,FALSE,11,2013-01-29,2013-03-02,TRUE,1,2026-08-11 19:24:32.944 -0700
HIST,354756,MOUNTAIN MEN,12,FALSE,14,14,FALSE,12,2025-09-03,2025-11-19,TRUE,1,2026-08-11 19:24:32.944 -0700
HIST,354756,MOUNTAIN MEN,12,FALSE,13,13,FALSE,12,2024-10-03,2024-12-26,FALSE,1,2026-08-11 19:24:32.944 -0700
HIST,354756,MOUNTAIN MEN,12,FALSE,12,12,FALSE,10,2023-08-24,2023-11-02,FALSE,1,2026-08-11 19:24:32.944 -0700
HIST,354756,MOUNTAIN MEN,12,FALSE,11,11,FALSE,13,2022-09-01,2022-12-08,FALSE,1,2026-08-11 19:24:32.944 -0700
HIST,354756,MOUNTAIN MEN,12,FALSE,10,10,FALSE,10,2021-06-03,2021-08-12,FALSE,1,2026-08-11 19:24:32.944 -0700
HIST,354756,MOUNTAIN MEN,12,FALSE,9B,9,TRUE,4,2021-01-07,2021-01-28,FALSE,1,2026-08-11 19:24:32.944 -0700
HIST,354756,MOUNTAIN MEN,12,FALSE,9,9,FALSE,12,2020-06-04,2020-08-13,FALSE,1,2026-08-11 19:24:32.944 -0700
HIST,354756,MOUNTAIN MEN,12,FALSE,8,8,FALSE,13,2019-06-06,2019-09-05,FALSE,1,2026-08-11 19:24:32.944 -0700
HIST,354756,MOUNTAIN MEN,12,FALSE,7,7,FALSE,16,2018-07-19,2018-11-01,FALSE,1,2026-08-11 19:24:32.944 -0700
HIST,354756,MOUNTAIN MEN,12,FALSE,6,6,FALSE,16,2017-06-08,2017-09-21,FALSE,1,2026-08-11 19:24:32.944 -0700
HIST,354756,MOUNTAIN MEN,12,FALSE,5,5,FALSE,16,2016-05-12,2016-09-15,FALSE,1,2026-08-11 19:24:32.944 -0700
HIST,354756,MOUNTAIN MEN,12,FALSE,4,4,FALSE,16,2015-06-18,2015-10-01,FALSE,1,2026-08-11 19:24:32.944 -0700
HIST,354756,MOUNTAIN MEN,12,FALSE,3,3,FALSE,15,2014-06-01,2014-09-14,FALSE,1,2026-08-11 19:24:32.944 -0700
HIST,354756,MOUNTAIN MEN,12,FALSE,2,2,FALSE,16,2013-06-09,2013-09-29,FALSE,1,2026-08-11 19:24:32.944 -0700
HIST,354756,MOUNTAIN MEN,12,FALSE,1,1,FALSE,8,2012-05-31,2012-07-19,FALSE,1,2026-08-11 19:24:32.944 -0700
FYI,385895,ARRANGED SPECIAL,16,FALSE,1,1,FALSE,2,2015-06-09,2015-06-23,TRUE,1,2026-08-11 19:24:32.944 -0700
HIST,388709,COUNTING CARS: BEST OF,22,FALSE,2,2,FALSE,6,2016-03-01,2016-04-05,TRUE,1,2026-08-11 19:24:32.944 -0700
HIST,388709,COUNTING CARS: BEST OF,22,FALSE,1,1,FALSE,5,2015-07-28,2015-09-22,FALSE,1,2026-08-11 19:24:32.944 -0700
AEN,1203116,WWES GREATEST MOMENTS,21,FALSE,3,3,FALSE,28,2026-04-26,2026-07-26,TRUE,1,2026-08-11 19:24:32.944 -0700
AEN,1203116,WWES GREATEST MOMENTS,21,FALSE,2,2,FALSE,17,2025-08-10,2025-10-05,FALSE,1,2026-08-11 19:24:32.944 -0700
AEN,1203116,WWES GREATEST MOMENTS,21,FALSE,1,1,FALSE,13,2025-02-16,2025-05-18,FALSE,1,2026-08-11 19:24:32.944 -0700
FYI,456546,HOLIDAY DREAM HOME,18,FALSE,1,1,FALSE,13,2019-06-20,2019-08-01,TRUE,1,2026-08-11 19:24:32.944 -0700
AEN,418651,HOARDERS FL,11,FALSE,9,9,FALSE,1,2017-01-09,2017-01-09,TRUE,1,2026-08-11 19:24:32.944 -0700
FYI,1220713,CAKE TOPPERS WF,15,FALSE,1,1,FALSE,10,2025-12-01,2026-02-02,TRUE,1,2026-08-11 19:24:32.944 -0700
HIST,415586,CURSE OF OAK ISLAND SPCLS,25,TRUE,11,11,FALSE,4,2023-10-10,2023-10-31,TRUE,1,2026-08-11 19:24:32.944 -0700
HIST,415586,CURSE OF OAK ISLAND SPCLS,25,TRUE,10,10,FALSE,9,2022-10-11,2023-05-23,FALSE,1,2026-08-11 19:24:32.944 -0700
HIST,415586,CURSE OF OAK ISLAND SPCLS,25,TRUE,9,9,FALSE,12,2021-10-05,2022-05-17,FALSE,1,2026-08-11 19:24:32.944 -0700
HIST,415586,CURSE OF OAK ISLAND SPCLS,25,TRUE,8,8,FALSE,8,2020-11-10,2021-05-18,FALSE,1,2026-08-11 19:24:32.944 -0700
HIST,415586,CURSE OF OAK ISLAND SPCLS,25,TRUE,7,7,FALSE,14,2019-10-08,2020-05-12,FALSE,1,2026-08-11 19:24:32.944 -0700
HIST,415586,CURSE OF OAK ISLAND SPCLS,25,TRUE,6,6,FALSE,6,2018-11-13,2019-05-07,FALSE,1,2026-08-11 19:24:32.944 -0700
HIST,415586,CURSE OF OAK ISLAND SPCLS,25,TRUE,5,5,FALSE,5,2017-11-07,2018-03-13,FALSE,1,2026-08-11 19:24:32.944 -0700
HIST,415586,CURSE OF OAK ISLAND SPCLS,25,TRUE,4,4,FALSE,2,2016-11-15,2017-02-28,FALSE,1,2026-08-11 19:24:32.944 -0700
AEN,453632,JOHN & YOKO,11,FALSE,2019,2019,FALSE,1,2019-03-11,2019-03-11,TRUE,1,2026-08-11 19:24:32.944 -0700
HIST,447519,EVIL GENIUS,11,FALSE,1,1,FALSE,8,2018-08-29,2018-09-05,TRUE,1,2026-08-11 19:24:32.944 -0700
FYI,395156,FOOD PORN SHORT,15,FALSE,2,2,FALSE,8,2016-03-24,2016-05-12,TRUE,1,2026-08-11 19:24:32.944 -0700
FYI,395156,FOOD PORN SHORT,15,FALSE,1,1,FALSE,2,2015-11-19,2015-12-01,FALSE,1,2026-08-11 19:24:32.944 -0700
AEN,1195055,EXTREME ROAD RAGERS,19,FALSE,1,1,FALSE,6,2024-11-12,2024-12-17,TRUE,2,2026-08-11 19:24:32.944 -0700
AEN,441268,DIVIDED STATES,14,FALSE,1,1,FALSE,4,2018-03-05,2018-03-12,TRUE,1,2026-08-11 19:24:32.944 -0700
LIF,430014,GROWING UP SUPERMODEL,21,FALSE,1,1,FALSE,9,2017-08-16,2017-09-20,TRUE,1,2026-08-11 19:24:32.944 -0700
VICE,400090,NOISEY,6,FALSE,2,2,FALSE,6,2017-01-10,2017-02-14,TRUE,1,2026-08-11 19:24:32.944 -0700
LIF,375743,HOARDERS SPECIAL,16,FALSE,2014,2014,FALSE,6,2014-06-02,2014-07-07,TRUE,1,2026-08-11 19:24:32.944 -0700
AEN,453486,"TOE BRO, THE",12,FALSE,1,1,FALSE,6,2019-03-05,2019-04-09,TRUE,1,2026-08-11 19:24:32.944 -0700
VICE,1179024,HELLS ANGELS: KINGDOM,21,FALSE,1,1,FALSE,6,2024-05-29,2024-07-03,TRUE,1,2026-08-11 19:24:32.944 -0700
HIST,374223,DOWN EAST DICKERING,19,FALSE,2,2,FALSE,8,2014-11-12,2015-01-21,TRUE,1,2026-08-11 19:24:32.944 -0700
HIST,374223,DOWN EAST DICKERING,19,FALSE,1,1,FALSE,8,2014-04-02,2014-05-21,FALSE,1,2026-08-11 19:24:32.944 -0700
VICE,1145477,ONE STAR REVIEWS,16,FALSE,1,1,FALSE,10,2023-06-19,2023-07-17,TRUE,1,2026-08-11 19:24:32.944 -0700
AEN,435805,WHO KILLED TUPAC,16,FALSE,1,1,FALSE,5,2017-11-21,2017-12-19,TRUE,1,2026-08-11 19:24:32.944 -0700
AEN,326060,TATTOO HIGHWAY,14,FALSE,1,1,FALSE,13,2009-05-27,2009-07-08,TRUE,1,2026-08-11 19:24:32.944 -0700
VICE,1203175,PITINO: RED STORM RISING,24,FALSE,1,1,FALSE,7,2025-02-11,2025-04-03,TRUE,1,2026-08-11 19:24:32.944 -0700
AEN,430205,MURDER LACI PETERSON FL,23,FALSE,1,1,FALSE,5,2017-08-21,2017-09-18,TRUE,1,2026-08-11 19:24:32.944 -0700
LIF,448650,13 SONS & PREGNANT,18,FALSE,2018,2018,FALSE,1,2018-10-02,2018-10-02,TRUE,1,2026-08-11 19:24:32.944 -0700
VICE,400092,BALLS DEEP,10,FALSE,2,2,FALSE,9,2016-10-27,2016-12-29,TRUE,1,2026-08-11 19:24:32.944 -0700
FYI,449718,STORYBOOKED,11,FALSE,1,1,FALSE,2,2018-11-08,2018-11-08,TRUE,1,2026-08-11 19:24:32.944 -0700
LIF,437555,MAFS: JAMIE/DOUG SPECIAL,24,FALSE,6,6,FALSE,1,2017-12-19,2017-12-19,TRUE,1,2026-08-11 19:24:32.944 -0700
HIST,399135,BILLION DOLLAR WRECK,20,FALSE,1,1,FALSE,9,2016-02-02,2016-04-04,TRUE,1,2026-08-11 19:24:32.944 -0700
HIST,457615,"UNXPLAINED, THE",15,FALSE,13,13,FALSE,12,2026-01-16,2026-07-31,TRUE,1,2026-08-11 19:24:32.944 -0700
HIST,457615,"UNXPLAINED, THE",15,FALSE,12,12,FALSE,4,2025-10-03,2025-10-31,FALSE,1,2026-08-11 19:24:32.944 -0700
HIST,457615,"UNXPLAINED, THE",15,FALSE,11,11,FALSE,8,2025-06-06,2025-08-01,FALSE,1,2026-08-11 19:24:32.944 -0700
HIST,457615,"UNXPLAINED, THE",15,FALSE,10,10,FALSE,6,2024-10-04,2024-11-08,FALSE,1,2026-08-11 19:24:32.944 -0700
HIST,457615,"UNXPLAINED, THE",15,FALSE,9,9,FALSE,10,2023-10-06,2023-12-22,FALSE,1,2026-08-11 19:24:32.944 -0700
HIST,457615,"UNXPLAINED, THE",15,FALSE,8,8,FALSE,10,2023-03-31,2023-06-16,FALSE,1,2026-08-11 19:24:32.944 -0700
HIST,457615,"UNXPLAINED, THE",15,FALSE,7,7,FALSE,10,2022-10-07,2022-12-16,FALSE,1,2026-08-11 19:24:32.944 -0700
HIST,457615,"UNXPLAINED, THE",15,FALSE,6,6,FALSE,12,2022-04-01,2022-06-24,FALSE,1,2026-08-11 19:24:32.944 -0700
HIST,457615,"UNXPLAINED, THE",15,FALSE,5,5,FALSE,7,2021-11-05,2021-12-17,FALSE,1,2026-08-11 19:24:32.944 -0700
HIST,457615,"UNXPLAINED, THE",15,FALSE,4,4,FALSE,12,2021-01-01,2021-04-16,FALSE,1,2026-08-11 19:24:32.944 -0700
HIST,457615,"UNXPLAINED, THE",15,FALSE,3,3,FALSE,6,2020-07-11,2020-08-15,FALSE,1,2026-08-11 19:24:32.944 -0700
HIST,457615,"UNXPLAINED, THE",15,FALSE,2,2,FALSE,8,2020-02-29,2020-04-25,FALSE,1,2026-08-11 19:24:32.944 -0700
HIST,457615,"UNXPLAINED, THE",15,FALSE,1,1,FALSE,8,2019-07-19,2019-09-06,FALSE,1,2026-08-11 19:24:32.944 -0700
AEN,1181270,GROUNDBREAKING: INNOVATN,24,FALSE,2024,2024,FALSE,1,2024-06-22,2024-06-22,TRUE,1,2026-08-11 19:24:32.944 -0700
VICE,1192803,SHANE SMITH HAS QUESTIONS,25,TRUE,1,1,FALSE,7,2024-10-17,2024-12-05,TRUE,1,2026-08-11 19:24:32.944 -0700
AEN,1190092,MY STRANGE ARREST SPECIAL,25,TRUE,3,3,FALSE,4,2025-08-20,2025-09-10,TRUE,1,2026-08-11 19:24:32.944 -0700
AEN,1190092,MY STRANGE ARREST SPECIAL,25,TRUE,2,2,FALSE,2,2024-09-18,2024-09-18,FALSE,1,2026-08-11 19:24:32.944 -0700
HIST,427710,AMERICAN RIPPER,15,FALSE,1,1,FALSE,8,2017-07-11,2017-08-29,TRUE,1,2026-08-11 19:24:32.944 -0700
LMN,373922,REINCARNATED:  PAST LIVES,25,TRUE,1,1,FALSE,3,2014-03-22,2014-04-05,TRUE,1,2026-08-11 19:24:32.944 -0700
AEN,1003464,WILLIE NELSON:AMRCN OUTLW,25,TRUE,2020,2020,FALSE,1,2020-04-12,2020-04-12,TRUE,1,2026-08-11 19:24:32.944 -0700
VICE,1130715,SEX BEFORE THE INTERNET,23,FALSE,2,2,FALSE,8,2024-01-23,2024-03-12,TRUE,1,2026-08-11 19:24:32.944 -0700
VICE,1130715,SEX BEFORE THE INTERNET,23,FALSE,1,1,FALSE,8,2023-01-10,2023-02-28,FALSE,1,2026-08-11 19:24:32.944 -0700
LIF,356319,ROAD TO THE RUNWAY,18,FALSE,16,16,FALSE,1,2017-08-10,2017-08-10,TRUE,1,2026-08-11 19:24:32.944 -0700
LIF,356319,ROAD TO THE RUNWAY,18,FALSE,15,15,FALSE,1,2016-09-15,2016-09-15,FALSE,1,2026-08-11 19:24:32.944 -0700
LIF,356319,ROAD TO THE RUNWAY,18,FALSE,14,14,FALSE,1,2015-08-06,2015-08-06,FALSE,1,2026-08-11 19:24:32.944 -0700
LIF,356319,ROAD TO THE RUNWAY,18,FALSE,13,13,FALSE,1,2014-07-24,2014-07-24,FALSE,1,2026-08-11 19:24:32.944 -0700
LIF,356319,ROAD TO THE RUNWAY,18,FALSE,12,12,FALSE,1,2013-07-18,2013-07-18,FALSE,1,2026-08-11 19:24:32.944 -0700
LIF,356319,ROAD TO THE RUNWAY,18,FALSE,11,11,FALSE,1,2013-01-24,2013-01-24,FALSE,1,2026-08-11 19:24:32.944 -0700
LIF,356319,ROAD TO THE RUNWAY,18,FALSE,10,10,FALSE,1,2012-07-19,2012-07-19,FALSE,1,2026-08-11 19:24:32.944 -0700
LIF,343414,ROYAL WEDDING,13,FALSE,1,1,FALSE,6,2011-04-18,2011-04-22,TRUE,1,2026-08-11 19:24:32.944 -0700
HIST,1132975,HIST GREATEST OF ALL TIME,25,TRUE,1,1,FALSE,8,2023-02-06,2023-03-27,TRUE,1,2026-08-11 19:24:32.944 -0700
HIST,373544,NO MANS LAND,12,FALSE,1B,1,TRUE,2,2014-04-27,2014-04-27,TRUE,1,2026-08-11 19:24:32.944 -0700
HIST,373544,NO MANS LAND,12,FALSE,1,1,FALSE,6,2014-03-09,2014-04-13,FALSE,1,2026-08-11 19:24:32.944 -0700
VICE,419189,HATE THY NEIGHBOR,17,FALSE,2,2,FALSE,10,2018-01-23,2018-03-27,TRUE,1,2026-08-11 19:24:32.944 -0700
VICE,419189,HATE THY NEIGHBOR,17,FALSE,1,1,FALSE,6,2017-01-23,2017-02-27,FALSE,1,2026-08-11 19:24:32.944 -0700
AEN,330713,CELEBRITY GHOST STORIES,23,FALSE,9,9,FALSE,6,2020-04-08,2020-05-13,TRUE,2,2026-08-11 19:24:32.944 -0700
AEN,1204589,MILLION DOLLAR ZOMBIE FLI,25,TRUE,2,2,FALSE,10,2026-04-11,2026-06-27,TRUE,1,2026-08-11 19:24:32.944 -0700
AEN,1204589,MILLION DOLLAR ZOMBIE FLI,25,TRUE,1,1,FALSE,10,2025-03-01,2025-06-21,FALSE,1,2026-08-11 19:24:32.944 -0700
LIF,417678,LWATL FIRST LOOK,16,FALSE,5,5,FALSE,8,2019-03-21,2019-06-13,TRUE,1,2026-08-11 19:24:32.944 -0700
LIF,417678,LWATL FIRST LOOK,16,FALSE,2,2,FALSE,1,2016-12-21,2016-12-21,FALSE,1,2026-08-11 19:24:32.944 -0700
FYI,461444,ULTIMATE RIDES,14,FALSE,2,2,FALSE,20,2021-08-12,2022-01-06,TRUE,1,2026-08-11 19:24:32.944 -0700
FYI,461444,ULTIMATE RIDES,14,FALSE,1,1,FALSE,20,2019-12-05,2020-02-06,FALSE,1,2026-08-11 19:24:32.944 -0700
VICE,1002675,VICE NEWS TONIGHT,17,FALSE,2023,2023,FALSE,20,2023-01-05,2023-05-25,TRUE,1,2026-08-11 19:24:32.944 -0700
VICE,1002675,VICE NEWS TONIGHT,17,FALSE,2022,2022,FALSE,74,2022-01-05,2022-12-15,FALSE,1,2026-08-11 19:24:32.944 -0700
VICE,1002675,VICE NEWS TONIGHT,17,FALSE,2021,2021,FALSE,166,2021-01-04,2021-12-15,FALSE,1,2026-08-11 19:24:32.944 -0700
VICE,1002675,VICE NEWS TONIGHT,17,FALSE,2020,2020,FALSE,144,2020-03-04,2020-12-17,FALSE,1,2026-08-11 19:24:32.944 -0700
FYI,393341,FOOD PORN SPECIAL,17,FALSE,1,1,FALSE,1,2015-11-26,2015-11-26,TRUE,1,2026-08-11 19:24:32.944 -0700
AEN,1056823,ADULTS ADOPTING ADULTS,22,FALSE,1,1,FALSE,3,2022-01-31,2022-02-14,TRUE,1,2026-08-11 19:24:32.944 -0700
HIST,1006818,TIME IS NOW: RACE & RESOL,25,TRUE,2020,2020,FALSE,1,2020-06-08,2020-06-08,TRUE,6,2026-08-11 19:24:32.944 -0700
HIST,1002437,WASHINGTON,10,FALSE,1,1,FALSE,3,2020-02-16,2020-02-18,TRUE,1,2026-08-11 19:24:32.944 -0700
AEN,1214996,PEOPLE V. MICHAEL JACKSON,25,TRUE,1,1,FALSE,2,2025-09-01,2025-09-02,TRUE,1,2026-08-11 19:24:32.944 -0700
LIF,341130,BTH: TIFFANY RUBIN STORY,24,FALSE,2011,2011,FALSE,1,2011-01-31,2011-01-31,TRUE,1,2026-08-11 19:24:32.944 -0700
AEN,1060405,FLIPPING DOWN SOUTH,19,FALSE,1,1,FALSE,5,2022-03-12,2022-04-09,TRUE,1,2026-08-11 19:24:32.944 -0700
HIST,320041,SANDHOGS,8,FALSE,1,1,FALSE,4,2008-09-07,2008-10-03,TRUE,1,2026-08-11 19:24:32.944 -0700
VICE,442962,MY HOUSE,8,FALSE,1,1,FALSE,10,2018-04-25,2018-06-27,TRUE,1,2026-08-11 19:24:32.944 -0700
AEN,1090221,ROAD WARS,9,FALSE,7,7,FALSE,18,2026-03-10,2026-05-05,TRUE,1,2026-08-11 19:24:32.944 -0700
AEN,1090221,ROAD WARS,9,FALSE,6,6,FALSE,17,2025-10-14,2025-12-23,FALSE,1,2026-08-11 19:24:32.944 -0700
AEN,1090221,ROAD WARS,9,FALSE,5,5,FALSE,10,2025-07-15,2025-08-19,FALSE,1,2026-08-11 19:24:32.944 -0700
AEN,1090221,ROAD WARS,9,FALSE,4,4,FALSE,18,2024-11-12,2025-01-28,FALSE,1,2026-08-11 19:24:32.944 -0700
AEN,1090221,ROAD WARS,9,FALSE,3,3,FALSE,20,2024-01-02,2024-03-19,FALSE,1,2026-08-11 19:24:32.944 -0700
AEN,1090221,ROAD WARS,9,FALSE,2,2,FALSE,11,2023-04-11,2023-05-30,FALSE,1,2026-08-11 19:24:32.944 -0700
AEN,1090221,ROAD WARS,9,FALSE,1B,1,TRUE,10,2022-11-09,2022-12-21,FALSE,1,2026-08-11 19:24:32.944 -0700
AEN,1090221,ROAD WARS,9,FALSE,1,1,FALSE,5,2022-07-06,2022-08-03,FALSE,1,2026-08-11 19:24:32.944 -0700
AEN,450019,"CLINTON AFFAIR, THE",19,FALSE,1,1,FALSE,5,2018-11-18,2018-11-20,TRUE,1,2026-08-11 19:24:32.944 -0700
LIF,384277,LWLA: TERRAS LITTLE FAM,23,FALSE,2,2,FALSE,12,2016-03-23,2016-04-27,TRUE,1,2026-08-11 19:24:32.944 -0700
LIF,384277,LWLA: TERRAS LITTLE FAM,23,FALSE,1B,1,TRUE,12,2015-07-29,2015-09-02,FALSE,1,2026-08-11 19:24:32.944 -0700
LIF,384277,LWLA: TERRAS LITTLE FAM,23,FALSE,1,1,FALSE,14,2015-04-08,2015-05-20,FALSE,1,2026-08-11 19:24:32.944 -0700
LIF,392780,MOVIE- FEATURE PREM,19,FALSE,1,1,FALSE,1,2022-07-09,2022-07-09,TRUE,1,2026-08-11 19:24:32.944 -0700
LIF,392780,MOVIE- FEATURE PREM,19,FALSE,2022,2022,FALSE,2,2022-02-05,2022-06-04,FALSE,1,2026-08-11 19:24:32.944 -0700
LIF,392780,MOVIE- FEATURE PREM,19,FALSE,2021,2021,FALSE,5,2021-01-23,2021-11-06,FALSE,1,2026-08-11 19:24:32.944 -0700
LIF,392780,MOVIE- FEATURE PREM,19,FALSE,2020,2020,FALSE,1,2020-04-11,2020-04-11,FALSE,1,2026-08-11 19:24:32.944 -0700
LIF,392780,MOVIE- FEATURE PREM,19,FALSE,2019,2019,FALSE,4,2019-01-19,2019-10-19,FALSE,1,2026-08-11 19:24:32.944 -0700
LIF,392780,MOVIE- FEATURE PREM,19,FALSE,2018,2018,FALSE,5,2018-01-20,2018-09-09,FALSE,1,2026-08-11 19:24:32.944 -0700
LIF,392780,MOVIE- LOM PREM,15,FALSE,2017,2017,FALSE,8,2017-01-21,2017-11-18,FALSE,1,2026-08-11 19:24:32.944 -0700
LIF,392780,MOVIE- LOM PREM,15,FALSE,2016,2016,FALSE,8,2016-01-23,2016-11-05,FALSE,1,2026-08-11 19:24:32.944 -0700
LIF,392780,MOVIE- LOM PREM,15,FALSE,2015,2015,FALSE,3,2015-10-03,2015-11-21,FALSE,1,2026-08-11 19:24:32.944 -0700
AEN,368045,MODERN DADS,11,FALSE,1,1,FALSE,9,2013-08-21,2013-10-20,TRUE,1,2026-08-11 19:24:32.944 -0700
HIST,360156,BAMAZON,7,FALSE,1,1,FALSE,8,2012-12-09,2013-01-27,TRUE,1,2026-08-11 19:24:32.944 -0700
HIST,333600,SLICED,6,FALSE,1,1,FALSE,13,2010-04-22,2010-06-24,TRUE,1,2026-08-11 19:24:32.944 -0700
LIF,372631,PROJ RUN: UNDER THE GUNN,24,FALSE,1,1,FALSE,11,2014-01-30,2014-04-10,TRUE,1,2026-08-11 19:24:32.944 -0700
VICE,1121807,POKERGO TOUR HEADS UP,21,FALSE,2022,2022,FALSE,6,2022-10-22,2022-11-05,TRUE,1,2026-08-11 19:24:32.944 -0700
LIF,1055745,LEAVE IT TO GEEGE,17,FALSE,1,1,FALSE,3,2022-01-12,2022-01-26,TRUE,1,2026-08-11 19:24:32.944 -0700
VICE,1227377,PFL PRO FIGHTERS LEAGUE,23,FALSE,1,1,FALSE,6,2025-12-05,2026-07-10,TRUE,1,2026-08-11 19:24:32.944 -0700
LIF,1175916,THERESA CAPUTO: BEYOND RE,25,TRUE,1,1,FALSE,10,2024-04-18,2024-09-24,TRUE,1,2026-08-11 19:24:32.944 -0700
AEN,327837,HOARDERS,8,FALSE,16,16,FALSE,7,2024-10-07,2024-11-18,TRUE,1,2026-08-11 19:24:32.944 -0700
AEN,327837,HOARDERS,8,FALSE,15,15,FALSE,4,2024-01-08,2024-01-29,FALSE,1,2026-08-11 19:24:32.944 -0700
AEN,327837,HOARDERS,8,FALSE,14,14,FALSE,4,2023-05-29,2023-07-03,FALSE,1,2026-08-11 19:24:32.944 -0700
AEN,327837,HOARDERS,8,FALSE,13,13,FALSE,8,2021-10-18,2021-12-06,FALSE,1,2026-08-11 19:24:32.944 -0700
AEN,327837,HOARDERS,8,FALSE,12,12,FALSE,8,2021-03-22,2021-05-17,FALSE,1,2026-08-11 19:24:32.944 -0700
AEN,327837,HOARDERS,8,FALSE,11,11,FALSE,8,2020-07-20,2020-09-14,FALSE,1,2026-08-11 19:24:32.944 -0700
AEN,327837,HOARDERS,8,FALSE,10,10,FALSE,5,2019-03-05,2019-04-02,FALSE,1,2026-08-11 19:24:32.944 -0700
AEN,327837,HOARDERS,8,FALSE,9,9,FALSE,6,2016-12-18,2017-01-22,FALSE,1,2026-08-11 19:24:32.944 -0700
AEN,327837,HOARDERS,8,FALSE,8,8,FALSE,15,2016-01-03,2016-04-03,FALSE,1,2026-08-11 19:24:32.944 -0700
AEN,327837,HOARDERS,8,FALSE,6,6,FALSE,13,2012-09-10,2013-02-04,FALSE,1,2026-08-11 19:24:32.944 -0700
AEN,327837,HOARDERS,8,FALSE,5,5,FALSE,11,2012-01-02,2012-03-12,FALSE,1,2026-08-11 19:24:32.944 -0700
AEN,327837,HOARDERS,8,FALSE,4,4,FALSE,17,2011-06-20,2011-11-28,FALSE,1,2026-08-11 19:24:32.944 -0700
AEN,327837,HOARDERS,8,FALSE,3,3,FALSE,20,2010-09-06,2011-01-10,FALSE,1,2026-08-11 19:24:32.944 -0700
AEN,327837,HOARDERS,8,FALSE,2,2,FALSE,15,2009-11-30,2010-05-31,FALSE,1,2026-08-11 19:24:32.944 -0700
AEN,327837,HOARDERS,8,FALSE,1,1,FALSE,7,2009-08-17,2009-09-28,FALSE,1,2026-08-11 19:24:32.944 -0700
AEN,440079,SILK ROAD,9,FALSE,2018,2018,FALSE,1,2018-02-05,2018-02-05,TRUE,1,2026-08-11 19:24:32.944 -0700
AEN,1197117,RACHAEL RAYS HOLIDAYS,21,FALSE,1,1,FALSE,6,2024-12-08,2024-12-22,TRUE,1,2026-08-11 19:24:32.944 -0700
VICE,1192802,BLACK COMEDY IN AMERICA,23,FALSE,1,1,FALSE,10,2024-10-15,2024-12-17,TRUE,1,2026-08-11 19:24:32.944 -0700
FYI,384092,FIND MY FIRST LOVE,18,FALSE,1,1,FALSE,9,2015-03-31,2017-12-24,TRUE,1,2026-08-11 19:24:32.944 -0700
AEN,295286,FLIP THIS HOUSE,15,FALSE,4B,4,TRUE,15,2008-06-07,2008-11-22,TRUE,1,2026-08-11 19:24:32.944 -0700
AEN,295286,FLIP THIS HOUSE,15,FALSE,4,4,FALSE,8,2008-03-15,2008-05-17,FALSE,1,2026-08-11 19:24:32.944 -0700
AEN,295286,FLIP THIS HOUSE,15,FALSE,3,3,FALSE,9,2007-06-30,2007-10-06,FALSE,1,2026-08-11 19:24:32.944 -0700
AEN,323723,"EXTERMINATORS, THE",18,FALSE,1,1,FALSE,13,2009-02-04,2009-04-29,TRUE,1,2026-08-11 19:24:32.944 -0700
AEN,1151295,KINGS OF BBQ,12,FALSE,1,1,FALSE,10,2023-08-12,2023-10-14,TRUE,1,2026-08-11 19:24:32.944 -0700
AEN,372305,CRAZY HEARTS: NASHVILLE,23,FALSE,1B,1,TRUE,5,2014-02-08,2014-03-08,TRUE,1,2026-08-11 19:24:32.944 -0700
AEN,372305,CRAZY HEARTS: NASHVILLE,23,FALSE,1,1,FALSE,4,2014-01-15,2014-01-30,FALSE,1,2026-08-11 19:24:32.944 -0700
AEN,1171970,ZOMBIE HOUSE FLIP:BEST OF,25,TRUE,3,3,FALSE,12,2026-04-25,2026-08-01,TRUE,1,2026-08-11 19:24:32.944 -0700
AEN,1171970,ZOMBIE HOUSE FLIP:BEST OF,25,TRUE,2,2,FALSE,8,2025-01-04,2025-08-16,FALSE,1,2026-08-11 19:24:32.944 -0700
AEN,1171970,ZOMBIE HOUSE FLIP:BEST OF,25,TRUE,1B,1,TRUE,5,2024-10-05,2024-11-02,FALSE,1,2026-08-11 19:24:32.944 -0700
AEN,1171970,ZOMBIE HOUSE FLIP:BEST OF,25,TRUE,1,1,FALSE,2,2024-03-16,2024-04-13,FALSE,1,2026-08-11 19:24:32.944 -0700
VICE,435376,TRIXIE & KATYA SHOW,19,FALSE,1,1,FALSE,14,2017-11-15,2018-03-28,TRUE,1,2026-08-11 19:24:32.944 -0700
AEN,428569,DOPE MAN,8,FALSE,2017,2017,FALSE,1,2017-07-31,2017-07-31,TRUE,1,2026-08-11 19:24:32.944 -0700
FYI,405542,TEENAGE NEWLYWEDS,17,FALSE,1,1,FALSE,8,2016-05-31,2016-07-19,TRUE,1,2026-08-11 19:24:32.944 -0700
AEN,1200184,OZARK LAW,9,FALSE,2,2,FALSE,12,2026-01-07,2026-03-18,TRUE,1,2026-08-11 19:24:32.944 -0700
AEN,1200184,OZARK LAW,9,FALSE,1,1,FALSE,10,2025-01-08,2025-03-12,FALSE,1,2026-08-11 19:24:32.944 -0700
HIST,1141949,BEYOND SKINWALKER RANCH,23,FALSE,3,3,FALSE,8,2025-06-03,2025-07-22,TRUE,1,2026-08-11 19:24:32.944 -0700
HIST,1141949,BEYOND SKINWALKER RANCH,23,FALSE,2,2,FALSE,7,2024-06-04,2024-07-16,FALSE,1,2026-08-11 19:24:32.944 -0700
HIST,1141949,BEYOND SKINWALKER RANCH,23,FALSE,1,1,FALSE,8,2023-06-06,2023-08-01,FALSE,1,2026-08-11 19:24:32.944 -0700
HIST,1047202,FULLY TORQUED,13,FALSE,4,4,FALSE,10,2024-07-06,2024-08-03,TRUE,1,2026-08-11 19:24:32.944 -0700
HIST,1047202,FULLY TORQUED,13,FALSE,3,3,FALSE,10,2023-09-23,2023-10-21,FALSE,1,2026-08-11 19:24:32.944 -0700
HIST,1047202,FULLY TORQUED,13,FALSE,2,2,FALSE,10,2022-09-25,2022-10-23,FALSE,1,2026-08-11 19:24:32.944 -0700
HIST,1047202,FULLY TORQUED,13,FALSE,1,1,FALSE,10,2021-09-19,2021-10-24,FALSE,1,2026-08-11 19:24:32.944 -0700
AEN,1151298,HIP HOP TREASURES,17,FALSE,1,1,FALSE,8,2023-08-12,2023-09-23,TRUE,1,2026-08-11 19:24:32.944 -0700
AEN,383009,SEXY BEASTS,11,FALSE,1,1,FALSE,4,2015-02-14,2015-02-14,TRUE,1,2026-08-11 19:24:32.944 -0700
AEN,384437,INTERVENTION CA,15,FALSE,8,8,FALSE,10,2024-04-22,2024-08-26,TRUE,1,2026-08-11 19:24:32.944 -0700
AEN,384437,INTERVENTION CA,15,FALSE,7,7,FALSE,2,2021-11-29,2021-12-06,FALSE,1,2026-08-11 19:24:32.944 -0700
AEN,384437,INTERVENTION CA,15,FALSE,6,6,FALSE,13,2021-04-26,2021-09-27,FALSE,1,2026-08-11 19:24:32.944 -0700
AEN,384437,INTERVENTION CA,15,FALSE,5,5,FALSE,8,2020-07-20,2020-09-14,FALSE,1,2026-08-11 19:24:32.944 -0700
AEN,384437,INTERVENTION CA,15,FALSE,4,4,FALSE,1,2018-07-03,2018-07-03,FALSE,1,2026-08-11 19:24:32.944 -0700
AEN,384437,INTERVENTION CA,15,FALSE,3,3,FALSE,6,2017-08-21,2017-09-18,FALSE,1,2026-08-11 19:24:32.944 -0700
AEN,384437,INTERVENTION CA,15,FALSE,2B,2,TRUE,7,2016-11-29,2017-01-31,FALSE,1,2026-08-11 19:24:32.944 -0700
AEN,384437,INTERVENTION CA,15,FALSE,2,2,FALSE,3,2016-08-14,2016-08-28,FALSE,1,2026-08-11 19:24:32.944 -0700
HIST,403276,ALONE SPECIALS,14,FALSE,13,13,FALSE,2,2026-06-17,2026-06-24,TRUE,1,2026-08-11 19:24:32.944 -0700
HIST,403276,ALONE SPECIALS,14,FALSE,12,12,FALSE,2,2025-06-12,2025-06-19,FALSE,1,2026-08-11 19:24:32.944 -0700
HIST,403276,ALONE SPECIALS,14,FALSE,11,11,FALSE,1,2024-06-13,2024-06-13,FALSE,1,2026-08-11 19:24:32.944 -0700
HIST,403276,ALONE SPECIALS,14,FALSE,10,10,FALSE,1,2023-06-08,2023-06-08,FALSE,1,2026-08-11 19:24:32.944 -0700
HIST,403276,ALONE SPECIALS,14,FALSE,8,8,FALSE,1,2021-08-19,2021-08-19,FALSE,1,2026-08-11 19:24:32.944 -0700
HIST,403276,ALONE SPECIALS,14,FALSE,5,5,FALSE,2,2018-06-07,2018-08-23,FALSE,1,2026-08-11 19:24:32.944 -0700
HIST,403276,ALONE SPECIALS,14,FALSE,4,4,FALSE,2,2017-06-08,2017-08-17,FALSE,1,2026-08-11 19:24:32.944 -0700
HIST,403276,ALONE SPECIALS,14,FALSE,3,3,FALSE,2,2016-12-08,2017-02-09,FALSE,1,2026-08-11 19:24:32.944 -0700
HIST,403276,ALONE SPECIALS,14,FALSE,2,2,FALSE,2,2016-04-14,2016-07-21,FALSE,1,2026-08-11 19:24:32.944 -0700
VICE,417207,BIG NIGHT OUT,13,FALSE,1,1,FALSE,6,2016-12-12,2017-01-02,TRUE,1,2026-08-11 19:24:32.944 -0700
LIF,1170697,WHERE IS WENDY WILLIAMS?,24,FALSE,1,1,FALSE,4,2024-02-24,2024-02-25,TRUE,1,2026-08-11 19:24:32.944 -0700
FYI,383047,MAFS: THE FIRST YEAR SP,23,FALSE,2,2,FALSE,2,2015-12-03,2016-03-15,TRUE,1,2026-08-11 19:24:32.944 -0700
FYI,383047,MAFS: THE FIRST YEAR SP,23,FALSE,1,1,FALSE,8,2015-07-07,2015-08-25,FALSE,1,2026-08-11 19:24:32.944 -0700
HIST,1051663,GREAT ESCAPES W MORGAN FR,25,TRUE,2,2,FALSE,8,2024-07-22,2024-09-16,TRUE,1,2026-08-11 19:24:32.944 -0700
HIST,1051663,GREAT ESCAPES W MORGAN FR,25,TRUE,1,1,FALSE,8,2021-11-09,2021-12-28,FALSE,1,2026-08-11 19:24:32.944 -0700
LIF,384099,LIZZIE BORDEN CHRONICLES,24,FALSE,1,1,FALSE,8,2015-04-05,2015-05-24,TRUE,1,2026-08-11 19:24:32.944 -0700
VICE,1099413,ICONS UNEARTHED: SIMPSONS,25,TRUE,1,1,FALSE,6,2022-10-05,2022-11-09,TRUE,1,2026-08-11 19:24:32.944 -0700
HIST,388268,MISSING IN ALASKA,17,FALSE,1,1,FALSE,3,2015-07-24,2015-08-07,TRUE,1,2026-08-11 19:24:32.944 -0700
FYI,1232258,COOKIE CUPCAKE CAKE WF,22,FALSE,1,1,FALSE,12,2026-02-16,2026-05-04,TRUE,1,2026-08-11 19:24:32.944 -0700
HIST,291273,DIGGING FOR THE TRUTH,21,FALSE,4,4,FALSE,5,2007-09-03,2007-10-01,TRUE,1,2026-08-11 19:24:32.944 -0700
AEN,349549,BAG OF BONES,12,FALSE,1,1,FALSE,2,2011-12-11,2011-12-12,TRUE,1,2026-08-11 19:24:32.944 -0700
HIST,1002119,SEMA: BATTLE OF BUILDERS,24,FALSE,2024,2024,FALSE,1,2024-01-27,2024-01-27,TRUE,1,2026-08-11 19:24:32.944 -0700
HIST,1002119,SEMA: BATTLE OF BUILDERS,24,FALSE,2023,2023,FALSE,1,2023-01-28,2023-01-28,FALSE,1,2026-08-11 19:24:32.944 -0700
HIST,1002119,SEMA: BATTLE OF BUILDERS,24,FALSE,2022,2022,FALSE,1,2022-01-23,2022-01-23,FALSE,1,2026-08-11 19:24:32.944 -0700
HIST,1002119,SEMA: BATTLE OF BUILDERS,24,FALSE,2021,2021,FALSE,1,2021-02-07,2021-02-07,FALSE,1,2026-08-11 19:24:32.944 -0700
HIST,1002119,SEMA: BATTLE OF BUILDERS,24,FALSE,2020,2020,FALSE,1,2020-01-26,2020-01-26,FALSE,1,2026-08-11 19:24:32.944 -0700
LIF,457315,MARRYING MILLIONS FL,20,FALSE,2,2,FALSE,5,2020-07-22,2020-08-05,TRUE,1,2026-08-11 19:24:32.944 -0700
LIF,457315,MARRYING MILLIONS FL,20,FALSE,1,1,FALSE,5,2019-07-10,2019-08-07,FALSE,1,2026-08-11 19:24:32.944 -0700
VICE,1020256,DONKMASTER,10,FALSE,1,1,FALSE,8,2020-08-19,2020-09-30,TRUE,1,2026-08-11 19:24:32.944 -0700
LIF,377247,RAISING ASIA,12,FALSE,1,1,FALSE,13,2014-07-29,2014-09-09,TRUE,1,2026-08-11 19:24:32.944 -0700
AEN,338988,GHOST PROPHECIES,16,FALSE,2010,2010,FALSE,1,2010-11-28,2010-11-28,TRUE,1,2026-08-11 19:24:32.944 -0700
HIST,1043772,MAN VS HISTORY,14,FALSE,1,1,FALSE,8,2021-07-20,2021-08-31,TRUE,1,2026-08-11 19:24:32.944 -0700
AEN,1217346,FAMILY LOCKUP,13,FALSE,1B,1,TRUE,7,2025-09-19,2025-09-26,TRUE,1,2026-08-11 19:24:32.944 -0700
AEN,1217346,FAMILY LOCKUP,13,FALSE,1,1,FALSE,3,2025-08-21,2025-09-04,FALSE,1,2026-08-11 19:24:32.944 -0700
HIST,1185864,PRISON CHRONICLES,17,FALSE,1,1,FALSE,12,2024-07-29,2024-09-23,TRUE,1,2026-08-11 19:24:32.944 -0700
HIST,334468,TOP SHOT,8,FALSE,4,4,FALSE,12,2012-02-14,2012-05-01,TRUE,1,2026-08-11 19:24:32.944 -0700
HIST,334468,TOP SHOT,8,FALSE,3,3,FALSE,12,2011-08-09,2011-10-25,FALSE,1,2026-08-11 19:24:32.944 -0700
HIST,334468,TOP SHOT,8,FALSE,2,2,FALSE,12,2011-02-08,2011-04-26,FALSE,1,2026-08-11 19:24:32.944 -0700
HIST,334468,TOP SHOT,8,FALSE,1,1,FALSE,10,2010-06-06,2010-08-15,FALSE,1,2026-08-11 19:24:32.944 -0700
AEN,1037211,WWE MOST WANTED TREASURES,25,TRUE,3,3,FALSE,5,2024-04-14,2024-07-14,TRUE,1,2026-08-11 19:24:32.944 -0700
AEN,1037211,WWE MOST WANTED TREASURES,25,TRUE,2,2,FALSE,10,2023-04-30,2023-07-09,FALSE,1,2026-08-11 19:24:32.944 -0700
AEN,1037211,WWE MOST WANTED TREASURES,25,TRUE,1,1,FALSE,9,2021-04-18,2021-06-20,FALSE,1,2026-08-11 19:24:32.944 -0700
VICE,1203173,CALIPARI: RAZORS EDGE,21,FALSE,1,1,FALSE,6,2025-02-10,2025-03-18,TRUE,1,2026-08-11 19:24:32.944 -0700
AEN,383773,MAFS SPECIALS (A&E),19,FALSE,4,4,FALSE,1,2016-07-26,2016-07-26,TRUE,1,2026-08-11 19:24:32.944 -0700
AEN,383773,MAFS SPECIALS (A&E),19,FALSE,3,3,FALSE,1,2015-12-01,2015-12-01,FALSE,1,2026-08-11 19:24:32.944 -0700
AEN,383773,MAFS SPECIALS (A&E),19,FALSE,2,2,FALSE,1,2015-03-17,2015-03-17,FALSE,1,2026-08-11 19:24:32.944 -0700
LIF,1215281,DANCE MOMS: A NEW ERA WF,24,FALSE,1,1,FALSE,9,2025-09-08,2025-09-15,TRUE,1,2026-08-11 19:24:32.944 -0700
AEN,1043635,DIRTY ROTTEN CLEANERS,21,FALSE,1,1,FALSE,8,2021-07-19,2021-09-19,TRUE,1,2026-08-11 19:24:32.944 -0700
LMN,378370,"SEX, FAME & MURDER",18,FALSE,1,1,FALSE,1,2014-09-10,2014-09-10,TRUE,1,2026-08-11 19:24:32.944 -0700
HIST,378202,HOUDINI,7,FALSE,1,1,FALSE,2,2014-09-01,2014-09-02,TRUE,1,2026-08-11 19:24:32.944 -0700
VICE,1137500,FRIDAY NIGHT POKER,18,FALSE,1,1,FALSE,22,2023-04-08,2023-12-09,TRUE,1,2026-08-11 19:24:32.944 -0700
AEN,396615,WHO IS DONALD TRUMP,19,FALSE,2015,2015,FALSE,1,2015-12-16,2015-12-16,TRUE,1,2026-08-11 19:24:32.944 -0700
LIF,441104,LAURIEANN GIBSON: BS,20,FALSE,1,1,FALSE,5,2018-03-02,2018-03-23,TRUE,2,2026-08-11 19:24:32.944 -0700
LMN,398174,CRITICS CHOICE AWARDS,21,FALSE,999,999,FALSE,1,2016-01-17,2016-01-17,TRUE,3,2026-08-11 19:24:32.944 -0700
AEN,1056329,SECRETS OF PLAYBOY,18,FALSE,2,2,FALSE,8,2023-07-10,2023-08-14,TRUE,1,2026-08-11 19:24:32.944 -0700
AEN,1056329,SECRETS OF PLAYBOY,18,FALSE,1,1,FALSE,10,2022-01-24,2022-03-21,FALSE,1,2026-08-11 19:24:32.944 -0700
AEN,450679,LIVE PD WED,11,FALSE,4,4,FALSE,4,2020-01-08,2020-01-15,TRUE,1,2026-08-11 19:24:32.944 -0700
AEN,450679,LIVE PD WED,11,FALSE,3,3,FALSE,5,2018-12-05,2019-06-19,FALSE,1,2026-08-11 19:24:32.944 -0700
HIST,356330,GREAT LAKE WARRIORS,19,FALSE,1,1,FALSE,4,2012-07-19,2012-08-09,TRUE,1,2026-08-11 19:24:32.944 -0700
LMN,385537,STRANGE EMPIRE,14,FALSE,1,1,FALSE,13,2015-05-29,2015-08-16,TRUE,1,2026-08-11 19:24:32.944 -0700
FYI,1175347,RACHAEL RAYS MEAL IN MIN,24,FALSE,4,4,FALSE,22,2026-05-25,2026-08-03,TRUE,1,2026-08-11 19:24:32.944 -0700
FYI,1175347,RACHAEL RAYS MEAL IN MIN,24,FALSE,3,3,FALSE,14,2025-12-01,2026-03-02,FALSE,1,2026-08-11 19:24:32.944 -0700
FYI,1175347,RACHAEL RAYS MEAL IN MIN,24,FALSE,2B,2,TRUE,10,2025-09-29,2025-10-27,FALSE,1,2026-08-11 19:24:32.944 -0700
FYI,1175347,RACHAEL RAYS MEAL IN MIN,24,FALSE,2,2,FALSE,22,2025-05-26,2025-08-04,FALSE,1,2026-08-11 19:24:32.944 -0700
FYI,1175347,RACHAEL RAYS MEAL IN MIN,24,FALSE,1B,1,TRUE,40,2024-09-16,2025-02-24,FALSE,1,2026-08-11 19:24:32.944 -0700
FYI,1175347,RACHAEL RAYS MEAL IN MIN,24,FALSE,1,1,FALSE,20,2024-04-15,2024-06-17,FALSE,1,2026-08-11 19:24:32.944 -0700
VICE,1204307,BYB EXTREME FIGHTING,20,FALSE,2,2,FALSE,19,2026-01-31,2026-07-25,TRUE,1,2026-08-11 19:24:32.944 -0700
VICE,1204307,BYB EXTREME FIGHTING,20,FALSE,1,1,FALSE,41,2025-02-22,2026-01-22,FALSE,1,2026-08-11 19:24:32.944 -0700
VICE,400097,VICE ESSENTIALS,15,FALSE,1,1,FALSE,13,2016-08-29,2016-09-29,TRUE,1,2026-08-11 19:24:32.944 -0700
AEN,330619,JACKSONS:A FAMILY DYNASTY,25,TRUE,1,1,FALSE,6,2009-12-13,2010-01-17,TRUE,1,2026-08-11 19:24:32.944 -0700
VICE,1090090,POKER AFTER DARK,16,FALSE,2023,2023,FALSE,17,2023-01-07,2023-09-09,TRUE,1,2026-08-11 19:24:32.944 -0700
VICE,1090090,POKER AFTER DARK,16,FALSE,2022,2022,FALSE,30,2022-07-02,2022-12-24,FALSE,1,2026-08-11 19:24:32.944 -0700
FYI,395317,TINY HOUSE WORLD,16,FALSE,1,1,FALSE,16,2015-11-21,2016-02-06,TRUE,1,2026-08-11 19:24:32.944 -0700
AEN,1003728,MERLE HAGGARD: SALUTE,21,FALSE,2020,2020,FALSE,1,2020-04-13,2020-04-13,TRUE,1,2026-08-11 19:24:32.944 -0700
LIF,439206,THIS TIME NEXT YEAR,19,FALSE,1,1,FALSE,6,2018-01-16,2018-02-27,TRUE,1,2026-08-11 19:24:32.944 -0700
HIST,377249,DARK HORSE NATION,17,FALSE,1B,1,TRUE,6,2014-09-27,2014-09-27,TRUE,1,2026-08-11 19:24:32.944 -0700
HIST,377249,DARK HORSE NATION,17,FALSE,1,1,FALSE,6,2014-07-29,2014-08-12,FALSE,1,2026-08-11 19:24:32.944 -0700
FYI,437310,PREFAB NATION,13,FALSE,1,1,FALSE,1,2017-12-14,2017-12-14,TRUE,1,2026-08-11 19:24:32.944 -0700
FYI,418449,KISS BANG LOVE,14,FALSE,1B,1,TRUE,6,2017-08-15,2017-09-12,TRUE,1,2026-08-11 19:24:32.944 -0700
FYI,418449,KISS BANG LOVE,14,FALSE,1,1,FALSE,4,2017-01-03,2017-01-24,FALSE,1,2026-08-11 19:24:32.944 -0700
FYI,398346,KOCKTAILS WITH KHLOE,20,FALSE,1,1,FALSE,14,2016-01-20,2016-04-20,TRUE,1,2026-08-11 19:24:32.944 -0700
HIST,376710,PAWNOGRAPHY,11,FALSE,2,2,FALSE,20,2014-11-06,2015-01-29,TRUE,1,2026-08-11 19:24:32.944 -0700
HIST,376710,PAWNOGRAPHY,11,FALSE,1,1,FALSE,10,2014-07-10,2014-08-07,FALSE,1,2026-08-11 19:24:32.944 -0700
AEN,1207300,BEER BUDGET RENO,16,FALSE,1,1,FALSE,10,2025-04-05,2025-06-21,TRUE,1,2026-08-11 19:24:32.944 -0700
FYI,379291,MIDNIGHT FEAST,14,FALSE,1,1,FALSE,6,2014-10-16,2015-09-04,TRUE,1,2026-08-11 19:24:32.944 -0700
HIST,428102,FORGED IN FIRE FL,17,FALSE,5,5,FALSE,4,2018-03-04,2018-05-05,TRUE,1,2026-08-11 19:24:32.944 -0700
HIST,428102,FORGED IN FIRE FL,17,FALSE,4B,4,TRUE,11,2017-07-15,2017-10-26,FALSE,1,2026-08-11 19:24:32.944 -0700
AEN,439483,WACO: MADMAN OR MESSIAH,23,FALSE,1,1,FALSE,2,2018-01-28,2018-01-29,TRUE,1,2026-08-11 19:24:32.944 -0700
AEN,1001677,ALASKA PD FL,12,FALSE,1,1,FALSE,1,2019-12-30,2019-12-30,TRUE,1,2026-08-11 19:24:32.944 -0700
HIST,343097,MOUNTED IN ALASKA,17,FALSE,1,1,FALSE,15,2011-04-07,2011-06-23,TRUE,1,2026-08-11 19:24:32.944 -0700
AEN,444713,"PLOT AGAINST AMERICA, THE",25,TRUE,2018,2018,FALSE,1,2018-06-04,2018-06-04,TRUE,1,2026-08-11 19:24:32.944 -0700
FYI,1029288,PLATINUM EYE,12,FALSE,1,1,FALSE,8,2020-11-29,2021-03-21,TRUE,1,2026-08-11 19:24:32.944 -0700
HIST,418959,SIX,3,FALSE,2,2,FALSE,10,2018-05-28,2018-08-01,TRUE,1,2026-08-11 19:24:32.944 -0700
HIST,418959,SIX,3,FALSE,1,1,FALSE,8,2017-01-18,2017-03-08,FALSE,1,2026-08-11 19:24:32.944 -0700
HIST,323886,HOW THE EARTH WAS MADE,22,FALSE,2,2,FALSE,13,2009-11-24,2010-03-02,TRUE,1,2026-08-11 19:24:32.944 -0700
HIST,323886,HOW THE EARTH WAS MADE,22,FALSE,1,1,FALSE,13,2009-02-10,2009-05-12,FALSE,1,2026-08-11 19:24:32.944 -0700
LIF,452866,MAFS FL,7,FALSE,13,13,FALSE,1,2021-07-21,2021-07-21,TRUE,1,2026-08-11 19:24:32.944 -0700
LIF,452866,MAFS FL,7,FALSE,11,11,FALSE,1,2020-08-28,2020-08-28,FALSE,1,2026-08-11 19:24:32.944 -0700
LIF,452866,MAFS FL,7,FALSE,9,9,FALSE,5,2019-06-05,2019-09-12,FALSE,1,2026-08-11 19:24:32.944 -0700
LIF,452866,MAFS FL,7,FALSE,8,8,FALSE,6,2019-02-12,2019-03-19,FALSE,1,2026-08-11 19:24:32.944 -0700
AEN,376870,LONE STAR LADY,14,FALSE,1,1,FALSE,2,2014-07-13,2014-07-13,TRUE,1,2026-08-11 19:24:32.944 -0700
VICE,1064743,TRUE BELIEVERS,14,FALSE,1,1,FALSE,6,2022-04-11,2022-05-16,TRUE,1,2026-08-11 19:24:32.944 -0700
AEN,1147956,CUSTOMER WARS SPECIALS,22,FALSE,8,8,FALSE,1,2026-03-24,2026-03-24,TRUE,1,2026-08-11 19:24:32.944 -0700
AEN,1147956,CUSTOMER WARS SPECIALS,22,FALSE,7,7,FALSE,5,2025-10-28,2025-12-23,FALSE,1,2026-08-11 19:24:32.944 -0700
AEN,1147956,CUSTOMER WARS SPECIALS,22,FALSE,5,5,FALSE,2,2025-03-04,2025-03-18,FALSE,1,2026-08-11 19:24:32.944 -0700
AEN,1147956,CUSTOMER WARS SPECIALS,22,FALSE,4,4,FALSE,3,2024-07-09,2024-07-30,FALSE,1,2026-08-11 19:24:32.944 -0700
AEN,1147956,CUSTOMER WARS SPECIALS,22,FALSE,3,3,FALSE,3,2023-11-28,2023-12-12,FALSE,1,2026-08-11 19:24:32.944 -0700
AEN,1147956,CUSTOMER WARS SPECIALS,22,FALSE,2,2,FALSE,4,2023-07-11,2023-08-01,FALSE,1,2026-08-11 19:24:32.944 -0700
HIST,444454,HUNTING ISIS,12,FALSE,1,1,FALSE,6,2018-05-29,2018-07-03,TRUE,1,2026-08-11 19:24:32.944 -0700
HIST,1141795,FDR,3,FALSE,1,1,FALSE,3,2023-05-29,2023-05-31,TRUE,1,2026-08-11 19:24:32.944 -0700
AEN,435789,AUTOBIOGRAPHY SPECIALS,22,FALSE,2017,2017,FALSE,1,2017-11-20,2017-11-20,TRUE,1,2026-08-11 19:24:32.944 -0700
HIST,412556,DOOMSDAY 10 WAYS WRLD END,25,TRUE,1,1,FALSE,10,2016-09-30,2016-12-30,TRUE,1,2026-08-11 19:24:32.944 -0700
VICE,1093639,DARK SIDE OF COMEDY,19,FALSE,2,2,FALSE,10,2023-10-17,2023-12-19,TRUE,1,2026-08-11 19:24:32.944 -0700
VICE,1093639,DARK SIDE OF COMEDY,19,FALSE,1,1,FALSE,10,2022-08-16,2022-10-19,FALSE,1,2026-08-11 19:24:32.944 -0700
HIST,436522,KNIGHTFALL,10,FALSE,2,2,FALSE,8,2019-03-25,2019-05-13,TRUE,1,2026-08-11 19:24:32.944 -0700
HIST,436522,KNIGHTFALL,10,FALSE,1,1,FALSE,10,2017-12-06,2018-02-07,FALSE,1,2026-08-11 19:24:32.944 -0700
LIF,1098619,"MEET, MARRY, MURDER",19,FALSE,2,2,FALSE,20,2026-05-01,2026-05-29,TRUE,1,2026-08-11 19:24:32.944 -0700
LIF,1098619,"MEET, MARRY, MURDER",19,FALSE,1B,1,TRUE,7,2023-08-07,2023-09-18,FALSE,1,2026-08-11 19:24:32.944 -0700
LIF,1098619,"MEET, MARRY, MURDER",19,FALSE,1,1,FALSE,3,2022-10-03,2022-10-17,FALSE,1,2026-08-11 19:24:32.944 -0700
LIF,358300,PROM QUEENS,11,FALSE,1,1,FALSE,6,2012-09-20,2012-11-13,TRUE,1,2026-08-11 19:24:32.944 -0700
AEN,435198,AUTOBIOGRAPHY,13,FALSE,2018,2018,FALSE,1,2018-05-29,2018-05-29,TRUE,1,2026-08-11 19:24:32.944 -0700
AEN,435198,AUTOBIOGRAPHY,13,FALSE,2017,2017,FALSE,2,2017-11-12,2017-11-13,FALSE,1,2026-08-11 19:24:32.944 -0700
FYI,376712,MARRIED AT FIRST SIGHT SP,25,TRUE,4,4,FALSE,1,2016-07-26,2016-07-26,TRUE,1,2026-08-11 19:24:32.944 -0700
FYI,376712,MARRIED AT FIRST SIGHT SP,25,TRUE,3,3,FALSE,6,2015-12-01,2016-03-04,FALSE,1,2026-08-11 19:24:32.944 -0700
FYI,376712,MARRIED AT FIRST SIGHT SP,25,TRUE,2,2,FALSE,1,2015-03-17,2015-03-17,FALSE,1,2026-08-11 19:24:32.944 -0700
FYI,376712,MARRIED AT FIRST SIGHT SP,25,TRUE,1,1,FALSE,3,2014-07-08,2014-09-30,FALSE,1,2026-08-11 19:24:32.944 -0700
AEN,458503,ADDICTION UNPLUGGED,19,FALSE,1,1,FALSE,10,2019-08-17,2019-09-14,TRUE,1,2026-08-11 19:24:32.944 -0700
FYI,457638,BIG RIG WARRIORS,16,FALSE,1,1,FALSE,10,2019-07-20,2019-08-17,TRUE,1,2026-08-11 19:24:32.944 -0700
LIF,348428,PROJECT ACCESSORY,17,FALSE,1,1,FALSE,8,2011-10-27,2011-12-22,TRUE,1,2026-08-11 19:24:32.944 -0700
HIST,1012722,"SWAMP GHOST, THE",16,FALSE,2020,2020,FALSE,1,2020-07-04,2020-07-04,TRUE,1,2026-08-11 19:24:32.944 -0700
AEN,416294,LEAH REMINI: SCIENTOLOGY,24,FALSE,3,3,FALSE,9,2018-11-27,2019-08-26,TRUE,1,2026-08-11 19:24:32.944 -0700
AEN,416294,LEAH REMINI: SCIENTOLOGY,24,FALSE,2,2,FALSE,9,2017-08-15,2017-11-07,FALSE,1,2026-08-11 19:24:32.944 -0700
AEN,416294,LEAH REMINI: SCIENTOLOGY,24,FALSE,1,1,FALSE,7,2016-11-29,2017-01-10,FALSE,1,2026-08-11 19:24:32.944 -0700
LIF,401335,LITTLE WOMEN ATL REUNION,24,FALSE,6B,6,TRUE,1,2021-09-23,2021-09-23,TRUE,1,2026-08-11 19:24:32.944 -0700
LIF,401335,LITTLE WOMEN ATL REUNION,24,FALSE,3,3,FALSE,2,2017-05-24,2017-05-31,FALSE,1,2026-08-11 19:24:32.944 -0700
LIF,401335,LITTLE WOMEN ATL REUNION,24,FALSE,2,2,FALSE,2,2016-10-19,2016-10-26,FALSE,1,2026-08-11 19:24:32.944 -0700
LIF,401335,LITTLE WOMEN ATL REUNION,24,FALSE,1,1,FALSE,1,2016-03-23,2016-03-23,FALSE,1,2026-08-11 19:24:32.944 -0700
LIF,359109,DANCE MOMS REUNION,18,FALSE,9,9,FALSE,1,2024-05-01,2024-05-01,TRUE,1,2026-08-11 19:24:32.944 -0700
LIF,359109,DANCE MOMS REUNION,18,FALSE,8,8,FALSE,2,2019-09-03,2019-09-10,FALSE,1,2026-08-11 19:24:32.944 -0700
LIF,359109,DANCE MOMS REUNION,18,FALSE,6,6,FALSE,1,2016-05-10,2016-05-10,FALSE,1,2026-08-11 19:24:32.944 -0700
LIF,359109,DANCE MOMS REUNION,18,FALSE,5B,5,TRUE,1,2015-08-18,2015-08-18,FALSE,1,2026-08-11 19:24:32.944 -0700
LIF,359109,DANCE MOMS REUNION,18,FALSE,4B,4,TRUE,1,2014-10-14,2014-10-14,FALSE,1,2026-08-11 19:24:32.944 -0700
LIF,359109,DANCE MOMS REUNION,18,FALSE,4,4,FALSE,1,2014-04-22,2014-04-22,FALSE,1,2026-08-11 19:24:32.944 -0700
LIF,359109,DANCE MOMS REUNION,18,FALSE,3B,3,TRUE,1,2013-09-17,2013-09-17,FALSE,1,2026-08-11 19:24:32.944 -0700
LIF,359109,DANCE MOMS REUNION,18,FALSE,3,3,FALSE,1,2013-05-07,2013-05-07,FALSE,1,2026-08-11 19:24:32.944 -0700
LIF,449216,MAFS: HAPPILY EVER AFTER,24,FALSE,1,1,FALSE,8,2018-10-30,2018-12-18,TRUE,1,2026-08-11 19:24:32.944 -0700
VICE,417406,BONG APPETIT,12,FALSE,4,4,FALSE,10,2019-04-02,2019-06-04,TRUE,1,2026-08-11 19:24:32.944 -0700
VICE,417406,BONG APPETIT,12,FALSE,3,3,FALSE,10,2017-09-14,2017-11-16,FALSE,1,2026-08-11 19:24:32.944 -0700
VICE,417406,BONG APPETIT,12,FALSE,2,2,FALSE,10,2017-04-19,2017-06-21,FALSE,1,2026-08-11 19:24:32.944 -0700
VICE,417406,BONG APPETIT,12,FALSE,1,1,FALSE,10,2016-12-14,2017-02-15,FALSE,1,2026-08-11 19:24:32.944 -0700
VICE,1231007,CHASING SPEED,13,FALSE,1,1,FALSE,6,2026-01-21,2026-02-25,TRUE,1,2026-08-11 19:24:32.944 -0700
HIST,441370,TRUCK NIGHT IN AMERICA,22,FALSE,2,2,FALSE,10,2019-01-31,2019-03-28,TRUE,1,2026-08-11 19:24:32.944 -0700
HIST,441370,TRUCK NIGHT IN AMERICA,22,FALSE,1,1,FALSE,10,2018-03-08,2018-05-10,FALSE,1,2026-08-11 19:24:32.944 -0700
LIF,397262,RAP GAME,8,FALSE,5,5,FALSE,10,2019-01-10,2019-03-07,TRUE,1,2026-08-11 19:24:32.944 -0700
LIF,397262,RAP GAME,8,FALSE,4,4,FALSE,13,2017-11-24,2018-02-23,FALSE,1,2026-08-11 19:24:32.944 -0700
LIF,397262,RAP GAME,8,FALSE,3,3,FALSE,13,2017-01-13,2017-04-07,FALSE,1,2026-08-11 19:24:32.944 -0700
LIF,397262,RAP GAME,8,FALSE,2,2,FALSE,10,2016-07-22,2016-09-23,FALSE,1,2026-08-11 19:24:32.944 -0700
LIF,397262,RAP GAME,8,FALSE,1,1,FALSE,8,2016-01-01,2016-02-19,FALSE,1,2026-08-11 19:24:32.944 -0700
VICE,425009,MOLTISSIMO,10,FALSE,1,1,FALSE,7,2017-05-24,2017-06-21,TRUE,1,2026-08-11 19:24:32.944 -0700
VICE,1135099,SUPER MAX RETRO SHOW,20,FALSE,1,1,FALSE,10,2023-03-07,2023-04-25,TRUE,1,2026-08-11 19:24:32.944 -0700
AEN,371303,RODEO GIRLS,11,FALSE,1,1,FALSE,6,2013-12-11,2014-01-09,TRUE,1,2026-08-11 19:24:32.944 -0700
HIST,1006509,FORGED: BEAT THE JUDGES,23,FALSE,1,1,FALSE,6,2020-06-03,2020-07-08,TRUE,1,2026-08-11 19:24:32.944 -0700
VICE,421942,TATTOO AGE,10,FALSE,2,2,FALSE,10,2018-07-11,2018-09-05,TRUE,1,2026-08-11 19:24:32.944 -0700
VICE,421942,TATTOO AGE,10,FALSE,1,1,FALSE,8,2017-03-17,2017-05-05,FALSE,1,2026-08-11 19:24:32.944 -0700
LIF,1177227,DANCE MOMS: EPIC SHOWDOWN,25,TRUE,1,1,FALSE,10,2024-05-01,2024-05-15,TRUE,1,2026-08-11 19:24:32.944 -0700
AEN,1206144,STADIUM LOCKUP,14,FALSE,1,1,FALSE,10,2025-03-19,2025-05-21,TRUE,1,2026-08-11 19:24:32.944 -0700
HIST,331343,MADHOUSE,8,FALSE,1,1,FALSE,3,2010-01-10,2010-01-24,TRUE,1,2026-08-11 19:24:32.944 -0700
LIF,235765,SATURDAY MOVIE IV,17,FALSE,2014,2014,FALSE,1,2014-05-31,2014-05-31,TRUE,1,2026-08-11 19:24:32.944 -0700
LIF,235765,SATURDAY MOVIE IV,17,FALSE,2012,2012,FALSE,1,2012-02-11,2012-02-11,FALSE,1,2026-08-11 19:24:32.944 -0700
AEN,1243283,BEHIND BARS: OFFICER CAM,24,FALSE,1,1,FALSE,2,2026-07-23,2026-07-23,TRUE,1,2026-08-11 19:24:32.944 -0700
HIST,319114,JURASSIC FIGHT CLUB,19,FALSE,1,1,FALSE,12,2008-07-29,2008-10-22,TRUE,1,2026-08-11 19:24:32.944 -0700
LIF,416976,KNOCKED UP,10,FALSE,1,1,FALSE,3,2016-12-06,2016-12-20,TRUE,1,2026-08-11 19:24:32.944 -0700
AEN,346872,STORAGE WARS UNLOCKED,21,FALSE,1,1,FALSE,2,2011-08-31,2011-09-14,TRUE,1,2026-08-11 19:24:32.944 -0700
HIST,395147,AMERICAN PICKERS: BEST OF,25,TRUE,2026,2026,FALSE,3,2026-02-15,2026-03-01,TRUE,1,2026-08-11 19:24:32.944 -0700
HIST,395147,AMERICAN PICKERS: BEST OF,25,TRUE,2025,2025,FALSE,10,2025-04-09,2025-06-18,FALSE,1,2026-08-11 19:24:32.944 -0700
HIST,395147,AMERICAN PICKERS: BEST OF,25,TRUE,2024,2024,FALSE,11,2024-01-10,2024-07-03,FALSE,1,2026-08-11 19:24:32.944 -0700
HIST,395147,AMERICAN PICKERS: BEST OF,25,TRUE,2023,2023,FALSE,20,2023-01-04,2023-09-13,FALSE,1,2026-08-11 19:24:32.944 -0700
HIST,395147,AMERICAN PICKERS: BEST OF,25,TRUE,2022,2022,FALSE,20,2022-01-01,2022-09-17,FALSE,1,2026-08-11 19:24:32.944 -0700
HIST,395147,AMERICAN PICKERS: BEST OF,25,TRUE,2021,2021,FALSE,10,2021-01-18,2021-06-21,FALSE,1,2026-08-11 19:24:32.944 -0700
HIST,395147,AMERICAN PICKERS: BEST OF,25,TRUE,2020,2020,FALSE,17,2020-01-02,2020-08-10,FALSE,1,2026-08-11 19:24:32.944 -0700
HIST,395147,AMERICAN PICKERS: BEST OF,25,TRUE,2019,2019,FALSE,32,2019-01-10,2019-12-23,FALSE,1,2026-08-11 19:24:32.944 -0700
HIST,395147,AMERICAN PICKERS: BEST OF,25,TRUE,2018,2018,FALSE,36,2018-01-04,2018-12-27,FALSE,1,2026-08-11 19:24:32.944 -0700
HIST,395147,AMERICAN PICKERS: BEST OF,25,TRUE,2017,2017,FALSE,34,2017-03-08,2017-12-28,FALSE,1,2026-08-11 19:24:32.944 -0700
HIST,395147,AMERICAN PICKERS: BEST OF,25,TRUE,2015,2015,FALSE,4,2015-11-18,2015-12-09,FALSE,1,2026-08-11 19:24:32.944 -0700
VICE,1200145,DRAYMOND GREEN SHOW,19,FALSE,1,1,FALSE,26,2025-01-06,2025-06-30,TRUE,1,2026-08-11 19:24:32.944 -0700
AEN,1149587,MY STRANGE ARREST,17,FALSE,4,4,FALSE,16,2026-06-17,2026-08-05,TRUE,1,2026-08-11 19:24:32.944 -0700
AEN,1149587,MY STRANGE ARREST,17,FALSE,3,3,FALSE,12,2025-07-23,2025-09-10,FALSE,1,2026-08-11 19:24:32.944 -0700
AEN,1149587,MY STRANGE ARREST,17,FALSE,2,2,FALSE,20,2024-07-10,2024-09-11,FALSE,1,2026-08-11 19:24:32.944 -0700
AEN,1149587,MY STRANGE ARREST,17,FALSE,1,1,FALSE,12,2023-07-26,2023-08-30,FALSE,1,2026-08-11 19:24:32.944 -0700
AEN,353831,FLIPPED OFF,11,FALSE,1,1,FALSE,7,2012-04-28,2012-06-16,TRUE,1,2026-08-11 19:24:32.944 -0700
AEN,420523,DUCK DYNASTY: BEST OF,21,FALSE,1,1,FALSE,10,2017-02-15,2017-04-05,TRUE,1,2026-08-11 19:24:32.944 -0700
LIF,327885,PROJECT RUNWAY,14,FALSE,16,16,FALSE,14,2017-08-17,2017-11-16,TRUE,1,2026-08-11 19:24:32.944 -0700
LIF,327885,PROJECT RUNWAY,14,FALSE,15,15,FALSE,14,2016-09-15,2016-12-22,FALSE,1,2026-08-11 19:24:32.944 -0700
LIF,327885,PROJECT RUNWAY,14,FALSE,14,14,FALSE,15,2015-08-06,2015-11-19,FALSE,1,2026-08-11 19:24:32.944 -0700
LIF,327885,PROJECT RUNWAY,14,FALSE,13,13,FALSE,14,2014-07-24,2014-10-23,FALSE,1,2026-08-11 19:24:32.944 -0700
LIF,327885,PROJECT RUNWAY,14,FALSE,12,12,FALSE,14,2013-07-18,2013-10-17,FALSE,1,2026-08-11 19:24:32.944 -0700
LIF,327885,PROJECT RUNWAY,14,FALSE,11,11,FALSE,15,2013-01-24,2013-05-02,FALSE,1,2026-08-11 19:24:32.944 -0700
LIF,327885,PROJECT RUNWAY,14,FALSE,10,10,FALSE,14,2012-07-19,2012-10-18,FALSE,1,2026-08-11 19:24:32.944 -0700
LIF,327885,PROJECT RUNWAY,14,FALSE,1,1,FALSE,1,2011-11-03,2011-11-03,FALSE,1,2026-08-11 19:24:32.944 -0700
LIF,327885,PROJECT RUNWAY,14,FALSE,9,9,FALSE,14,2011-07-28,2011-10-27,FALSE,1,2026-08-11 19:24:32.944 -0700
LIF,327885,PROJECT RUNWAY,14,FALSE,8,8,FALSE,14,2010-07-29,2010-10-28,FALSE,1,2026-08-11 19:24:32.944 -0700
LIF,327885,PROJECT RUNWAY,14,FALSE,7,7,FALSE,14,2010-01-14,2010-04-22,FALSE,1,2026-08-11 19:24:32.944 -0700
LIF,327885,PROJECT RUNWAY,14,FALSE,6,6,FALSE,14,2009-08-20,2009-11-19,FALSE,1,2026-08-11 19:24:32.944 -0700
VICE,403848,KING OF THE ROAD,16,FALSE,3,3,FALSE,10,2018-07-10,2018-09-11,TRUE,1,2026-08-11 19:24:32.944 -0700
VICE,403848,KING OF THE ROAD,16,FALSE,2,2,FALSE,11,2017-06-08,2017-08-17,FALSE,1,2026-08-11 19:24:32.944 -0700
AEN,1001491,LIVE RESCUE SPECIALS,20,FALSE,3,3,FALSE,1,2020-12-25,2020-12-25,TRUE,1,2026-08-11 19:24:32.944 -0700
AEN,1001491,LIVE RESCUE SPECIALS,20,FALSE,2,2,FALSE,1,2019-12-23,2019-12-23,FALSE,1,2026-08-11 19:24:32.944 -0700
LMN,384089,"HELP, WHATS KILLING ME",22,FALSE,1,1,FALSE,1,2015-03-31,2015-03-31,TRUE,1,2026-08-11 19:24:32.944 -0700
AEN,1139441,STONE COLD TAKES AMERICA,24,FALSE,1,1,FALSE,10,2023-04-30,2023-07-09,TRUE,1,2026-08-11 19:24:32.944 -0700
LIF,424451,ESCAPING POLYGAMY,17,FALSE,5,5,FALSE,3,2019-04-01,2019-04-15,TRUE,3,2026-08-11 19:24:32.944 -0700
LIF,424451,ESCAPING POLYGAMY,17,FALSE,4,4,FALSE,10,2018-06-18,2018-08-20,FALSE,3,2026-08-11 19:24:32.944 -0700
AEN,335261,"GLADES, THE",11,FALSE,4,4,FALSE,13,2013-05-27,2013-08-26,TRUE,1,2026-08-11 19:24:32.944 -0700
AEN,335261,"GLADES, THE",11,FALSE,3,3,FALSE,10,2012-06-03,2012-08-12,FALSE,1,2026-08-11 19:24:32.944 -0700
AEN,335261,"GLADES, THE",11,FALSE,2,2,FALSE,13,2011-06-05,2011-09-05,FALSE,1,2026-08-11 19:24:32.944 -0700
AEN,335261,"GLADES, THE",11,FALSE,1,1,FALSE,13,2010-07-11,2010-10-03,FALSE,1,2026-08-11 19:24:32.944 -0700
HIST,1202807,MYSTERIES FROM ABOVE,20,FALSE,4,4,FALSE,4,2026-07-10,2026-07-31,TRUE,1,2026-08-11 19:24:32.944 -0700
HIST,1202807,MYSTERIES FROM ABOVE,20,FALSE,3,3,FALSE,3,2025-10-09,2025-10-23,FALSE,1,2026-08-11 19:24:32.944 -0700
HIST,1202807,MYSTERIES FROM ABOVE,20,FALSE,2,2,FALSE,22,2025-07-12,2025-09-19,FALSE,1,2026-08-11 19:24:32.944 -0700
HIST,1202807,MYSTERIES FROM ABOVE,20,FALSE,1,1,FALSE,8,2025-02-07,2025-03-28,FALSE,1,2026-08-11 19:24:32.944 -0700
HIST,327522,CLASH OF THE GODS,17,FALSE,1,1,FALSE,9,2009-08-03,2009-10-05,TRUE,1,2026-08-11 19:24:32.944 -0700
AEN,1124248,CUSTOMER WARS,13,FALSE,8,8,FALSE,17,2026-03-10,2026-05-05,TRUE,1,2026-08-11 19:24:32.944 -0700
AEN,1124248,CUSTOMER WARS,13,FALSE,7,7,FALSE,17,2025-10-14,2025-12-23,FALSE,1,2026-08-11 19:24:32.944 -0700
AEN,1124248,CUSTOMER WARS,13,FALSE,6,6,FALSE,12,2025-07-15,2025-08-19,FALSE,1,2026-08-11 19:24:32.944 -0700
AEN,1124248,CUSTOMER WARS,13,FALSE,5,5,FALSE,14,2025-02-04,2025-03-25,FALSE,1,2026-08-11 19:24:32.944 -0700
AEN,1124248,CUSTOMER WARS,13,FALSE,4,4,FALSE,16,2024-05-07,2024-08-13,FALSE,1,2026-08-11 19:24:32.944 -0700
AEN,1124248,CUSTOMER WARS,13,FALSE,3,3,FALSE,25,2023-11-07,2024-03-19,FALSE,1,2026-08-11 19:24:32.944 -0700
AEN,1124248,CUSTOMER WARS,13,FALSE,2,2,FALSE,12,2023-06-06,2023-08-01,FALSE,1,2026-08-11 19:24:32.944 -0700
AEN,1124248,CUSTOMER WARS,13,FALSE,1,1,FALSE,15,2022-11-15,2023-01-24,FALSE,1,2026-08-11 19:24:32.944 -0700
AEN,335565,GROWING UP TWISTED,18,FALSE,1,1,FALSE,7,2010-07-27,2010-08-24,TRUE,1,2026-08-11 19:24:32.944 -0700
AEN,1150516,WOMEN ON DEATH ROW (A&E),24,FALSE,1,1,FALSE,6,2023-08-04,2023-09-08,TRUE,1,2026-08-11 19:24:32.944 -0700
FYI,461558,"LIQUIDATOR, THE",15,FALSE,2,2,FALSE,16,2020-04-08,2020-04-15,TRUE,1,2026-08-11 19:24:32.944 -0700
FYI,461558,"LIQUIDATOR, THE",15,FALSE,1,1,FALSE,10,2019-12-06,2020-01-03,FALSE,1,2026-08-11 19:24:32.944 -0700
HIST,366932,"GOD, GUNS & AUTOMOBILES",23,FALSE,1,1,FALSE,14,2013-07-08,2013-09-17,TRUE,1,2026-08-11 19:24:32.944 -0700
LIF,377030,"LOTTERY, THE",12,FALSE,1,1,FALSE,10,2014-07-20,2014-09-28,TRUE,1,2026-08-11 19:24:32.944 -0700
VICE,1038940,MAJOR LEAGUE WRESTLING,22,FALSE,1,1,FALSE,8,2021-05-01,2021-06-12,TRUE,1,2026-08-11 19:24:32.944 -0700
AEN,388027,LACHEYS BAR,11,FALSE,1,1,FALSE,10,2015-07-15,2015-09-09,TRUE,1,2026-08-11 19:24:32.944 -0700
AEN,412868,MAFS FL (A&E),13,FALSE,4,4,FALSE,2,2016-10-11,2016-10-18,TRUE,1,2026-08-11 19:24:32.944 -0700
AEN,347997,BORDERTOWN LAREDO,17,FALSE,1,1,FALSE,10,2011-10-13,2011-11-10,TRUE,1,2026-08-11 19:24:32.944 -0700
HIST,1160249,KENNEDY,7,FALSE,1,1,FALSE,8,2023-11-18,2023-11-20,TRUE,1,2026-08-11 19:24:32.944 -0700
AEN,1093540,MOVE OR IMPROVE,15,FALSE,1,1,FALSE,20,2022-08-13,2022-10-23,TRUE,1,2026-08-11 19:24:32.944 -0700
VICE,410143,BLACK MARKET: DISPATCHES,24,FALSE,1,1,FALSE,8,2016-08-30,2016-10-18,TRUE,1,2026-08-11 19:24:32.944 -0700
AEN,392430,OJ SPEAKS,9,FALSE,2015,2015,FALSE,1,2015-10-01,2015-10-01,TRUE,1,2026-08-11 19:24:32.944 -0700
AEN,1040705,COURT CAM: UNDER OATH,21,FALSE,1,1,FALSE,11,2021-06-02,2021-07-14,TRUE,1,2026-08-11 19:24:32.944 -0700
AEN,1209040,PARENT WARS,11,FALSE,1,1,FALSE,16,2025-05-06,2025-06-24,TRUE,1,2026-08-11 19:24:32.944 -0700
AEN,1150512,WITNESS TO MURDER:DIGITAL,25,TRUE,1,1,FALSE,10,2023-08-04,2023-09-22,TRUE,1,2026-08-11 19:24:32.944 -0700
AEN,335820,SQUAD PRISON POLICE,19,FALSE,1,1,FALSE,10,2010-08-05,2010-09-16,TRUE,1,2026-08-11 19:24:32.944 -0700
AEN,1043759,FASTEN YOUR SEATBELT,20,FALSE,1,1,FALSE,8,2021-07-21,2021-08-11,TRUE,1,2026-08-11 19:24:32.944 -0700
LIF,420785,BRINGING UP BALLERS FL,22,FALSE,1,1,FALSE,1,2017-02-22,2017-02-22,TRUE,1,2026-08-11 19:24:32.944 -0700
HIST,1177311,UNXPLAINED: MYST UNIVERSE,25,TRUE,1,1,FALSE,8,2024-05-03,2024-06-21,TRUE,1,2026-08-11 19:24:32.944 -0700
AEN,332849,KIRSTIE ALLEYS BIG LIFE,23,FALSE,1,1,FALSE,12,2010-03-21,2010-05-09,TRUE,1,2026-08-11 19:24:32.944 -0700
HIST,375349,"WORLD WARS, THE",15,FALSE,1,1,FALSE,3,2014-05-26,2014-05-28,TRUE,1,2026-08-11 19:24:32.944 -0700
AEN,201243,AMERICAN JUSTICE,16,FALSE,2022B,2022,TRUE,9,2022-08-20,2022-09-30,TRUE,1,2026-08-11 19:24:32.944 -0700
AEN,201243,AMERICAN JUSTICE,16,FALSE,2022,2022,FALSE,8,2022-03-25,2022-05-13,FALSE,1,2026-08-11 19:24:32.944 -0700
AEN,201243,AMERICAN JUSTICE,16,FALSE,2021,2021,FALSE,6,2021-08-20,2021-09-24,FALSE,1,2026-08-11 19:24:32.944 -0700
LIF,444112,"REAL SVU, THE",13,FALSE,2018,2018,FALSE,1,2018-05-21,2018-05-21,TRUE,2,2026-08-11 19:24:32.944 -0700
HIST,1152548,ANCIENT EMPIRES,15,FALSE,1,1,FALSE,3,2023-09-04,2023-09-06,TRUE,1,2026-08-11 19:24:32.944 -0700
AEN,419326,ESCAPING POLYGAMY AC,20,FALSE,2B,2,TRUE,4,2017-01-31,2017-02-21,TRUE,1,2026-08-11 19:24:32.944 -0700
FYI,402096,HE SHED SHE SHED,16,FALSE,1,1,FALSE,6,2016-04-02,2016-05-07,TRUE,1,2026-08-11 19:24:32.944 -0700
LMN,368997,CELEBRITY GHOST STORIES,23,FALSE,8,8,FALSE,3,2014-03-22,2014-04-19,TRUE,2,2026-08-11 19:24:32.944 -0700
LMN,368997,CELEBRITY GHOST STORIES,23,FALSE,7,7,FALSE,6,2013-10-19,2013-11-23,FALSE,2,2026-08-11 19:24:32.944 -0700
HIST,393547,GREAT WILD NORTH,16,FALSE,1,1,FALSE,8,2015-10-22,2015-12-10,TRUE,1,2026-08-11 19:24:32.944 -0700
AEN,1145132,HOARDERS CA,11,FALSE,16,16,FALSE,2,2024-11-25,2024-12-02,TRUE,1,2026-08-11 19:24:32.944 -0700
AEN,1145132,HOARDERS CA,11,FALSE,15,15,FALSE,4,2024-02-26,2024-03-18,FALSE,1,2026-08-11 19:24:32.944 -0700
AEN,1145132,HOARDERS CA,11,FALSE,14,14,FALSE,2,2023-06-12,2023-06-26,FALSE,1,2026-08-11 19:24:32.944 -0700
FYI,380558,LATE NITE CHEF FIGHT,20,FALSE,2,2,FALSE,5,2015-10-15,2015-11-12,TRUE,1,2026-08-11 19:24:32.944 -0700
FYI,380558,LATE NITE CHEF FIGHT,20,FALSE,1,1,FALSE,8,2014-11-29,2015-01-17,FALSE,1,2026-08-11 19:24:32.944 -0700
AEN,459349,DIGITAL ADDICTION,17,FALSE,1,1,FALSE,10,2022-06-13,2022-08-08,TRUE,1,2026-08-11 19:24:32.944 -0700
AEN,459349,DIGITAL ADDICTION,17,FALSE,2019,2019,FALSE,1,2019-09-17,2019-09-17,FALSE,1,2026-08-11 19:24:32.944 -0700
FYI,387638,SEVEN YEAR SWITCH,17,FALSE,2,2,FALSE,8,2017-01-03,2017-02-21,TRUE,2,2026-08-11 19:24:32.944 -0700
FYI,387638,SEVEN YEAR SWITCH,17,FALSE,1,1,FALSE,8,2015-07-07,2015-08-25,FALSE,2,2026-08-11 19:24:32.944 -0700
HIST,1087165,BOOZE BETS SEX THAT BUILT,25,TRUE,1,1,FALSE,3,2022-06-12,2022-06-26,TRUE,1,2026-08-11 19:24:32.944 -0700
AEN,1089688,BIOGRAPHY: WWE LEGENDS,22,FALSE,5,5,FALSE,4,2026-04-26,2026-05-17,TRUE,1,2026-08-11 19:24:32.944 -0700
AEN,1089688,BIOGRAPHY: WWE LEGENDS,22,FALSE,4B,4,TRUE,12,2024-05-19,2024-08-04,FALSE,1,2026-08-11 19:24:32.944 -0700
AEN,1089688,BIOGRAPHY: WWE LEGENDS,22,FALSE,4,4,FALSE,6,2024-02-25,2024-03-31,FALSE,1,2026-08-11 19:24:32.944 -0700
AEN,1089688,BIOGRAPHY: WWE LEGENDS,22,FALSE,3,3,FALSE,10,2023-02-19,2023-04-16,FALSE,1,2026-08-11 19:24:32.944 -0700
AEN,1089688,BIOGRAPHY: WWE LEGENDS,22,FALSE,2,2,FALSE,8,2022-07-10,2022-09-04,FALSE,1,2026-08-11 19:24:32.944 -0700
HIST,1179724,EINSTEIN CHALLENGE,18,FALSE,1,1,FALSE,14,2024-06-02,2024-06-23,TRUE,1,2026-08-11 19:24:32.944 -0700
AEN,382284,NIGHTWATCH,10,FALSE,7,7,FALSE,9,2023-09-06,2023-10-04,TRUE,1,2026-08-11 19:24:32.944 -0700
AEN,382284,NIGHTWATCH,10,FALSE,6,6,FALSE,9,2022-03-10,2022-05-05,FALSE,1,2026-08-11 19:24:32.944 -0700
AEN,382284,NIGHTWATCH,10,FALSE,5,5,FALSE,12,2021-03-25,2021-06-17,FALSE,1,2026-08-11 19:24:32.944 -0700
AEN,382284,NIGHTWATCH,10,FALSE,4,4,FALSE,10,2017-02-09,2017-04-20,FALSE,1,2026-08-11 19:24:32.944 -0700
AEN,382284,NIGHTWATCH,10,FALSE,3,3,FALSE,10,2016-12-01,2017-02-02,FALSE,1,2026-08-11 19:24:32.944 -0700
AEN,382284,NIGHTWATCH,10,FALSE,2,2,FALSE,11,2015-11-05,2016-02-04,FALSE,1,2026-08-11 19:24:32.944 -0700
AEN,382284,NIGHTWATCH,10,FALSE,1,1,FALSE,9,2015-01-22,2015-03-19,FALSE,1,2026-08-11 19:24:32.944 -0700
HIST,1238798,WORLD WAR II TOM HANKS,22,FALSE,1,1,FALSE,20,2026-05-25,2026-07-27,TRUE,1,2026-08-11 19:24:32.944 -0700
FYI,1064343,RACHAEL RAYS ITA DREAM HM,25,TRUE,1,1,FALSE,8,2022-04-11,2022-05-23,TRUE,1,2026-08-11 19:24:32.944 -0700
VICE,1048896,HIGH STAKES POKER,17,FALSE,15,15,FALSE,17,2026-03-07,2026-05-02,TRUE,1,2026-08-11 19:24:32.944 -0700
VICE,1048896,HIGH STAKES POKER,17,FALSE,14,14,FALSE,14,2025-08-02,2025-09-13,FALSE,1,2026-08-11 19:24:32.944 -0700
VICE,1048896,HIGH STAKES POKER,17,FALSE,13,13,FALSE,12,2025-03-01,2025-04-05,FALSE,1,2026-08-11 19:24:32.944 -0700
VICE,1048896,HIGH STAKES POKER,17,FALSE,12,12,FALSE,25,2024-07-13,2024-10-05,FALSE,1,2026-08-11 19:24:32.944 -0700
VICE,1048896,HIGH STAKES POKER,17,FALSE,11,11,FALSE,28,2024-02-10,2024-07-06,FALSE,1,2026-08-11 19:24:32.944 -0700
VICE,1048896,HIGH STAKES POKER,17,FALSE,10,10,FALSE,17,2023-05-20,2023-07-15,FALSE,1,2026-08-11 19:24:32.944 -0700
VICE,1048896,HIGH STAKES POKER,17,FALSE,9,9,FALSE,14,2022-05-14,2022-06-25,FALSE,1,2026-08-11 19:24:32.944 -0700
VICE,1048896,HIGH STAKES POKER,17,FALSE,8,8,FALSE,14,2021-10-02,2021-12-18,FALSE,1,2026-08-11 19:24:32.944 -0700
AEN,354903,LONGMIRE,8,FALSE,3,3,FALSE,10,2014-06-02,2014-08-04,TRUE,1,2026-08-11 19:24:32.944 -0700
AEN,354903,LONGMIRE,8,FALSE,2,2,FALSE,13,2013-05-27,2013-08-26,FALSE,1,2026-08-11 19:24:32.944 -0700
AEN,354903,LONGMIRE,8,FALSE,1,1,FALSE,10,2012-06-03,2012-08-12,FALSE,1,2026-08-11 19:24:32.944 -0700
LIF,1005442,ONCE UPON A QUARANTIME,22,FALSE,2020,2020,FALSE,1,2020-05-20,2020-05-20,TRUE,1,2026-08-11 19:24:32.944 -0700
VICE,448151,HUNT FOR THE TRUMP TAPES,24,FALSE,1,1,FALSE,8,2018-09-18,2018-10-16,TRUE,1,2026-08-11 19:24:32.944 -0700
LMN,422994,MOVIE- LMN ORIGINAL PREM,24,FALSE,2019,2019,FALSE,1,2019-08-02,2019-08-02,TRUE,1,2026-08-11 19:24:32.944 -0700
LMN,422994,MOVIE- LMN ORIGINAL PREM,24,FALSE,2018,2018,FALSE,3,2018-02-02,2018-09-07,FALSE,1,2026-08-11 19:24:32.944 -0700
LMN,422994,MOVIE- LMN ORIGINAL PREM,24,FALSE,2017,2017,FALSE,4,2017-04-09,2017-06-24,FALSE,1,2026-08-11 19:24:32.944 -0700
LIF,359052,ABBYS ULTIMATE DANCE SPEC,25,TRUE,1,1,FALSE,1,2012-10-09,2012-10-09,TRUE,1,2026-08-11 19:24:32.944 -0700
VICE,1179928,UNINTERRUPTED: REAL BBALL,25,TRUE,1,1,FALSE,8,2024-06-04,2024-07-23,TRUE,1,2026-08-11 19:24:32.944 -0700
FYI,390683,BIG KITCHENS,12,FALSE,1,1,FALSE,13,2015-08-31,2015-10-15,TRUE,1,2026-08-11 19:24:32.944 -0700
HIST,389952,POWER & ICE,11,FALSE,1,1,FALSE,8,2015-08-27,2015-10-14,TRUE,1,2026-08-11 19:24:32.944 -0700
AEN,1222350,REAL ESTATE COMMISSION,22,FALSE,1,1,FALSE,8,2025-10-11,2025-11-01,TRUE,1,2026-08-11 19:24:32.944 -0700
VICE,1156159,ICONS UNEARTHED: JMS BOND,25,TRUE,1,1,FALSE,6,2023-10-04,2023-11-08,TRUE,1,2026-08-11 19:24:32.944 -0700
FYI,382101,MAFS: THE FIRST YEAR,20,FALSE,2B,2,TRUE,6,2016-03-22,2016-05-03,TRUE,1,2026-08-11 19:24:32.944 -0700
FYI,382101,MAFS: THE FIRST YEAR,20,FALSE,2,2,FALSE,7,2015-10-13,2015-11-24,FALSE,1,2026-08-11 19:24:32.944 -0700
FYI,382101,MAFS: THE FIRST YEAR,20,FALSE,1,1,FALSE,9,2015-01-13,2015-03-24,FALSE,1,2026-08-11 19:24:32.944 -0700
HIST,1159485,CURSE OAK ISLAND DRILLING,25,TRUE,13B,13,TRUE,2,2026-05-05,2026-05-12,TRUE,1,2026-08-11 19:24:32.944 -0700
HIST,1159485,CURSE OAK ISLAND DRILLING,25,TRUE,13,13,FALSE,2,2025-11-04,2026-02-17,FALSE,1,2026-08-11 19:24:32.944 -0700
HIST,1159485,CURSE OAK ISLAND DRILLING,25,TRUE,12,12,FALSE,3,2024-11-12,2025-05-20,FALSE,1,2026-08-11 19:24:32.944 -0700
HIST,1159485,CURSE OAK ISLAND DRILLING,25,TRUE,11,11,FALSE,6,2023-11-07,2024-05-07,FALSE,1,2026-08-11 19:24:32.944 -0700
HIST,328349,NOSTRADAMUS EFFECT,18,FALSE,1,1,FALSE,12,2009-09-09,2009-12-16,TRUE,1,2026-08-11 19:24:32.944 -0700
FYI,436430,SHEFFIELD REAL ESTATE,21,FALSE,1,1,FALSE,15,2017-11-30,2018-01-18,TRUE,1,2026-08-11 19:24:32.944 -0700
LMN,367640,I KILLED MY BFF,15,FALSE,2,2,FALSE,8,2014-10-22,2014-12-17,TRUE,1,2026-08-11 19:24:32.944 -0700
LMN,367640,I KILLED MY BFF,15,FALSE,1,1,FALSE,8,2013-08-11,2013-10-13,FALSE,1,2026-08-11 19:24:32.944 -0700
LIF,405836,DEVIOUS MAIDS SPECIAL,21,FALSE,4,4,FALSE,1,2016-06-06,2016-06-06,TRUE,1,2026-08-11 19:24:32.944 -0700
LIF,423312,LWLA LT LIVE AFTERSHOW,22,FALSE,6,6,FALSE,7,2017-04-11,2017-05-23,TRUE,1,2026-08-11 19:24:32.944 -0700
HIST,371138,BONNIE & CLYDE,14,FALSE,1,1,FALSE,2,2013-12-08,2013-12-09,TRUE,3,2026-08-11 19:24:32.944 -0700
LMN,372838,DEADLY WIVES,12,FALSE,2,2,FALSE,8,2014-02-27,2014-04-14,TRUE,1,2026-08-11 19:24:32.944 -0700
HIST,1179007,PAWN DO AMERICA SPECIALS,24,FALSE,1,1,FALSE,2,2024-05-22,2024-05-22,TRUE,1,2026-08-11 19:24:32.944 -0700
VICE,1002967,DARK SIDE: AFTER DARK,21,FALSE,2,2,FALSE,9,2020-03-24,2020-05-26,TRUE,1,2026-08-11 19:24:32.944 -0700
AEN,1202796,UNDERTAKER: THE LAST RIDE,25,TRUE,1,1,FALSE,5,2025-02-14,2025-02-14,TRUE,1,2026-08-11 19:24:32.944 -0700
HIST,1045438,ANCIENT ALIENS SPECIALS,23,FALSE,20,20,FALSE,6,2025-02-07,2025-03-14,TRUE,1,2026-08-11 19:24:32.944 -0700
HIST,1045438,ANCIENT ALIENS SPECIALS,23,FALSE,19,19,FALSE,6,2024-01-05,2024-02-16,FALSE,1,2026-08-11 19:24:32.944 -0700
HIST,1045438,ANCIENT ALIENS SPECIALS,23,FALSE,18,18,FALSE,6,2023-06-30,2023-09-15,FALSE,1,2026-08-11 19:24:32.944 -0700
HIST,1045438,ANCIENT ALIENS SPECIALS,23,FALSE,17,17,FALSE,4,2021-08-13,2021-10-08,FALSE,1,2026-08-11 19:24:32.944 -0700
HIST,362134,ULTIMATE GUIDE PRESIDENTS,25,TRUE,1,1,FALSE,4,2013-01-15,2013-01-18,TRUE,1,2026-08-11 19:24:32.944 -0700
AEN,438914,UNDERCOVER HIGH,15,FALSE,1,1,FALSE,11,2018-01-09,2018-03-20,TRUE,1,2026-08-11 19:24:32.944 -0700
HIST,444169,SIX SPECIALS,12,FALSE,2,2,FALSE,1,2018-05-23,2018-05-23,TRUE,1,2026-08-11 19:24:32.944 -0700
FYI,451877,BACKROAD BOUNTY,15,FALSE,1,1,FALSE,26,2019-01-08,2019-06-04,TRUE,1,2026-08-11 19:24:32.944 -0700
VICE,1090743,ICONS UNEARTHED: STAR WAR,25,TRUE,1,1,FALSE,6,2022-07-12,2022-08-16,TRUE,1,2026-08-11 19:24:32.944 -0700
LIF,341166,SERIOUSLY FUNNY KIDS,20,FALSE,1,1,FALSE,20,2011-02-01,2011-04-11,TRUE,1,2026-08-11 19:24:32.944 -0700
FYI,376745,WORLD FOOD CHAMPIONSHIPS,24,FALSE,1,1,FALSE,6,2014-07-10,2014-08-14,TRUE,1,2026-08-11 19:24:32.944 -0700
VICE,1056595,IN MY OWN WORLD,15,FALSE,1,1,FALSE,7,2022-01-25,2022-03-08,TRUE,1,2026-08-11 19:24:32.944 -0700
AEN,1189913,AIRLINE WARS,12,FALSE,1,1,FALSE,5,2024-09-22,2024-09-22,TRUE,1,2026-08-11 19:24:32.944 -0700
VICE,435377,MOST EXPENSIVEST,16,FALSE,5,5,FALSE,10,2023-02-13,2023-04-24,TRUE,1,2026-08-11 19:24:32.944 -0700
VICE,435377,MOST EXPENSIVEST,16,FALSE,4,4,FALSE,10,2020-05-11,2020-07-13,FALSE,1,2026-08-11 19:24:32.944 -0700
VICE,435377,MOST EXPENSIVEST,16,FALSE,3,3,FALSE,10,2019-06-11,2019-08-20,FALSE,1,2026-08-11 19:24:32.944 -0700
VICE,435377,MOST EXPENSIVEST,16,FALSE,2,2,FALSE,14,2018-04-17,2018-10-30,FALSE,1,2026-08-11 19:24:32.944 -0700
VICE,435377,MOST EXPENSIVEST,16,FALSE,1,1,FALSE,10,2017-11-15,2018-01-17,FALSE,1,2026-08-11 19:24:32.944 -0700
AEN,441960,MARCIA CLARK INVESTIGATES,25,TRUE,1,1,FALSE,7,2018-03-29,2018-05-10,TRUE,1,2026-08-11 19:24:32.944 -0700
HIST,315822,AX MEN,6,FALSE,10,10,FALSE,10,2019-07-11,2019-09-12,TRUE,1,2026-08-11 19:24:32.944 -0700
HIST,315822,AX MEN,6,FALSE,9,9,FALSE,15,2015-11-22,2016-03-06,FALSE,1,2026-08-11 19:24:32.944 -0700
HIST,315822,AX MEN,6,FALSE,8,8,FALSE,20,2014-11-30,2015-04-26,FALSE,1,2026-08-11 19:24:32.944 -0700
HIST,315822,AX MEN,6,FALSE,7,7,FALSE,20,2013-11-10,2014-04-06,FALSE,1,2026-08-11 19:24:32.944 -0700
HIST,315822,AX MEN,6,FALSE,6,6,FALSE,20,2012-12-09,2013-06-02,FALSE,1,2026-08-11 19:24:32.944 -0700
HIST,315822,AX MEN,6,FALSE,5,5,FALSE,20,2012-01-08,2012-05-20,FALSE,1,2026-08-11 19:24:32.944 -0700
HIST,315822,AX MEN,6,FALSE,4,4,FALSE,20,2010-12-12,2011-05-08,FALSE,1,2026-08-11 19:24:32.944 -0700
HIST,315822,AX MEN,6,FALSE,3,3,FALSE,13,2010-01-10,2010-04-18,FALSE,1,2026-08-11 19:24:32.944 -0700
HIST,315822,AX MEN,6,FALSE,2,2,FALSE,12,2009-03-02,2009-05-18,FALSE,1,2026-08-11 19:24:32.944 -0700
HIST,315822,AX MEN,6,FALSE,1,1,FALSE,13,2008-03-09,2008-06-08,FALSE,1,2026-08-11 19:24:32.944 -0700
AEN,1060404,DEEP FRIED DYNASTY,18,FALSE,1,1,FALSE,13,2022-03-08,2022-04-23,TRUE,1,2026-08-11 19:24:32.944 -0700
AEN,448014,DEAF OUT LOUD,13,FALSE,2018,2018,FALSE,1,2018-09-12,2018-09-12,TRUE,1,2026-08-11 19:24:32.944 -0700
LIF,429706,DM: CHLOE DOES IT,17,FALSE,1,1,FALSE,9,2017-08-08,2017-10-17,TRUE,1,2026-08-11 19:24:32.944 -0700
HIST,376553,BIKER BATTLEGROUND PHX,22,FALSE,1,1,FALSE,9,2014-07-01,2014-08-26,TRUE,1,2026-08-11 19:24:32.944 -0700
LMN,447845,YOU,3,FALSE,1,1,FALSE,1,2018-09-09,2018-09-09,TRUE,2,2026-08-11 19:24:32.944 -0700
VICE,425939,AMERICAN BOYBAND,16,FALSE,1,1,FALSE,8,2017-06-08,2017-07-27,TRUE,1,2026-08-11 19:24:32.944 -0700
HIST,357103,COUNTING CARS,13,FALSE,11,11,FALSE,10,2021-09-15,2021-12-01,TRUE,1,2026-08-11 19:24:32.944 -0700
HIST,357103,COUNTING CARS,13,FALSE,10,10,FALSE,10,2020-06-03,2020-10-21,FALSE,1,2026-08-11 19:24:32.944 -0700
HIST,357103,COUNTING CARS,13,FALSE,9,9,FALSE,16,2018-07-10,2018-11-06,FALSE,1,2026-08-11 19:24:32.944 -0700
HIST,357103,COUNTING CARS,13,FALSE,8,8,FALSE,10,2017-10-03,2017-10-31,FALSE,1,2026-08-11 19:24:32.944 -0700
HIST,357103,COUNTING CARS,13,FALSE,7,7,FALSE,19,2017-01-28,2017-08-13,FALSE,1,2026-08-11 19:24:32.944 -0700
HIST,357103,COUNTING CARS,13,FALSE,6,6,FALSE,22,2016-02-16,2016-08-16,FALSE,1,2026-08-11 19:24:32.944 -0700
HIST,357103,COUNTING CARS,13,FALSE,5,5,FALSE,30,2015-02-24,2015-09-08,FALSE,1,2026-08-11 19:24:32.944 -0700
HIST,357103,COUNTING CARS,13,FALSE,4,4,FALSE,13,2014-07-15,2014-08-26,FALSE,1,2026-08-11 19:24:32.944 -0700
HIST,357103,COUNTING CARS,13,FALSE,3,3,FALSE,13,2014-01-07,2014-03-04,FALSE,1,2026-08-11 19:24:32.944 -0700
HIST,357103,COUNTING CARS,13,FALSE,2,2,FALSE,26,2013-04-09,2013-07-30,FALSE,1,2026-08-11 19:24:32.944 -0700
HIST,357103,COUNTING CARS,13,FALSE,1,1,FALSE,13,2012-08-13,2012-09-25,FALSE,1,2026-08-11 19:24:32.944 -0700
AEN,373732,BREAKING BOSTON,15,FALSE,2014,2014,FALSE,1,2014-03-13,2014-03-13,TRUE,1,2026-08-11 19:24:32.944 -0700
VICE,1130083,VICE SPECIAL REPORT,19,FALSE,2023,2023,FALSE,39,2023-01-05,2023-12-21,TRUE,1,2026-08-11 19:24:32.944 -0700
LIF,1092396,FIRST 48 CRITICAL MINUTES,25,TRUE,2,2,FALSE,4,2022-08-01,2022-08-29,TRUE,2,2026-08-11 19:24:32.944 -0700
HIST,367621,LEGEND SHELBY SWAMP MAN,23,FALSE,2,2,FALSE,2,2015-04-26,2015-04-26,TRUE,1,2026-08-11 19:24:32.944 -0700
HIST,367621,LEGEND SHELBY SWAMP MAN,23,FALSE,1,1,FALSE,8,2013-08-06,2013-08-27,FALSE,1,2026-08-11 19:24:32.944 -0700
AEN,445454,CULTURESHOCK,12,FALSE,1,1,FALSE,5,2018-06-25,2018-10-15,TRUE,1,2026-08-11 19:24:32.944 -0700
AEN,1160226,INTERROGATION CAM,17,FALSE,1,1,FALSE,16,2023-11-15,2024-01-03,TRUE,1,2026-08-11 19:24:32.944 -0700
AEN,1061093,SECRETS OF CHIPPENDALES,23,FALSE,1,1,FALSE,4,2022-03-14,2022-04-04,TRUE,1,2026-08-11 19:24:32.944 -0700
LIF,420782,POP GAME,8,FALSE,1,1,FALSE,10,2017-02-21,2017-04-21,TRUE,1,2026-08-11 19:24:32.944 -0700
AEN,314037,PARKING WARS,12,FALSE,7,7,FALSE,19,2012-10-06,2012-12-22,TRUE,1,2026-08-11 19:24:32.944 -0700
AEN,314037,PARKING WARS,12,FALSE,6,6,FALSE,13,2012-02-11,2012-04-21,FALSE,1,2026-08-11 19:24:32.944 -0700
AEN,314037,PARKING WARS,12,FALSE,5,5,FALSE,12,2011-04-16,2011-06-18,FALSE,1,2026-08-11 19:24:32.944 -0700
AEN,314037,PARKING WARS,12,FALSE,4,4,FALSE,13,2010-10-12,2010-11-23,FALSE,1,2026-08-11 19:24:32.944 -0700
AEN,314037,PARKING WARS,12,FALSE,3,3,FALSE,13,2009-10-06,2009-11-17,FALSE,1,2026-08-11 19:24:32.944 -0700
AEN,314037,PARKING WARS,12,FALSE,2,2,FALSE,18,2008-10-15,2008-12-17,FALSE,1,2026-08-11 19:24:32.944 -0700
AEN,314037,PARKING WARS,12,FALSE,1,1,FALSE,16,2008-01-08,2008-02-26,FALSE,1,2026-08-11 19:24:32.944 -0700
LIF,372276,UNDER THE GUNN CASTING SP,25,TRUE,1,1,FALSE,2,2014-01-16,2014-01-23,TRUE,1,2026-08-11 19:24:32.944 -0700
VICE,1002011,VICE SPECIAL,12,FALSE,2026,2026,FALSE,1,2026-07-23,2026-07-23,TRUE,1,2026-08-11 19:24:32.944 -0700
VICE,1002011,VICE SPECIAL,12,FALSE,2024,2024,FALSE,1,2024-04-08,2024-04-08,FALSE,1,2026-08-11 19:24:32.944 -0700
VICE,1002011,VICE SPECIAL,12,FALSE,2022,2022,FALSE,3,2022-02-01,2022-12-13,FALSE,1,2026-08-11 19:24:32.944 -0700
VICE,1002011,VICE SPECIAL,12,FALSE,2021,2021,FALSE,8,2021-01-13,2021-10-07,FALSE,1,2026-08-11 19:24:32.944 -0700
VICE,1002011,VICE SPECIAL,12,FALSE,2020,2020,FALSE,12,2020-01-20,2020-12-18,FALSE,1,2026-08-11 19:24:32.944 -0700
LIF,429056,MAFS (LIF) REUNION,18,FALSE,18,18,FALSE,2,2025-03-11,2025-03-18,TRUE,1,2026-08-11 19:24:32.944 -0700
LIF,429056,MAFS (LIF) REUNION,18,FALSE,17,17,FALSE,2,2024-04-10,2024-04-17,FALSE,1,2026-08-11 19:24:32.944 -0700
LIF,429056,MAFS (LIF) REUNION,18,FALSE,16,16,FALSE,2,2023-06-21,2023-06-28,FALSE,1,2026-08-11 19:24:32.944 -0700
LIF,429056,MAFS (LIF) REUNION,18,FALSE,15,15,FALSE,2,2022-11-02,2022-11-09,FALSE,1,2026-08-11 19:24:32.944 -0700
LIF,429056,MAFS (LIF) REUNION,18,FALSE,14,14,FALSE,2,2022-05-18,2022-05-25,FALSE,1,2026-08-11 19:24:32.944 -0700
LIF,429056,MAFS (LIF) REUNION,18,FALSE,13,13,FALSE,2,2021-11-17,2021-11-24,FALSE,1,2026-08-11 19:24:32.944 -0700
LIF,429056,MAFS (LIF) REUNION,18,FALSE,12,12,FALSE,2,2021-05-19,2021-05-26,FALSE,1,2026-08-11 19:24:32.944 -0700
LIF,429056,MAFS (LIF) REUNION,18,FALSE,10,10,FALSE,1,2020-04-22,2020-04-22,FALSE,1,2026-08-11 19:24:32.944 -0700
LIF,429056,MAFS (LIF) REUNION,18,FALSE,9,9,FALSE,1,2019-09-18,2019-09-18,FALSE,1,2026-08-11 19:24:32.944 -0700
LIF,429056,MAFS (LIF) REUNION,18,FALSE,8,8,FALSE,1,2019-04-09,2019-04-09,FALSE,1,2026-08-11 19:24:32.944 -0700
LIF,429056,MAFS (LIF) REUNION,18,FALSE,7,7,FALSE,1,2018-10-23,2018-10-23,FALSE,1,2026-08-11 19:24:32.944 -0700
LIF,429056,MAFS (LIF) REUNION,18,FALSE,6,6,FALSE,1,2018-05-01,2018-05-01,FALSE,1,2026-08-11 19:24:32.944 -0700
LIF,429056,MAFS (LIF) REUNION,18,FALSE,5,5,FALSE,1,2017-08-03,2017-08-03,FALSE,1,2026-08-11 19:24:32.944 -0700
HIST,1039826,CARS THAT BUILT THE WORLD,25,TRUE,1,1,FALSE,4,2021-05-23,2021-05-24,TRUE,1,2026-08-11 19:24:32.944 -0700
VICE,1035233,KINGS OF KUSH,13,FALSE,1,1,FALSE,10,2021-03-09,2021-05-20,TRUE,1,2026-08-11 19:24:32.944 -0700
VICE,1183947,ICONS UNEARTHED: SPIDERMN,25,TRUE,1,1,FALSE,6,2024-07-10,2024-08-14,TRUE,1,2026-08-11 19:24:32.944 -0700
LIF,325654,COOK YOURSELF THIN,18,FALSE,1,1,FALSE,20,2009-05-04,2009-05-22,TRUE,1,2026-08-11 19:24:32.944 -0700
LIF,1182714,PARENTS GONE WILD,17,FALSE,1,1,FALSE,6,2024-07-01,2024-07-15,TRUE,2,2026-08-11 19:24:32.944 -0700
HIST,358827,NOREASTER MEN,13,FALSE,1,1,FALSE,3,2012-10-04,2012-10-04,TRUE,1,2026-08-11 19:24:32.944 -0700
HIST,423705,JFK DECLASSIFIED: OSWALD,24,FALSE,1,1,FALSE,6,2017-04-25,2017-09-16,TRUE,1,2026-08-11 19:24:32.944 -0700
VICE,1065220,TUMBLEWEEDS WITH KILLER M,25,TRUE,1,1,FALSE,4,2022-04-20,2022-05-08,TRUE,1,2026-08-11 19:24:32.944 -0700
AEN,316245,INTERVENTION-IN DEPTH,21,FALSE,2,2,FALSE,3,2016-07-10,2016-11-22,TRUE,1,2026-08-11 19:24:32.944 -0700
AEN,316245,INTERVENTION-IN DEPTH,21,FALSE,1,1,FALSE,10,2008-03-24,2011-04-18,FALSE,1,2026-08-11 19:24:32.944 -0700
AEN,1147817,DELICIOUSLY TWISTD CLSSCS,25,TRUE,1,1,FALSE,20,2023-07-08,2023-09-09,TRUE,1,2026-08-11 19:24:32.944 -0700
LIF,383778,DANCE MUMS UK SPECIAL,21,FALSE,1,1,FALSE,1,2015-03-17,2015-03-17,TRUE,1,2026-08-11 19:24:32.944 -0700
HIST,1028168,HIST GREATEST MYSTERIES,23,FALSE,7,7,FALSE,15,2026-01-26,2026-05-18,TRUE,1,2026-08-11 19:24:32.944 -0700
HIST,1028168,HIST GREATEST MYSTERIES,23,FALSE,6,6,FALSE,20,2025-01-27,2025-08-18,FALSE,1,2026-08-11 19:24:32.944 -0700
HIST,1028168,HIST GREATEST MYSTERIES,23,FALSE,5,5,FALSE,15,2024-01-29,2024-07-15,FALSE,1,2026-08-11 19:24:32.944 -0700
HIST,1028168,HIST GREATEST MYSTERIES,23,FALSE,4,4,FALSE,25,2023-01-30,2023-08-14,FALSE,1,2026-08-11 19:24:32.944 -0700
HIST,1028168,HIST GREATEST MYSTERIES,23,FALSE,3,3,FALSE,12,2022-02-22,2022-05-16,FALSE,1,2026-08-11 19:24:32.944 -0700
HIST,1028168,HIST GREATEST MYSTERIES,23,FALSE,2,2,FALSE,4,2021-09-07,2021-09-28,FALSE,1,2026-08-11 19:24:32.944 -0700
HIST,1028168,HIST GREATEST MYSTERIES,23,FALSE,1,1,FALSE,7,2020-11-14,2020-12-26,FALSE,1,2026-08-11 19:24:32.944 -0700
AEN,1034695,MATTER OF FACT SPECIALS,23,FALSE,2022,2022,FALSE,2,2022-02-12,2022-06-19,TRUE,1,2026-08-11 19:24:32.944 -0700
AEN,1034695,MATTER OF FACT SPECIALS,23,FALSE,2021,2021,FALSE,2,2021-02-20,2021-07-10,FALSE,1,2026-08-11 19:24:32.944 -0700
AEN,1228229,ALASKA STATE TROOPERS AE,24,FALSE,1,1,FALSE,10,2026-01-07,2026-03-11,TRUE,1,2026-08-11 19:24:32.944 -0700
LIF,1005899,MAFS: AUSTRALIA,15,FALSE,9,9,FALSE,16,2022-03-30,2022-06-01,TRUE,1,2026-08-11 19:24:32.944 -0700
LIF,1005899,MAFS: AUSTRALIA,15,FALSE,6,6,FALSE,41,2021-02-04,2021-07-01,FALSE,1,2026-08-11 19:24:32.944 -0700
LIF,1005899,MAFS: AUSTRALIA,15,FALSE,7,7,FALSE,36,2020-05-27,2020-10-08,FALSE,1,2026-08-11 19:24:32.944 -0700
HIST,446447,IN SEARCH OF,12,FALSE,2,2,FALSE,8,2019-10-04,2019-11-29,TRUE,1,2026-08-11 19:24:32.944 -0700
HIST,446447,IN SEARCH OF,12,FALSE,1,1,FALSE,10,2018-07-20,2018-09-14,FALSE,1,2026-08-11 19:24:32.944 -0700
HIST,1049400,ENGINEERING THAT BUILT W,24,FALSE,1,1,FALSE,8,2021-10-10,2021-11-21,TRUE,1,2026-08-11 19:24:32.944 -0700
VICE,1219161,NFL CLASSICS: AFR,17,FALSE,1,1,FALSE,6,2025-09-03,2025-10-08,TRUE,1,2026-08-11 19:24:32.944 -0700
AEN,1134416,SECRET SAUCE/TODD GRAVES,24,FALSE,1,1,FALSE,10,2023-03-04,2023-04-01,TRUE,1,2026-08-11 19:24:32.944 -0700
AEN,393316,STORAGE WARS:BARRY STRIKE,25,TRUE,1B,1,TRUE,3,2016-04-05,2016-04-12,TRUE,1,2026-08-11 19:24:32.944 -0700
AEN,393316,STORAGE WARS:BARRY STRIKE,25,TRUE,1,1,FALSE,7,2015-10-13,2015-11-24,FALSE,1,2026-08-11 19:24:32.944 -0700
AEN,367221,MY LIFE AS A GANGSTER GIR,25,TRUE,2013,2013,FALSE,1,2013-07-25,2013-07-25,TRUE,1,2026-08-11 19:24:32.944 -0700
AEN,458565,GHOST HUNTERS SPECIALS,22,FALSE,13,13,FALSE,2,2019-08-21,2019-09-11,TRUE,1,2026-08-11 19:24:32.944 -0700
LIF,381874,LITTLE WOMEN LA SPECIAL,23,FALSE,7,7,FALSE,1,2017-12-13,2017-12-13,TRUE,1,2026-08-11 19:24:32.944 -0700
LIF,381874,LITTLE WOMEN LA SPECIAL,23,FALSE,6,6,FALSE,1,2017-05-31,2017-05-31,FALSE,1,2026-08-11 19:24:32.944 -0700
LIF,381874,LITTLE WOMEN LA SPECIAL,23,FALSE,4,4,FALSE,2,2016-05-11,2016-05-18,FALSE,1,2026-08-11 19:24:32.944 -0700
LIF,381874,LITTLE WOMEN LA SPECIAL,23,FALSE,3,3,FALSE,1,2015-11-04,2015-11-04,FALSE,1,2026-08-11 19:24:32.944 -0700
LIF,381874,LITTLE WOMEN LA SPECIAL,23,FALSE,2,2,FALSE,1,2015-01-01,2015-01-01,FALSE,1,2026-08-11 19:24:32.944 -0700
HIST,1022291,AMERICAN WRECKERS,17,FALSE,1,1,FALSE,6,2020-09-13,2020-09-20,TRUE,1,2026-08-11 19:24:32.944 -0700
VICE,1148966,DARK SIDE OF THE 2000S,22,FALSE,1,1,FALSE,10,2023-07-18,2023-09-12,TRUE,1,2026-08-11 19:24:32.944 -0700
LIF,1139487,"SMALL LIGHT, A",14,FALSE,1,1,FALSE,2,2023-05-01,2023-05-01,TRUE,1,2026-08-11 19:24:32.944 -0700
HIST,1201466,HISTORYS MOST SHOCKING,22,FALSE,1,1,FALSE,8,2025-01-27,2025-03-24,TRUE,1,2026-08-11 19:24:32.944 -0700
LIF,359351,HOUSTONS: ON OUR OWN,20,FALSE,1,1,FALSE,14,2012-10-24,2012-12-05,TRUE,1,2026-08-11 19:24:32.944 -0700
HIST,386222,FORGED IN FIRE,14,FALSE,13,13,FALSE,6,2026-07-01,2026-08-05,TRUE,1,2026-08-11 19:24:32.944 -0700
HIST,386222,FORGED IN FIRE,14,FALSE,12,12,FALSE,10,2025-08-06,2025-09-17,FALSE,1,2026-08-11 19:24:32.944 -0700
HIST,386222,FORGED IN FIRE,14,FALSE,11,11,FALSE,9,2024-10-02,2024-11-27,FALSE,1,2026-08-11 19:24:32.944 -0700
HIST,386222,FORGED IN FIRE,14,FALSE,10,10,FALSE,8,2023-10-04,2023-11-15,FALSE,1,2026-08-11 19:24:32.944 -0700
HIST,386222,FORGED IN FIRE,14,FALSE,9,9,FALSE,40,2021-12-08,2022-11-02,FALSE,1,2026-08-11 19:24:32.944 -0700
HIST,386222,FORGED IN FIRE,14,FALSE,8,8,FALSE,32,2020-11-18,2021-08-04,FALSE,1,2026-08-11 19:24:32.944 -0700
HIST,386222,FORGED IN FIRE,14,FALSE,7,7,FALSE,23,2020-01-01,2020-08-19,FALSE,1,2026-08-11 19:24:32.944 -0700
HIST,386222,FORGED IN FIRE,14,FALSE,6,6,FALSE,44,2019-02-06,2019-12-18,FALSE,1,2026-08-11 19:24:32.944 -0700
HIST,386222,FORGED IN FIRE,14,FALSE,5,5,FALSE,40,2018-03-07,2018-12-19,FALSE,1,2026-08-11 19:24:32.944 -0700
HIST,386222,FORGED IN FIRE,14,FALSE,4B,4,TRUE,13,2017-07-11,2017-10-31,FALSE,1,2026-08-11 19:24:32.944 -0700
HIST,386222,FORGED IN FIRE,14,FALSE,4,4,FALSE,10,2017-04-11,2017-06-13,FALSE,1,2026-08-11 19:24:32.944 -0700
HIST,386222,FORGED IN FIRE,14,FALSE,3B,3,TRUE,6,2017-01-10,2017-02-14,FALSE,1,2026-08-11 19:24:32.944 -0700
HIST,386222,FORGED IN FIRE,14,FALSE,3,3,FALSE,10,2016-08-23,2016-10-25,FALSE,1,2026-08-11 19:24:32.944 -0700
HIST,386222,FORGED IN FIRE,14,FALSE,2,2,FALSE,10,2016-02-16,2016-04-19,FALSE,1,2026-08-11 19:24:32.944 -0700
HIST,386222,FORGED IN FIRE,14,FALSE,1,1,FALSE,8,2015-06-22,2015-08-10,FALSE,1,2026-08-11 19:24:32.944 -0700
VICE,1226358,SUPER HIGH ROLLER CASH,22,FALSE,1,1,FALSE,14,2025-11-29,2026-01-10,TRUE,1,2026-08-11 19:24:32.944 -0700
LIF,375786,TRUE TORI SPECIAL,17,FALSE,2,2,FALSE,1,2014-10-21,2014-10-21,TRUE,1,2026-08-11 19:24:32.944 -0700
LIF,375786,TRUE TORI SPECIAL,17,FALSE,1,1,FALSE,2,2014-06-03,2014-06-10,FALSE,1,2026-08-11 19:24:32.944 -0700
LMN,419075,MOVIE- LMN THEATRICAL PRM,25,TRUE,2020,2020,FALSE,2,2020-01-17,2020-06-25,TRUE,1,2026-08-11 19:24:32.944 -0700
LMN,419075,MOVIE- LMN THEATRICAL PRM,25,TRUE,2018,2018,FALSE,1,2018-02-23,2018-02-23,FALSE,1,2026-08-11 19:24:32.944 -0700
FYI,376886,B.O.R.N. TO STYLE,17,FALSE,1B,1,TRUE,3,2015-09-11,2015-09-11,TRUE,1,2026-08-11 19:24:32.944 -0700
FYI,376886,B.O.R.N. TO STYLE,17,FALSE,1,1,FALSE,11,2014-07-15,2015-09-18,FALSE,1,2026-08-11 19:24:32.944 -0700
HIST,375956,"HUNT, THE",9,FALSE,1,1,FALSE,8,2014-06-08,2014-07-27,TRUE,1,2026-08-11 19:24:32.944 -0700
LIF,428560,LW LA: COUPLES RETREAT,22,FALSE,1,1,FALSE,8,2017-07-26,2017-09-13,TRUE,1,2026-08-11 19:24:32.944 -0700
LIF,428565,DATE NIGHT LIVE,15,FALSE,1,1,FALSE,4,2017-07-27,2017-08-17,TRUE,1,2026-08-11 19:24:32.944 -0700
LIF,423598,MARY KILLS PEOPLE,17,FALSE,2,2,FALSE,6,2018-03-12,2018-04-09,TRUE,1,2026-08-11 19:24:32.944 -0700
LIF,423598,MARY KILLS PEOPLE,17,FALSE,1,1,FALSE,6,2017-04-23,2017-05-21,FALSE,1,2026-08-11 19:24:32.944 -0700
FYI,382104,MIKIE SAVES THE DATE,20,FALSE,1B,1,TRUE,6,2015-02-01,2015-03-08,TRUE,1,2026-08-11 19:24:32.944 -0700
FYI,382104,MIKIE SAVES THE DATE,20,FALSE,1,1,FALSE,2,2015-01-13,2015-01-20,FALSE,1,2026-08-11 19:24:32.944 -0700
AEN,372432,WAHLBURGERS,11,FALSE,10,10,FALSE,10,2019-05-15,2019-07-31,TRUE,1,2026-08-11 19:24:32.944 -0700
AEN,372432,WAHLBURGERS,11,FALSE,9,9,FALSE,9,2018-06-13,2018-08-08,FALSE,1,2026-08-11 19:24:32.944 -0700
AEN,372432,WAHLBURGERS,11,FALSE,8,8,FALSE,14,2017-08-09,2017-09-20,FALSE,1,2026-08-11 19:24:32.944 -0700
AEN,372432,WAHLBURGERS,11,FALSE,7,7,FALSE,10,2016-11-16,2017-01-11,FALSE,1,2026-08-11 19:24:32.944 -0700
AEN,372432,WAHLBURGERS,11,FALSE,6,6,FALSE,8,2016-07-06,2016-08-24,FALSE,1,2026-08-11 19:24:32.944 -0700
AEN,372432,WAHLBURGERS,11,FALSE,5,5,FALSE,8,2016-03-09,2016-04-06,FALSE,1,2026-08-11 19:24:32.944 -0700
AEN,372432,WAHLBURGERS,11,FALSE,4,4,FALSE,8,2015-07-15,2015-09-02,FALSE,1,2026-08-11 19:24:32.944 -0700
AEN,372432,WAHLBURGERS,11,FALSE,3,3,FALSE,9,2015-01-07,2015-03-04,FALSE,1,2026-08-11 19:24:32.944 -0700
AEN,372432,WAHLBURGERS,11,FALSE,2,2,FALSE,9,2014-08-13,2014-10-08,FALSE,1,2026-08-11 19:24:32.944 -0700
AEN,372432,WAHLBURGERS,11,FALSE,1,1,FALSE,10,2014-01-22,2014-06-29,FALSE,1,2026-08-11 19:24:32.944 -0700
LIF,364675,PREACHER WIVES,14,FALSE,1,1,FALSE,1,2013-04-16,2013-04-16,TRUE,1,2026-08-11 19:24:32.944 -0700
AEN,326030,OBSESSED,8,FALSE,2,2,FALSE,10,2010-06-28,2010-09-06,TRUE,1,2026-08-11 19:24:32.944 -0700
AEN,326030,OBSESSED,8,FALSE,1,1,FALSE,11,2009-05-25,2009-08-10,FALSE,1,2026-08-11 19:24:32.944 -0700
LMN,369439,GHOST INSIDE MY CHILD,21,FALSE,2,2,FALSE,14,2014-08-16,2014-12-13,TRUE,1,2026-08-11 19:24:32.944 -0700
LIF,392442,JACKSONS: NEXT GENERATION,25,TRUE,1,1,FALSE,6,2015-10-02,2015-11-06,TRUE,1,2026-08-11 19:24:32.944 -0700
HIST,419499,DETROIT STEEL,13,FALSE,1,1,FALSE,8,2017-01-28,2017-03-18,TRUE,1,2026-08-11 19:24:32.944 -0700
HIST,1032160,PROOF IS OUT THERE,18,FALSE,8,8,FALSE,9,2026-03-06,2026-05-08,TRUE,1,2026-08-11 19:24:32.944 -0700
HIST,1032160,PROOF IS OUT THERE,18,FALSE,7,7,FALSE,11,2025-10-03,2025-12-19,FALSE,1,2026-08-11 19:24:32.944 -0700
HIST,1032160,PROOF IS OUT THERE,18,FALSE,6,6,FALSE,10,2025-06-13,2025-08-22,FALSE,1,2026-08-11 19:24:32.944 -0700
HIST,1032160,PROOF IS OUT THERE,18,FALSE,5,5,FALSE,6,2024-10-04,2024-11-08,FALSE,1,2026-08-11 19:24:32.944 -0700
HIST,1032160,PROOF IS OUT THERE,18,FALSE,4,4,FALSE,12,2023-10-06,2024-03-22,FALSE,1,2026-08-11 19:24:32.944 -0700
HIST,1032160,PROOF IS OUT THERE,18,FALSE,3B,3,TRUE,10,2023-06-09,2023-08-25,FALSE,1,2026-08-11 19:24:32.944 -0700
HIST,1032160,PROOF IS OUT THERE,18,FALSE,3A,3,TRUE,10,2022-10-07,2023-02-03,FALSE,1,2026-08-11 19:24:32.944 -0700
HIST,1032160,PROOF IS OUT THERE,18,FALSE,2,2,FALSE,28,2021-09-17,2022-03-04,FALSE,1,2026-08-11 19:24:32.944 -0700
HIST,1032160,PROOF IS OUT THERE,18,FALSE,1,1,FALSE,10,2021-01-05,2021-02-05,FALSE,1,2026-08-11 19:24:32.944 -0700
HIST,412696,LONE STAR RESTORATION,21,FALSE,1B,1,TRUE,3,2017-09-10,2017-09-24,TRUE,1,2026-08-11 19:24:32.944 -0700
HIST,412696,LONE STAR RESTORATION,21,FALSE,1,1,FALSE,5,2016-10-03,2016-10-31,FALSE,1,2026-08-11 19:24:32.944 -0700
AEN,451881,F48: HOMICIDE SQUAD ATL,23,FALSE,1,1,FALSE,6,2019-01-10,2019-02-14,TRUE,1,2026-08-11 19:24:32.944 -0700
AEN,458012,LIVE PD TUE,11,FALSE,3,3,FALSE,1,2019-07-30,2019-07-30,TRUE,1,2026-08-11 19:24:32.944 -0700
AEN,1063343,SECRETS OF PLAYBOY SPCLS,24,FALSE,1,1,FALSE,2,2022-03-28,2022-04-04,TRUE,1,2026-08-11 19:24:32.944 -0700
VICE,1043760,BETRAYING THE BADGE,19,FALSE,2,2,FALSE,6,2022-08-24,2022-09-28,TRUE,1,2026-08-11 19:24:32.944 -0700
VICE,1043760,BETRAYING THE BADGE,19,FALSE,1,1,FALSE,8,2021-07-19,2021-09-13,FALSE,1,2026-08-11 19:24:32.944 -0700
LIF,261238,LIFETIME SPECIAL,16,FALSE,2025,2025,FALSE,2,2025-02-08,2025-02-19,TRUE,1,2026-08-11 19:24:32.944 -0700
LIF,261238,LIFETIME SPECIAL,16,FALSE,2024,2024,FALSE,1,2024-08-10,2024-08-10,FALSE,1,2026-08-11 19:24:32.944 -0700
LIF,261238,LIFETIME SPECIAL,16,FALSE,2023,2023,FALSE,1,2023-11-19,2023-11-19,FALSE,1,2026-08-11 19:24:32.944 -0700
LIF,261238,LIFETIME SPECIAL,16,FALSE,2022,2022,FALSE,1,2022-09-22,2022-09-22,FALSE,1,2026-08-11 19:24:32.944 -0700
LIF,261238,LIFETIME SPECIAL,16,FALSE,2021,2021,FALSE,13,2021-01-23,2021-11-07,FALSE,1,2026-08-11 19:24:32.944 -0700
LIF,261238,LIFETIME SPECIAL,16,FALSE,2020,2020,FALSE,4,2020-06-25,2020-12-13,FALSE,1,2026-08-11 19:24:32.944 -0700
LIF,261238,LIFETIME SPECIAL,16,FALSE,2019,2019,FALSE,8,2019-01-14,2019-12-18,FALSE,1,2026-08-11 19:24:32.944 -0700
LIF,261238,LIFETIME SPECIAL,16,FALSE,2018,2018,FALSE,11,2018-01-06,2018-11-22,FALSE,1,2026-08-11 19:24:32.944 -0700
LIF,261238,LIFETIME SPECIAL,16,FALSE,2017,2017,FALSE,4,2017-01-21,2017-10-22,FALSE,1,2026-08-11 19:24:32.944 -0700
LIF,261238,LIFETIME SPECIAL,16,FALSE,2016,2016,FALSE,6,2016-09-10,2016-11-08,FALSE,1,2026-08-11 19:24:32.944 -0700
LIF,261238,LIFETIME SPECIAL,16,FALSE,2015,2015,FALSE,6,2015-01-17,2015-11-18,FALSE,1,2026-08-11 19:24:32.944 -0700
LIF,261238,LIFETIME SPECIAL,16,FALSE,2014,2014,FALSE,2,2014-01-09,2014-12-07,FALSE,1,2026-08-11 19:24:32.944 -0700
LIF,261238,LIFETIME SPECIAL,16,FALSE,2013,2013,FALSE,2,2013-05-06,2013-06-19,FALSE,1,2026-08-11 19:24:32.944 -0700
LIF,261238,LIFETIME SPECIAL,16,FALSE,2012,2012,FALSE,1,2012-10-17,2012-10-17,FALSE,1,2026-08-11 19:24:32.944 -0700
LMN,377035,MURDER IN-LAW,13,FALSE,1,1,FALSE,1,2014-07-21,2014-07-21,TRUE,1,2026-08-11 19:24:32.944 -0700
LIF,383471,BORN IN THE WILD,16,FALSE,1,1,FALSE,6,2015-03-03,2015-04-16,TRUE,1,2026-08-11 19:24:32.944 -0700
HIST,1232439,HIST GREATEST PICKS WOLFE,25,TRUE,1,1,FALSE,8,2026-02-22,2026-04-12,TRUE,1,2026-08-11 19:24:32.944 -0700
LIF,361868,DOUBLE DIVAS,12,FALSE,2,2,FALSE,15,2013-08-06,2013-09-24,TRUE,1,2026-08-11 19:24:32.944 -0700
LIF,361868,DOUBLE DIVAS,12,FALSE,1,1,FALSE,11,2013-01-01,2013-03-05,FALSE,1,2026-08-11 19:24:32.944 -0700
LIF,345951,AGAINST THE WALL,16,FALSE,1,1,FALSE,13,2011-07-31,2011-10-23,TRUE,1,2026-08-11 19:24:32.944 -0700
AEN,1019224,EXTREME UNBOXING,16,FALSE,1,1,FALSE,12,2020-08-04,2020-09-15,TRUE,1,2026-08-11 19:24:32.944 -0700
AEN,1172698,INTERROGATION FILES,19,FALSE,1,1,FALSE,4,2024-03-21,2024-03-28,TRUE,1,2026-08-11 19:24:32.944 -0700
LIF,422416,LWLA FL,7,FALSE,8,8,FALSE,6,2019-03-28,2019-08-08,TRUE,1,2026-08-11 19:24:32.944 -0700
HIST,335314,CHASING MUMMIES,15,FALSE,1,1,FALSE,10,2010-07-14,2010-09-15,TRUE,1,2026-08-11 19:24:32.944 -0700
HIST,1090720,COLOSSEUM,9,FALSE,1,1,FALSE,7,2022-07-24,2022-09-04,TRUE,1,2026-08-11 19:24:32.944 -0700
AEN,447155,RAISING TOURETTES,17,FALSE,1,1,FALSE,6,2018-08-15,2018-09-12,TRUE,1,2026-08-11 19:24:32.944 -0700
LIF,312040,AMERICAS PSYCHIC CHALLEN.,25,TRUE,1,1,FALSE,8,2007-10-12,2007-11-30,TRUE,1,2026-08-11 19:24:32.944 -0700
AEN,348300,MONSTER IN-LAWS,15,FALSE,2,2,FALSE,10,2012-05-28,2012-06-25,TRUE,1,2026-08-11 19:24:32.944 -0700
AEN,348300,MONSTER IN-LAWS,15,FALSE,1,1,FALSE,10,2011-10-24,2011-11-21,FALSE,1,2026-08-11 19:24:32.944 -0700
VICE,1230230,DONT CALL IT A COMEBACK,23,FALSE,1,1,FALSE,8,2026-01-06,2026-02-24,TRUE,1,2026-08-11 19:24:32.944 -0700
FYI,445923,MY SO CALLED SIMPLE LIFE,24,FALSE,1,1,FALSE,10,2018-07-08,2018-07-15,TRUE,1,2026-08-11 19:24:32.944 -0700
FYI,1187456,OUTRAGEOUS LOVE WITH NENE,25,TRUE,1,1,FALSE,4,2024-08-15,2024-08-22,TRUE,2,2026-08-11 19:24:32.944 -0700
HIST,443661,"TESLA FILES, THE",16,FALSE,1,1,FALSE,5,2018-05-04,2018-06-01,TRUE,1,2026-08-11 19:24:32.944 -0700
HIST,1132977,HIST GREATEST HEISTS,20,FALSE,1,1,FALSE,8,2023-02-07,2023-03-28,TRUE,1,2026-08-11 19:24:32.944 -0700
FYI,383752,MARRIED AT FIRST ST (FYI),25,TRUE,4,4,FALSE,15,2016-07-26,2016-11-01,TRUE,1,2026-08-11 19:24:32.944 -0700
FYI,383752,MARRIED AT FIRST ST (FYI),25,TRUE,3,3,FALSE,15,2015-12-01,2016-03-08,FALSE,1,2026-08-11 19:24:32.944 -0700
FYI,383752,MARRIED AT FIRST ST (FYI),25,TRUE,2,2,FALSE,15,2015-03-17,2015-06-16,FALSE,1,2026-08-11 19:24:32.944 -0700
AEN,1228228,DESERT LAW,10,FALSE,1,1,FALSE,10,2026-01-07,2026-03-11,TRUE,1,2026-08-11 19:24:32.944 -0700
HIST,399877,MILLION DOLLAR GENIUS,21,FALSE,1,1,FALSE,10,2016-02-19,2016-04-29,TRUE,1,2026-08-11 19:24:32.944 -0700
LIF,1091139,PHROGGING: HIDER IN HOUSE,25,TRUE,1,1,FALSE,10,2022-07-18,2022-09-26,TRUE,1,2026-08-11 19:24:32.944 -0700
VICE,455337,VICE: AMERICA ON DRUGS,22,FALSE,1,1,FALSE,6,2019-05-09,2019-06-03,TRUE,1,2026-08-11 19:24:32.944 -0700
HIST,220900,HISTORY SUNDAY,14,FALSE,2009,2009,FALSE,16,2009-01-25,2009-12-20,TRUE,1,2026-08-11 19:24:32.944 -0700
HIST,220900,HISTORY SUNDAY,14,FALSE,2,2,FALSE,5,2008-04-27,2008-09-21,FALSE,1,2026-08-11 19:24:32.944 -0700
HIST,220900,HISTORY SUNDAY,14,FALSE,2008,2008,FALSE,13,2008-01-06,2008-12-07,FALSE,1,2026-08-11 19:24:32.944 -0700
HIST,220900,HISTORY SUNDAY,14,FALSE,2007,2007,FALSE,8,2007-09-16,2007-12-23,FALSE,1,2026-08-11 19:24:32.944 -0700
HIST,220900,HISTORY SUNDAY,14,FALSE,1,1,FALSE,31,2007-08-26,2012-09-02,FALSE,1,2026-08-11 19:24:32.944 -0700
AEN,383597,DIRTY SEXY FUNNY,16,FALSE,2015,2015,FALSE,1,2015-03-11,2015-03-11,TRUE,1,2026-08-11 19:24:32.944 -0700
AEN,1089836,RIGHT TO OFFEND,15,FALSE,1,1,FALSE,2,2022-06-29,2022-06-30,TRUE,1,2026-08-11 19:24:32.944 -0700
FYI,426068,TINY HOUSE MANSIONS,19,FALSE,1,1,FALSE,1,2017-06-10,2017-06-10,TRUE,1,2026-08-11 19:24:32.944 -0700
LMN,375962,I DATED A PSYCHO,16,FALSE,2,2,FALSE,6,2014-06-16,2014-07-21,TRUE,1,2026-08-11 19:24:32.944 -0700
HIST,1235916,HIST GREATEST WARRIORS,22,FALSE,1,1,FALSE,8,2026-03-30,2026-05-18,TRUE,1,2026-08-11 19:24:32.944 -0700
LIF,1004226,"BIG FAT WEDDING WALK, THE",25,TRUE,1,1,FALSE,3,2020-04-22,2020-05-06,TRUE,1,2026-08-11 19:24:32.944 -0700
AEN,441961,GRACE VS. ABRAMS,16,FALSE,1,1,FALSE,6,2018-03-29,2018-05-08,TRUE,1,2026-08-11 19:24:32.944 -0700
HIST,373260,CRYPTID: THE SWAMP BEAST,24,FALSE,1,1,FALSE,6,2014-02-24,2014-03-31,TRUE,1,2026-08-11 19:24:32.944 -0700
LIF,350560,24 HOUR CATWALK,15,FALSE,1,1,FALSE,10,2012-01-05,2012-03-15,TRUE,1,2026-08-11 19:24:32.944 -0700
FYI,1019368,DREAM LIFE,10,FALSE,1,1,FALSE,10,2020-08-09,2020-09-06,TRUE,1,2026-08-11 19:24:32.944 -0700
AEN,1156070,COLD CASE FILES: RIFKIN,23,FALSE,1,1,FALSE,2,2023-09-30,2023-09-30,TRUE,1,2026-08-11 19:24:32.944 -0700
VICE,454454,DARK SIDE OF THE RING,21,FALSE,7,7,FALSE,5,2026-07-07,2026-08-04,TRUE,1,2026-08-11 19:24:32.944 -0700
VICE,454454,DARK SIDE OF THE RING,21,FALSE,6,6,FALSE,10,2025-03-25,2025-05-27,FALSE,1,2026-08-11 19:24:32.944 -0700
VICE,454454,DARK SIDE OF THE RING,21,FALSE,5,5,FALSE,10,2024-03-05,2024-05-07,FALSE,1,2026-08-11 19:24:32.944 -0700
VICE,454454,DARK SIDE OF THE RING,21,FALSE,4,4,FALSE,10,2023-05-30,2023-08-08,FALSE,1,2026-08-11 19:24:32.944 -0700
VICE,454454,DARK SIDE OF THE RING,21,FALSE,3B,3,TRUE,7,2021-09-16,2021-10-28,FALSE,1,2026-08-11 19:24:32.944 -0700
VICE,454454,DARK SIDE OF THE RING,21,FALSE,3,3,FALSE,6,2021-05-06,2021-06-10,FALSE,1,2026-08-11 19:24:32.944 -0700
VICE,454454,DARK SIDE OF THE RING,21,FALSE,2,2,FALSE,9,2020-03-24,2020-05-19,FALSE,1,2026-08-11 19:24:32.944 -0700
VICE,454454,DARK SIDE OF THE RING,21,FALSE,1,1,FALSE,6,2019-04-10,2019-05-15,FALSE,1,2026-08-11 19:24:32.944 -0700
HIST,367414,HATFIELDS-MCCOY WHT LIGHT,25,TRUE,1,1,FALSE,14,2013-08-01,2013-09-19,TRUE,1,2026-08-11 19:24:32.944 -0700
LIF,1141859,TLC FOREVER,11,FALSE,1,1,FALSE,1,2023-06-03,2023-06-03,TRUE,2,2026-08-11 19:24:32.944 -0700
FYI,1185761,ANDREW ZIMMERNS WILD GAME,25,TRUE,4,4,FALSE,20,2025-05-03,2025-07-05,TRUE,1,2026-08-11 19:24:32.944 -0700
AEN,1198470,COLD CASE FILES: BAYOU,22,FALSE,1,1,FALSE,6,2024-12-27,2025-01-31,TRUE,1,2026-08-11 19:24:32.944 -0700
LIF,357124,WEEK THE WOMEN WENT,19,FALSE,1,1,FALSE,5,2012-08-14,2012-09-11,TRUE,1,2026-08-11 19:24:32.944 -0700
LIF,1148244,EVERYTHING BUT THE HOUSE,24,FALSE,2B,2,TRUE,5,2023-07-11,2023-08-01,TRUE,2,2026-08-11 19:24:32.944 -0700
LIF,407175,I LOVE YOU... BUT I LIED,24,FALSE,3,3,FALSE,5,2016-06-30,2016-07-28,TRUE,2,2026-08-11 19:24:32.944 -0700
HIST,324572,WARRIORS,8,FALSE,1,1,FALSE,10,2009-03-12,2009-05-14,TRUE,1,2026-08-11 19:24:32.944 -0700
VICE,1236935,MOTOAMERICA SUPERBIKE,21,FALSE,2026,2026,FALSE,12,2026-04-18,2026-08-02,TRUE,1,2026-08-11 19:24:32.944 -0700
AEN,444119,MAKE ME MOVE,12,FALSE,2018,2018,FALSE,1,2018-05-26,2018-05-26,TRUE,1,2026-08-11 19:24:32.944 -0700
HIST,1124655,BERMUDA TRIANGLE: ICW,21,FALSE,2,2,FALSE,12,2023-11-14,2024-02-13,TRUE,1,2026-08-11 19:24:32.944 -0700
HIST,1124655,BERMUDA TRIANGLE: ICW,21,FALSE,1,1,FALSE,6,2022-11-22,2022-12-27,FALSE,1,2026-08-11 19:24:32.944 -0700
LIF,438919,MAKING A MODEL,14,FALSE,1,1,FALSE,8,2018-01-11,2018-02-11,TRUE,1,2026-08-11 19:24:32.944 -0700
LMN,381657,ESCAPING POLYGAMY,17,FALSE,1,1,FALSE,7,2014-12-30,2015-08-18,TRUE,3,2026-08-11 19:24:32.944 -0700
FYI,1027650,MISS USA PAGEANT,16,FALSE,999,999,FALSE,3,2020-11-09,2022-10-03,TRUE,1,2026-08-11 19:24:32.944 -0700
HIST,410341,MILWAUKEE BLACKSMITH,20,FALSE,1,1,FALSE,10,2016-08-23,2016-09-20,TRUE,1,2026-08-11 19:24:32.944 -0700
HIST,1002807,SWAMP PEOPLE: SERPENT,21,FALSE,5,5,FALSE,8,2025-01-02,2025-02-20,TRUE,1,2026-08-11 19:24:32.944 -0700
HIST,1002807,SWAMP PEOPLE: SERPENT,21,FALSE,4,4,FALSE,16,2024-02-15,2024-05-30,FALSE,1,2026-08-11 19:24:32.944 -0700
HIST,1002807,SWAMP PEOPLE: SERPENT,21,FALSE,3,3,FALSE,16,2023-01-05,2023-04-27,FALSE,1,2026-08-11 19:24:32.944 -0700
HIST,1002807,SWAMP PEOPLE: SERPENT,21,FALSE,2,2,FALSE,8,2020-12-03,2021-01-28,FALSE,1,2026-08-11 19:24:32.944 -0700
HIST,1002807,SWAMP PEOPLE: SERPENT,21,FALSE,1,1,FALSE,4,2020-03-12,2020-04-02,FALSE,1,2026-08-11 19:24:32.944 -0700
FYI,408815,MAFS XTRA (FYI),15,FALSE,4,4,FALSE,1,2016-10-25,2016-10-25,TRUE,1,2026-08-11 19:24:32.944 -0700
AEN,333155,FUGITIVE CHRONICLES,19,FALSE,1,1,FALSE,9,2010-04-01,2010-06-03,TRUE,1,2026-08-11 19:24:32.944 -0700
HIST,441271,CURSE OF CIVIL WAR GOLD,23,FALSE,2,2,FALSE,10,2019-04-30,2019-07-02,TRUE,1,2026-08-11 19:24:32.944 -0700
HIST,441271,CURSE OF CIVIL WAR GOLD,23,FALSE,1,1,FALSE,6,2018-03-06,2018-04-10,FALSE,1,2026-08-11 19:24:32.944 -0700
AEN,1143502,TLC FOREVER,11,FALSE,2023,2023,FALSE,1,2023-06-03,2023-06-03,TRUE,2,2026-08-11 19:24:32.944 -0700
AEN,1238918,KILLER INVESTIGATIONS,21,FALSE,1,1,FALSE,8,2026-05-14,2026-07-02,TRUE,1,2026-08-11 19:24:32.944 -0700
LMN,380878,MY UNCLE GREEN RIVER KILL,25,TRUE,2014,2014,FALSE,1,2014-12-03,2014-12-03,TRUE,1,2026-08-11 19:24:32.944 -0700
HIST,317329,TOUGHER IN ALASKA,17,FALSE,1,1,FALSE,13,2008-05-08,2008-08-01,TRUE,1,2026-08-11 19:24:32.944 -0700
LIF,321782,BLUSH,5,FALSE,1,1,FALSE,6,2008-11-11,2008-12-16,TRUE,1,2026-08-11 19:24:32.944 -0700
LIF,423318,MAFS SHORT,10,FALSE,8,8,FALSE,1,2018-12-25,2018-12-25,TRUE,2,2026-08-11 19:24:32.944 -0700
LIF,423318,MAFS SHORT,10,FALSE,7,7,FALSE,6,2018-06-26,2018-10-16,FALSE,2,2026-08-11 19:24:32.944 -0700
LIF,423318,MAFS SHORT,10,FALSE,6,6,FALSE,18,2017-12-19,2018-06-19,FALSE,2,2026-08-11 19:24:32.944 -0700
LIF,423318,MAFS SHORT,10,FALSE,5,5,FALSE,22,2017-04-27,2017-07-20,FALSE,2,2026-08-11 19:24:32.944 -0700
LIF,1180359,THERESA CAPUTO: SPECIAL,23,FALSE,1,1,FALSE,3,2024-06-03,2024-06-24,TRUE,1,2026-08-11 19:24:32.944 -0700
LMN,459434,CRAZY LOVE,10,FALSE,1,1,FALSE,6,2019-09-23,2019-09-23,TRUE,1,2026-08-11 19:24:32.944 -0700
FYI,1030043,HAUL THIS HOUSE,15,FALSE,1,1,FALSE,10,2020-12-14,2021-01-11,TRUE,1,2026-08-11 19:24:32.944 -0700
HIST,337410,IRT DEADLIEST ROADS,19,FALSE,2,2,FALSE,13,2011-09-25,2011-12-18,TRUE,1,2026-08-11 19:24:32.944 -0700
HIST,337410,IRT DEADLIEST ROADS,19,FALSE,1,1,FALSE,10,2010-10-03,2010-12-05,FALSE,1,2026-08-11 19:24:32.944 -0700
HIST,315603,BATTLE 360,10,FALSE,1,1,FALSE,10,2008-02-29,2008-05-02,TRUE,1,2026-08-11 19:24:32.944 -0700
VICE,1189144,DARK SIDE OF REALITY TV,23,FALSE,1,1,FALSE,10,2024-09-03,2024-11-19,TRUE,1,2026-08-11 19:24:32.944 -0700
AEN,454466,"UNTOLD STORY, THE",17,FALSE,1,1,FALSE,6,2019-04-11,2019-05-23,TRUE,1,2026-08-11 19:24:32.944 -0700
LMN,385898,I ESCAPED MY KILLER,19,FALSE,1,1,FALSE,3,2015-06-10,2015-06-24,TRUE,1,2026-08-11 19:24:32.944 -0700
LMN,372933,MY HAUNTED HOUSE,16,FALSE,3,3,FALSE,6,2016-03-28,2016-09-10,TRUE,2,2026-08-11 19:24:32.944 -0700
LMN,372933,MY HAUNTED HOUSE,16,FALSE,2,2,FALSE,16,2015-03-07,2015-12-03,FALSE,2,2026-08-11 19:24:32.944 -0700
LMN,372933,MY HAUNTED HOUSE,16,FALSE,1,1,FALSE,8,2014-06-14,2014-08-09,FALSE,2,2026-08-11 19:24:32.944 -0700
FYI,384927,SAY IT TO MY FACE,17,FALSE,1B,1,TRUE,4,2015-08-29,2015-09-12,TRUE,1,2026-08-11 19:24:32.944 -0700
FYI,384927,SAY IT TO MY FACE,17,FALSE,1,1,FALSE,11,2015-05-09,2015-09-26,FALSE,1,2026-08-11 19:24:32.944 -0700
AEN,1200181,FLORIDA HEAT,12,FALSE,1,1,FALSE,8,2025-01-08,2025-01-29,TRUE,1,2026-08-11 19:24:32.944 -0700
AEN,383902,SURVIVING MARRIAGE,18,FALSE,1,1,FALSE,9,2015-03-24,2015-05-17,TRUE,1,2026-08-11 19:24:32.944 -0700
LIF,440993,GLAM MASTERS,12,FALSE,1,1,FALSE,8,2018-02-28,2018-04-18,TRUE,1,2026-08-11 19:24:32.944 -0700
LIF,371120,BONNIE & CLYDE,14,FALSE,1,1,FALSE,2,2013-12-08,2013-12-09,TRUE,3,2026-08-11 19:24:32.944 -0700
HIST,1201555,HUNTING HISTORY RINELLA,23,FALSE,1,1,FALSE,8,2025-01-28,2025-03-25,TRUE,1,2026-08-11 19:24:32.944 -0700
FYI,355527,SPECIAL,7,FALSE,2025,2025,FALSE,1,2025-02-15,2025-02-15,TRUE,1,2026-08-11 19:24:32.944 -0700
AEN,1055337,FIRST 48 SPECIAL,16,FALSE,2022,2022,FALSE,1,2022-01-06,2022-01-06,TRUE,1,2026-08-11 19:24:32.944 -0700
LIF,418451,VIVICAS BLACK MAGIC,19,FALSE,1,1,FALSE,8,2017-01-04,2017-02-22,TRUE,1,2026-08-11 19:24:32.944 -0700
LIF,393486,MOVIE- ACQUIRED PREM,20,FALSE,2026,2026,FALSE,36,2026-01-03,2026-08-02,TRUE,1,2026-08-11 19:24:32.944 -0700
LIF,393486,MOVIE- ACQUIRED PREM,20,FALSE,2025,2025,FALSE,51,2025-01-04,2025-12-28,FALSE,1,2026-08-11 19:24:32.944 -0700
LIF,393486,MOVIE- ACQUIRED PREM,20,FALSE,2024,2024,FALSE,50,2024-01-14,2024-12-28,FALSE,1,2026-08-11 19:24:32.944 -0700
LIF,393486,MOVIE- ACQUIRED PREM,20,FALSE,2023,2023,FALSE,58,2023-01-01,2023-12-30,FALSE,1,2026-08-11 19:24:32.944 -0700
LIF,393486,MOVIE- ACQUIRED PREM,20,FALSE,2022,2022,FALSE,45,2022-01-01,2022-10-23,FALSE,1,2026-08-11 19:24:32.944 -0700
LIF,393486,MOVIE- ACQUIRED PREM,20,FALSE,2021,2021,FALSE,77,2021-01-02,2021-12-25,FALSE,1,2026-08-11 19:24:32.944 -0700
LIF,393486,MOVIE- ACQUIRED PREM,20,FALSE,2020,2020,FALSE,77,2020-01-05,2020-12-25,FALSE,1,2026-08-11 19:24:32.944 -0700
LIF,393486,MOVIE- ACQUIRED PREM,20,FALSE,2019,2019,FALSE,39,2019-01-12,2019-12-28,FALSE,1,2026-08-11 19:24:32.944 -0700
LIF,393486,MOVIE- ACQUIRED PREM,20,FALSE,2018,2018,FALSE,44,2018-01-13,2018-11-25,FALSE,1,2026-08-11 19:24:32.944 -0700
LIF,393486,MOVIE- ACQUIRED PREM,20,FALSE,2017,2017,FALSE,31,2016-12-30,2017-12-30,FALSE,1,2026-08-11 19:24:32.944 -0700
LIF,393486,MOVIE- ACQUIRED PREM,20,FALSE,2016,2016,FALSE,46,2016-01-02,2016-12-03,FALSE,1,2026-08-11 19:24:32.944 -0700
VICE,1135102,HIGH STAKES DUEL,16,FALSE,2,2,FALSE,13,2023-03-11,2023-07-29,TRUE,1,2026-08-11 19:24:32.944 -0700
FYI,389210,GET SWANKD,10,FALSE,1B,1,TRUE,3,2015-09-06,2015-09-13,TRUE,1,2026-08-11 19:24:32.944 -0700
FYI,389210,GET SWANKD,10,FALSE,1,1,FALSE,9,2015-08-04,2015-09-06,FALSE,1,2026-08-11 19:24:32.944 -0700
HIST,312953,SHOCKWAVE,9,FALSE,2,2,FALSE,20,2008-05-02,2008-10-03,TRUE,1,2026-08-11 19:24:32.944 -0700
HIST,312953,SHOCKWAVE,9,FALSE,1,1,FALSE,13,2007-11-30,2008-03-14,FALSE,1,2026-08-11 19:24:32.944 -0700
LIF,1001564,SUPERNANNY,10,FALSE,8,8,FALSE,18,2020-01-01,2020-09-22,TRUE,1,2026-08-11 19:24:32.944 -0700
FYI,377466,RED HOT DESIGN,14,FALSE,1,1,FALSE,7,2014-08-11,2014-09-22,TRUE,1,2026-08-11 19:24:32.944 -0700
HIST,1203600,THOMAS JEFFERSON,16,FALSE,1,1,FALSE,6,2025-02-17,2025-02-19,TRUE,1,2026-08-11 19:24:32.944 -0700
HIST,1148997,MEGA-BRANDS THAT BUILT AM,25,TRUE,4,4,FALSE,1,2026-08-02,2026-08-02,TRUE,1,2026-08-11 19:24:32.944 -0700
HIST,1148997,MEGA-BRANDS THAT BUILT AM,25,TRUE,3,3,FALSE,10,2025-06-01,2025-08-03,FALSE,1,2026-08-11 19:24:32.944 -0700
HIST,1148997,MEGA-BRANDS THAT BUILT AM,25,TRUE,2,2,FALSE,8,2024-04-28,2024-06-30,FALSE,1,2026-08-11 19:24:32.944 -0700
HIST,1148997,MEGA-BRANDS THAT BUILT AM,25,TRUE,1,1,FALSE,4,2023-07-23,2023-08-13,FALSE,1,2026-08-11 19:24:32.944 -0700
AEN,405104,ROOTS,5,FALSE,1,1,FALSE,4,2016-05-30,2016-06-02,TRUE,4,2026-08-11 19:24:32.944 -0700
VICE,413269,DESUS & MERO,12,FALSE,2018,2018,FALSE,94,2018-01-02,2018-06-28,TRUE,1,2026-08-11 19:24:32.944 -0700
VICE,413269,DESUS & MERO,12,FALSE,2017,2017,FALSE,171,2017-01-09,2017-12-21,FALSE,1,2026-08-11 19:24:32.944 -0700
VICE,413269,DESUS & MERO,12,FALSE,2016,2016,FALSE,40,2016-10-17,2016-12-22,FALSE,1,2026-08-11 19:24:32.944 -0700
AEN,374651,BRANDI & JARROD: MTTJ,21,FALSE,1,1,FALSE,9,2014-04-22,2014-09-30,TRUE,1,2026-08-11 19:24:32.944 -0700
LIF,344383,LOVE HANDLES,12,FALSE,1,1,FALSE,2,2011-05-31,2011-06-07,TRUE,1,2026-08-11 19:24:32.944 -0700
HIST,351587,FULL METAL JOUSTING,19,FALSE,1,1,FALSE,10,2012-02-12,2012-04-15,TRUE,1,2026-08-11 19:24:32.944 -0700
LIF,418634,RAP GAME FL,11,FALSE,5,5,FALSE,7,2019-01-17,2019-02-28,TRUE,1,2026-08-11 19:24:32.944 -0700
LIF,418634,RAP GAME FL,11,FALSE,3,3,FALSE,1,2017-01-06,2017-01-06,FALSE,1,2026-08-11 19:24:32.944 -0700
LIF,410796,DANCE MOMS FL,13,FALSE,8,8,FALSE,7,2019-06-04,2019-07-16,TRUE,1,2026-08-11 19:24:32.944 -0700
LIF,410796,DANCE MOMS FL,13,FALSE,7B,7,TRUE,10,2017-08-01,2017-10-10,FALSE,1,2026-08-11 19:24:32.944 -0700
LIF,410796,DANCE MOMS FL,13,FALSE,6B,6,TRUE,3,2016-10-04,2016-10-18,FALSE,1,2026-08-11 19:24:32.944 -0700
HIST,394838,HUNTING HITLER,14,FALSE,3,3,FALSE,8,2018-01-02,2018-02-20,TRUE,1,2026-08-11 19:24:32.944 -0700
HIST,394838,HUNTING HITLER,14,FALSE,2,2,FALSE,8,2016-11-15,2017-01-03,FALSE,1,2026-08-11 19:24:32.944 -0700
HIST,394838,HUNTING HITLER,14,FALSE,1,1,FALSE,8,2015-11-10,2015-12-29,FALSE,1,2026-08-11 19:24:32.944 -0700
LIF,352492,BTH: BLUE EYED BUTCHER,22,FALSE,2012,2012,FALSE,1,2012-03-03,2012-03-03,TRUE,1,2026-08-11 19:24:32.944 -0700
VICE,1043556,DARK SIDE OF THE 90S,20,FALSE,3,3,FALSE,10,2024-07-16,2024-09-24,TRUE,1,2026-08-11 19:24:32.944 -0700
VICE,1043556,DARK SIDE OF THE 90S,20,FALSE,2,2,FALSE,10,2022-06-14,2022-08-09,FALSE,1,2026-08-11 19:24:32.944 -0700
VICE,1043556,DARK SIDE OF THE 90S,20,FALSE,1,1,FALSE,10,2021-07-15,2021-09-16,FALSE,1,2026-08-11 19:24:32.944 -0700
HIST,1195385,TALES FROM OAK ISLAND,21,FALSE,1,1,FALSE,8,2024-11-19,2025-03-25,TRUE,1,2026-08-11 19:24:32.944 -0700
VICE,424700,MOTHERBOARD,11,FALSE,1,1,FALSE,6,2017-05-12,2017-06-16,TRUE,1,2026-08-11 19:24:32.944 -0700
LMN,377255,CAMPUS NIGHTMARES,17,FALSE,1,1,FALSE,3,2014-07-30,2014-08-13,TRUE,1,2026-08-11 19:24:32.944 -0700
AEN,451640,F48 HOMICIDE SQUAD ATL FL,25,TRUE,0,0,FALSE,1,2019-01-03,2019-01-03,TRUE,1,2026-08-11 19:24:32.944 -0700
LIF,370498,PROJECT RUNWAY REUNION,22,FALSE,16,16,FALSE,1,2017-11-30,2017-11-30,TRUE,1,2026-08-11 19:24:32.944 -0700
LIF,370498,PROJECT RUNWAY REUNION,22,FALSE,15,15,FALSE,1,2016-12-29,2016-12-29,FALSE,1,2026-08-11 19:24:32.944 -0700
LIF,370498,PROJECT RUNWAY REUNION,22,FALSE,14,14,FALSE,1,2015-11-12,2015-11-12,FALSE,1,2026-08-11 19:24:32.944 -0700
LIF,370498,PROJECT RUNWAY REUNION,22,FALSE,13,13,FALSE,1,2014-10-30,2014-10-30,FALSE,1,2026-08-11 19:24:32.944 -0700
LIF,370498,PROJECT RUNWAY REUNION,22,FALSE,12,12,FALSE,1,2013-10-24,2013-10-24,FALSE,1,2026-08-11 19:24:32.944 -0700
AEN,380310,COUNTRY BUCK$,13,FALSE,2,2,FALSE,6,2015-06-24,2015-07-08,TRUE,1,2026-08-11 19:24:32.944 -0700
AEN,380310,COUNTRY BUCK$,13,FALSE,1,1,FALSE,8,2014-11-19,2014-12-10,FALSE,1,2026-08-11 19:24:32.944 -0700
LMN,1001499,LMN MINI MOVIES,15,FALSE,2019,2019,FALSE,6,2019-12-23,2019-12-28,TRUE,1,2026-08-11 19:24:32.944 -0700
VICE,1192738,POKERGO CUP,11,FALSE,3,3,FALSE,8,2025-09-20,2025-10-11,TRUE,1,2026-08-11 19:24:32.944 -0700
VICE,1192738,POKERGO CUP,11,FALSE,2,2,FALSE,8,2025-05-24,2025-06-14,FALSE,1,2026-08-11 19:24:32.944 -0700
VICE,1192738,POKERGO CUP,11,FALSE,1,1,FALSE,8,2024-10-12,2024-11-02,FALSE,1,2026-08-11 19:24:32.944 -0700
LIF,353791,7 DAYS OF SEX,13,FALSE,1,1,FALSE,9,2012-04-26,2012-06-28,TRUE,1,2026-08-11 19:24:32.944 -0700
AEN,1227863,CRIME IN PROGRESS,17,FALSE,1,1,FALSE,10,2026-01-01,2026-03-05,TRUE,1,2026-08-11 19:24:32.944 -0700
HIST,375944,D-DAY IN HD,11,FALSE,1,1,FALSE,2,2014-06-06,2014-06-07,TRUE,1,2026-08-11 19:24:32.944 -0700
FYI,460886,"LOST CORVETTES, THE",19,FALSE,1,1,FALSE,6,2019-11-09,2019-11-23,TRUE,1,2026-08-11 19:24:32.944 -0700
AEN,1165975,CASEY ANTHONYS PARENTS LI,25,TRUE,2024,2024,FALSE,1,2024-01-04,2024-01-04,TRUE,2,2026-08-11 19:24:32.944 -0700
AEN,332701,ICED:U.S. MARSHALS ALASKA,25,TRUE,1,1,FALSE,2,2010-03-11,2010-11-06,TRUE,1,2026-08-11 19:24:32.944 -0700
LIF,352096,PROJ RUN ALL STARS: AFTER,25,TRUE,1,1,FALSE,5,2012-02-23,2012-03-22,TRUE,1,2026-08-11 19:24:32.944 -0700
LIF,1077353,#TEXTMEWHENYOUGETHOME,21,FALSE,2,2,FALSE,13,2023-08-07,2023-09-18,TRUE,1,2026-08-11 19:24:32.944 -0700
LIF,1077353,#TEXTMEWHENYOUGETHOME,21,FALSE,1,1,FALSE,10,2022-06-06,2022-08-15,FALSE,1,2026-08-11 19:24:32.944 -0700
VICE,458248,ACTION WATCHES ALIENS,21,FALSE,2,2,FALSE,8,2019-08-05,2019-09-04,TRUE,1,2026-08-11 19:24:32.944 -0700
LMN,376709,JUVENILE LIFERS,15,FALSE,1,1,FALSE,1,2014-07-09,2014-07-09,TRUE,1,2026-08-11 19:24:32.944 -0700
HIST,370307,AMERICAN JUNGLE,15,FALSE,1,1,FALSE,8,2013-11-10,2014-01-06,TRUE,1,2026-08-11 19:24:32.944 -0700
LIF,352524,PRANK MY MOM,12,FALSE,1,1,FALSE,12,2012-03-06,2012-11-13,TRUE,1,2026-08-11 19:24:32.944 -0700
AEN,1145902,EXPOSING PARCHMAN,17,FALSE,2023,2023,FALSE,1,2023-06-17,2023-06-17,TRUE,1,2026-08-11 19:24:32.944 -0700
FYI,1045769,STAND UP TO CANCER,18,FALSE,2021,2021,FALSE,1,2021-08-21,2021-08-21,TRUE,1,2026-08-11 19:24:32.944 -0700
HIST,1195379,MYSTERIES UNEARTHED TREJO,25,TRUE,2,2,FALSE,20,2025-11-11,2026-05-07,TRUE,1,2026-08-11 19:24:32.944 -0700
HIST,1195379,MYSTERIES UNEARTHED TREJO,25,TRUE,1,1,FALSE,8,2024-12-06,2025-01-31,FALSE,1,2026-08-11 19:24:32.944 -0700
AEN,1077098,ORIGINS OF HIP-HOP,18,FALSE,1,1,FALSE,8,2022-05-30,2022-07-19,TRUE,1,2026-08-11 19:24:32.944 -0700
AEN,1236133,MILLION DOLLAR MOUNTAIN H,25,TRUE,1B,1,TRUE,8,2026-07-11,2026-08-01,TRUE,1,2026-08-11 19:24:32.944 -0700
AEN,1236133,MILLION DOLLAR MOUNTAIN H,25,TRUE,1,1,FALSE,10,2026-04-11,2026-05-09,FALSE,1,2026-08-11 19:24:32.944 -0700
AEN,1049349,NEIGHBORHOOD WARS SPECIAL,25,TRUE,8,8,FALSE,3,2025-05-27,2025-06-24,TRUE,1,2026-08-11 19:24:32.944 -0700
AEN,1049349,NEIGHBORHOOD WARS SPECIAL,25,TRUE,7,7,FALSE,5,2025-02-18,2025-03-25,FALSE,1,2026-08-11 19:24:32.944 -0700
AEN,1049349,NEIGHBORHOOD WARS SPECIAL,25,TRUE,6B,6,TRUE,2,2024-08-27,2024-08-27,FALSE,1,2026-08-11 19:24:32.944 -0700
AEN,1049349,NEIGHBORHOOD WARS SPECIAL,25,TRUE,6,6,FALSE,2,2024-05-28,2024-06-18,FALSE,1,2026-08-11 19:24:32.944 -0700
AEN,1049349,NEIGHBORHOOD WARS SPECIAL,25,TRUE,5,5,FALSE,1,2023-12-12,2023-12-12,FALSE,1,2026-08-11 19:24:32.944 -0700
AEN,1049349,NEIGHBORHOOD WARS SPECIAL,25,TRUE,4,4,FALSE,1,2023-05-30,2023-05-30,FALSE,1,2026-08-11 19:24:32.944 -0700
AEN,1049349,NEIGHBORHOOD WARS SPECIAL,25,TRUE,3,3,FALSE,3,2022-12-20,2023-01-24,FALSE,1,2026-08-11 19:24:32.944 -0700
AEN,1049349,NEIGHBORHOOD WARS SPECIAL,25,TRUE,2,2,FALSE,2,2022-03-23,2022-03-30,FALSE,1,2026-08-11 19:24:32.944 -0700
AEN,1049349,NEIGHBORHOOD WARS SPECIAL,25,TRUE,1,1,FALSE,1,2021-10-06,2021-10-06,FALSE,1,2026-08-11 19:24:32.944 -0700
LIF,447674,JORDIN SPARKS BABY STORY,24,FALSE,2018,2018,FALSE,1,2018-09-06,2018-09-06,TRUE,1,2026-08-11 19:24:32.944 -0700
HIST,384373,ENGINEERING DISASTERS,21,FALSE,1,1,FALSE,8,2015-04-11,2015-05-23,TRUE,1,2026-08-11 19:24:32.944 -0700
AEN,444446,CULTS AND EXTREME BELIEF,24,FALSE,1,1,FALSE,7,2018-05-28,2018-07-03,TRUE,1,2026-08-11 19:24:32.944 -0700
AEN,324125,AFTER THE FIRST 48,18,FALSE,2026,2026,FALSE,8,2026-05-14,2026-07-02,TRUE,1,2026-08-11 19:24:32.944 -0700
AEN,324125,AFTER THE FIRST 48,18,FALSE,2025B,2025,TRUE,8,2025-10-23,2025-12-18,FALSE,1,2026-08-11 19:24:32.944 -0700
AEN,324125,AFTER THE FIRST 48,18,FALSE,2025,2025,FALSE,3,2025-02-27,2025-03-13,FALSE,1,2026-08-11 19:24:32.944 -0700
AEN,324125,AFTER THE FIRST 48,18,FALSE,2024B,2024,TRUE,4,2024-11-07,2024-12-05,FALSE,1,2026-08-11 19:24:32.944 -0700
AEN,324125,AFTER THE FIRST 48,18,FALSE,2024,2024,FALSE,5,2024-05-09,2024-08-01,FALSE,1,2026-08-11 19:24:32.944 -0700
AEN,324125,AFTER THE FIRST 48,18,FALSE,2023,2023,FALSE,18,2023-01-26,2023-12-21,FALSE,1,2026-08-11 19:24:32.944 -0700
AEN,324125,AFTER THE FIRST 48,18,FALSE,2022,2022,FALSE,12,2022-02-03,2022-07-21,FALSE,1,2026-08-11 19:24:32.944 -0700
AEN,324125,AFTER THE FIRST 48,18,FALSE,2015,2015,FALSE,7,2015-02-19,2015-05-07,FALSE,1,2026-08-11 19:24:32.944 -0700
AEN,324125,AFTER THE FIRST 48,18,FALSE,2014,2014,FALSE,11,2014-01-03,2014-10-30,FALSE,1,2026-08-11 19:24:32.944 -0700
AEN,324125,AFTER THE FIRST 48,18,FALSE,2013,2013,FALSE,14,2013-02-14,2013-12-06,FALSE,1,2026-08-11 19:24:32.944 -0700
AEN,324125,AFTER THE FIRST 48,18,FALSE,2012,2012,FALSE,16,2012-01-12,2012-11-01,FALSE,1,2026-08-11 19:24:32.944 -0700
AEN,324125,AFTER THE FIRST 48,18,FALSE,2011,2011,FALSE,7,2011-04-14,2011-12-29,FALSE,1,2026-08-11 19:24:32.944 -0700
AEN,324125,AFTER THE FIRST 48,18,FALSE,2010,2010,FALSE,12,2010-02-18,2010-11-18,FALSE,1,2026-08-11 19:24:32.944 -0700
AEN,324125,AFTER THE FIRST 48,18,FALSE,2009,2009,FALSE,4,2009-02-12,2009-08-18,FALSE,1,2026-08-11 19:24:32.944 -0700
HIST,389728,OUTLAW CHRON HELLS ANGELS,25,TRUE,1,1,FALSE,6,2015-08-18,2015-09-22,TRUE,1,2026-08-11 19:24:32.944 -0700
AEN,340748,HEAVY,5,FALSE,1,1,FALSE,12,2011-01-17,2011-04-04,TRUE,1,2026-08-11 19:24:32.944 -0700
VICE,1033824,RESET,5,FALSE,1,1,FALSE,10,2021-02-03,2021-03-05,TRUE,1,2026-08-11 19:24:32.944 -0700
FYI,386018,LOVE AT FIRST BITE,18,FALSE,1,1,FALSE,7,2018-01-22,2018-02-12,TRUE,1,2026-08-11 19:24:32.944 -0700
HIST,1208489,KEVIN COSTNERS THE WEST,23,FALSE,1,1,FALSE,8,2025-05-26,2025-06-30,TRUE,1,2026-08-11 19:24:32.944 -0700
AEN,457989,WAHLBURGERS SPECIALS,20,FALSE,10,10,FALSE,1,2019-07-31,2019-07-31,TRUE,1,2026-08-11 19:24:32.944 -0700
LMN,444784,LAURIEANN GIBSON: BS,20,FALSE,1,1,FALSE,1,2018-06-07,2018-06-07,TRUE,2,2026-08-11 19:24:32.944 -0700
AEN,1174583,SECRETS OF HELLS ANGELS,23,FALSE,1,1,FALSE,8,2024-04-14,2024-06-02,TRUE,1,2026-08-11 19:24:32.944 -0700
LIF,418633,BRING IT FL,11,FALSE,4,4,FALSE,1,2017-01-06,2017-01-06,TRUE,1,2026-08-11 19:24:32.944 -0700
LIF,385635,UNREAL,6,FALSE,4,4,FALSE,8,2019-09-27,2019-09-27,TRUE,1,2026-08-11 19:24:32.944 -0700
LIF,385635,UNREAL,6,FALSE,3,3,FALSE,10,2018-02-26,2018-04-23,FALSE,1,2026-08-11 19:24:32.944 -0700
LIF,385635,UNREAL,6,FALSE,2,2,FALSE,10,2016-06-06,2016-08-08,FALSE,1,2026-08-11 19:24:32.944 -0700
LIF,385635,UNREAL,6,FALSE,1,1,FALSE,10,2015-06-01,2015-08-03,FALSE,1,2026-08-11 19:24:32.944 -0700
LMN,387973,I WAS POSSESSED,15,FALSE,1,1,FALSE,6,2015-07-11,2015-08-08,TRUE,1,2026-08-11 19:24:32.944 -0700
HIST,1047201,COUNTING CARS: UNDER HOOD,25,TRUE,1,1,FALSE,10,2021-09-15,2021-11-10,TRUE,1,2026-08-11 19:24:32.944 -0700
HIST,451909,DETROIT MUSCLE,14,FALSE,1,1,FALSE,36,2019-01-13,2019-11-24,TRUE,1,2026-08-11 19:24:32.944 -0700
AEN,235194,A&E ORIGINAL MOVIE PRES.,24,FALSE,1,1,FALSE,2,2008-05-26,2008-05-27,TRUE,1,2026-08-11 19:24:32.944 -0700
LIF,1200089,6000 LB DIARIES W DR. NOW,25,TRUE,1,1,FALSE,10,2025-01-06,2025-07-14,TRUE,1,2026-08-11 19:24:32.944 -0700
AEN,1198639,HOMICIDE SQUAD NOLA,19,FALSE,3,3,FALSE,7,2026-01-15,2026-02-26,TRUE,1,2026-08-11 19:24:32.944 -0700
AEN,1198639,HOMICIDE SQUAD NOLA,19,FALSE,2,2,FALSE,7,2025-07-17,2025-08-28,FALSE,1,2026-08-11 19:24:32.944 -0700
AEN,1198639,HOMICIDE SQUAD NOLA,19,FALSE,1,1,FALSE,11,2025-01-01,2025-03-06,FALSE,1,2026-08-11 19:24:32.944 -0700
HIST,1049399,WHEN BIG THINGS GO WRONG,24,FALSE,1,1,FALSE,6,2021-10-10,2021-11-14,TRUE,1,2026-08-11 19:24:32.944 -0700
FYI,401077,MAN VS. CHILD SPECIAL,21,FALSE,2,2,FALSE,1,2016-03-17,2016-03-17,TRUE,1,2026-08-11 19:24:32.944 -0700
LIF,1121922,MOVIE- ACQUIRED HOL PREM,24,FALSE,2025,2025,FALSE,8,2025-11-29,2025-12-19,TRUE,1,2026-08-11 19:24:32.944 -0700
LIF,1121922,MOVIE- ACQUIRED HOL PREM,24,FALSE,2024,2024,FALSE,7,2024-11-16,2024-12-22,FALSE,1,2026-08-11 19:24:32.944 -0700
LIF,1121922,MOVIE- ACQUIRED HOL PREM,24,FALSE,2023,2023,FALSE,9,2023-11-18,2023-12-23,FALSE,1,2026-08-11 19:24:32.944 -0700
LIF,1121922,MOVIE- ACQUIRED HOL PREM,24,FALSE,2022,2022,FALSE,18,2022-11-05,2022-12-18,FALSE,1,2026-08-11 19:24:32.944 -0700
AEN,438515,UNDERCOVER HIGH FL,18,FALSE,1,1,FALSE,1,2018-01-01,2018-01-01,TRUE,1,2026-08-11 19:24:32.944 -0700
HIST,1012715,AMERICA: OUR DEFINING HRS,25,TRUE,1,1,FALSE,3,2020-07-05,2020-07-19,TRUE,1,2026-08-11 19:24:32.944 -0700
HIST,1006977,WWII: RACE TO VICTORY,21,FALSE,1,1,FALSE,6,2020-06-14,2020-06-28,TRUE,1,2026-08-11 19:24:32.944 -0700
VICE,1179929,WHO KILLED WCW,14,FALSE,1,1,FALSE,4,2024-06-04,2024-06-25,TRUE,1,2026-08-11 19:24:32.944 -0700
AEN,438516,INTERVENTION: HEROIN FL,23,FALSE,18,18,FALSE,3,2018-01-01,2018-01-15,TRUE,1,2026-08-11 19:24:32.944 -0700
VICE,1172662,ICONS UNEARTHED: TLOTR,22,FALSE,1,1,FALSE,6,2024-03-20,2024-04-24,TRUE,1,2026-08-11 19:24:32.944 -0700
LMN,397759,"BODY DETECTIVE, THE",19,FALSE,1,1,FALSE,1,2016-01-07,2016-01-07,TRUE,1,2026-08-11 19:24:32.944 -0700
HIST,1158758,ALONE AUSTRALIA SPECIALS,24,FALSE,2,2,FALSE,1,2024-08-29,2024-08-29,TRUE,1,2026-08-11 19:24:32.944 -0700
HIST,1158758,ALONE AUSTRALIA SPECIALS,24,FALSE,1,1,FALSE,1,2023-11-02,2023-11-02,FALSE,1,2026-08-11 19:24:32.944 -0700
LMN,459435,MY SORDID AFFAIR,16,FALSE,1,1,FALSE,6,2019-09-23,2019-09-23,TRUE,1,2026-08-11 19:24:32.944 -0700
HIST,422998,ROAD HAUKS,10,FALSE,1B,1,TRUE,1,2017-08-18,2017-08-18,TRUE,1,2026-08-11 19:24:32.944 -0700
HIST,422998,ROAD HAUKS,10,FALSE,1,1,FALSE,5,2017-04-08,2017-08-18,FALSE,1,2026-08-11 19:24:32.944 -0700
FYI,456548,MAN VS MASTER:CHEF BATTLE,25,TRUE,1,1,FALSE,13,2019-06-20,2019-09-26,TRUE,1,2026-08-11 19:24:32.944 -0700
HIST,368484,WERE THE FUGAWIS,16,FALSE,1,1,FALSE,10,2013-09-03,2013-10-04,TRUE,1,2026-08-11 19:24:32.944 -0700
VICE,436431,ITS SUPPERTIME,14,FALSE,1B,1,TRUE,12,2018-04-24,2018-06-26,TRUE,1,2026-08-11 19:24:32.944 -0700
VICE,436431,ITS SUPPERTIME,14,FALSE,1,1,FALSE,12,2017-11-30,2018-02-13,FALSE,1,2026-08-11 19:24:32.944 -0700
AEN,315771,CRIME 360,9,FALSE,2,2,FALSE,19,2009-05-21,2009-09-17,TRUE,1,2026-08-11 19:24:32.944 -0700
AEN,315771,CRIME 360,9,FALSE,1,1,FALSE,11,2008-03-06,2008-06-19,FALSE,1,2026-08-11 19:24:32.944 -0700
LIF,459352,FORBIDDEN LOVE,14,FALSE,2019,2019,FALSE,1,2019-09-18,2019-09-18,TRUE,1,2026-08-11 19:24:32.944 -0700
FYI,424923,SCRAPS,6,FALSE,2,2,FALSE,10,2018-10-11,2018-12-27,TRUE,1,2026-08-11 19:24:32.944 -0700
FYI,424923,SCRAPS,6,FALSE,1,1,FALSE,10,2017-05-21,2017-07-23,FALSE,1,2026-08-11 19:24:32.944 -0700
AEN,395373,UNFORGETTABLE,13,FALSE,4,4,FALSE,13,2015-11-27,2016-01-22,TRUE,1,2026-08-11 19:24:32.944 -0700
VICE,423474,BUSINESS OF LIFE,16,FALSE,1,1,FALSE,13,2017-04-23,2017-07-16,TRUE,1,2026-08-11 19:24:32.944 -0700
LIF,388716,ATLANTA PLASTIC,15,FALSE,2,2,FALSE,10,2016-03-25,2016-06-15,TRUE,1,2026-08-11 19:24:32.944 -0700
LIF,388716,ATLANTA PLASTIC,15,FALSE,1,1,FALSE,8,2015-07-31,2015-09-18,FALSE,1,2026-08-11 19:24:32.944 -0700
HIST,441272,MEN WBA: FRONTIERSMEN,21,FALSE,1,1,FALSE,4,2018-03-07,2018-03-28,TRUE,1,2026-08-11 19:24:32.944 -0700
HIST,331601,FOOD TECH,9,FALSE,1,1,FALSE,10,2010-01-21,2010-04-01,TRUE,1,2026-08-11 19:24:32.944 -0700
FYI,389471,CABIN TRUCKERS,14,FALSE,2,2,FALSE,13,2019-05-14,2019-06-18,TRUE,1,2026-08-11 19:24:32.944 -0700
FYI,389471,CABIN TRUCKERS,14,FALSE,1B,1,TRUE,5,2015-09-20,2015-09-27,FALSE,1,2026-08-11 19:24:32.944 -0700
FYI,389471,CABIN TRUCKERS,14,FALSE,1,1,FALSE,8,2015-08-08,2015-08-26,FALSE,1,2026-08-11 19:24:32.944 -0700
HIST,318204,SURVIVING HISTORY,17,FALSE,1,1,FALSE,4,2008-06-15,2008-07-03,TRUE,1,2026-08-11 19:24:32.944 -0700
AEN,1200613,OCEANFRONT PROPERTY HUNT,24,FALSE,2,2,FALSE,30,2025-12-06,2026-04-04,TRUE,1,2026-08-11 19:24:32.944 -0700
AEN,1200613,OCEANFRONT PROPERTY HUNT,24,FALSE,1B,1,TRUE,8,2025-07-12,2025-08-02,FALSE,1,2026-08-11 19:24:32.944 -0700
AEN,1200613,OCEANFRONT PROPERTY HUNT,24,FALSE,1,1,FALSE,12,2025-01-18,2025-02-22,FALSE,1,2026-08-11 19:24:32.944 -0700
VICE,1028712,COUNTER SPACE,13,FALSE,1,1,FALSE,24,2020-11-26,2021-03-13,TRUE,1,2026-08-11 19:24:32.944 -0700
AEN,1242683,SCOTT PETERSON: NEW EVID,24,FALSE,1,1,FALSE,2,2026-07-16,2026-07-17,TRUE,1,2026-08-11 19:24:32.944 -0700
FYI,456547,MILLION DOLLAR HOUSE HNTR,25,TRUE,1,1,FALSE,26,2019-06-20,2019-09-12,TRUE,1,2026-08-11 19:24:32.944 -0700
LIF,1018445,HAPPILY EVER ALTERED,20,FALSE,2020,2020,FALSE,1,2020-07-22,2020-07-22,TRUE,1,2026-08-11 19:24:32.944 -0700
LIF,344711,"PROTECTOR, THE",14,FALSE,1,1,FALSE,13,2011-06-12,2011-09-19,TRUE,1,2026-08-11 19:24:32.944 -0700
HIST,452902,PRESIDENTS AT WAR,17,FALSE,1,1,FALSE,2,2019-02-17,2019-02-18,TRUE,1,2026-08-11 19:24:32.944 -0700
HIST,416145,REAL VIKINGS,12,FALSE,1,1,FALSE,4,2016-11-30,2016-12-21,TRUE,1,2026-08-11 19:24:32.944 -0700
HIST,349514,INVENTION USA,13,FALSE,2,2,FALSE,8,2012-11-26,2012-12-19,TRUE,1,2026-08-11 19:24:32.944 -0700
HIST,349514,INVENTION USA,13,FALSE,1,1,FALSE,6,2011-12-09,2011-12-23,FALSE,1,2026-08-11 19:24:32.944 -0700
AEN,1198770,INTERROGATION RAW SPECIAL,25,TRUE,2024,2024,FALSE,1,2024-12-26,2024-12-26,TRUE,1,2026-08-11 19:24:32.944 -0700
FYI,383431,MY CITY,7,FALSE,1,1,FALSE,10,2015-03-04,2015-04-01,TRUE,1,2026-08-11 19:24:32.944 -0700
FYI,379050,HOUSE VS. HOUSE,15,FALSE,1,1,FALSE,10,2014-10-06,2015-09-25,TRUE,1,2026-08-11 19:24:32.944 -0700
AEN,425945,BEHIND BARS:WOMEN UNCHAIN,25,TRUE,2017,2017,FALSE,1,2017-06-12,2017-06-12,TRUE,1,2026-08-11 19:24:32.944 -0700
FYI,380398,EPIC MEAL EMPIRE SPECIAL,24,FALSE,1,1,FALSE,1,2014-11-14,2014-11-14,TRUE,1,2026-08-11 19:24:32.944 -0700
LMN,380414,PSYCHIC INTERVENTION,20,FALSE,1,1,FALSE,3,2014-11-22,2014-12-06,TRUE,1,2026-08-11 19:24:32.944 -0700
VICE,1028413,WHILE THE REST OF US DIE,24,FALSE,2,2,FALSE,8,2021-10-21,2021-12-16,TRUE,1,2026-08-11 19:24:32.944 -0700
VICE,1028413,WHILE THE REST OF US DIE,24,FALSE,1,1,FALSE,6,2020-11-16,2020-12-21,FALSE,1,2026-08-11 19:24:32.944 -0700
LIF,414796,PROJECT REWIND,14,FALSE,7,7,FALSE,2,2019-02-06,2019-02-13,TRUE,1,2026-08-11 19:24:32.944 -0700
LIF,414796,PROJECT REWIND,14,FALSE,16,16,FALSE,14,2017-08-24,2017-11-30,FALSE,1,2026-08-11 19:24:32.944 -0700
LIF,414796,PROJECT REWIND,14,FALSE,15,15,FALSE,6,2016-11-03,2016-12-15,FALSE,1,2026-08-11 19:24:32.944 -0700
AEN,411281,"KILLING OF JONBENET, THE",24,FALSE,2016,2016,FALSE,1,2016-09-05,2016-09-05,TRUE,1,2026-08-11 19:24:32.944 -0700
FYI,428003,YOU CANT TURN THAT HOUSE,24,FALSE,1,1,FALSE,14,2017-07-15,2017-10-07,TRUE,1,2026-08-11 19:24:32.944 -0700
AEN,1134247,24 HOUR FLIP,12,FALSE,1,1,FALSE,12,2023-02-25,2023-05-13,TRUE,1,2026-08-11 19:24:32.944 -0700
AEN,413049,CRISS ANGEL TRICKD UP,21,FALSE,2016,2016,FALSE,1,2016-10-12,2016-10-12,TRUE,1,2026-08-11 19:24:32.944 -0700
VICE,1189145,ICONS UNEARTHED: T CRUISE,25,TRUE,1,1,FALSE,6,2024-09-04,2024-09-25,TRUE,1,2026-08-11 19:24:32.944 -0700
HIST,1151017,BEYOND SKINWALKER SPECIAL,25,TRUE,2,2,FALSE,1,2024-07-16,2024-07-16,TRUE,1,2026-08-11 19:24:32.944 -0700
HIST,1151017,BEYOND SKINWALKER SPECIAL,25,TRUE,1,1,FALSE,1,2023-08-08,2023-08-08,FALSE,1,2026-08-11 19:24:32.944 -0700
HIST,450053,CURSE OF OAK BEHIND DIG,23,FALSE,6,6,FALSE,5,2018-11-20,2018-12-18,TRUE,1,2026-08-11 19:24:32.944 -0700
AEN,381998,CRITICS CHOICE AWARDS,21,FALSE,999,999,FALSE,4,2015-01-15,2016-12-11,TRUE,3,2026-08-11 19:24:32.944 -0700
VICE,1235548,"VERDICT, THE",12,FALSE,1,1,FALSE,5,2026-03-24,2026-04-21,TRUE,1,2026-08-11 19:24:32.944 -0700
LIF,400422,RAP GAME SPECIALS,17,FALSE,5,5,FALSE,1,2019-03-14,2019-03-14,TRUE,1,2026-08-11 19:24:32.944 -0700
LIF,400422,RAP GAME SPECIALS,17,FALSE,4,4,FALSE,1,2017-12-22,2017-12-22,FALSE,1,2026-08-11 19:24:32.944 -0700
LIF,400422,RAP GAME SPECIALS,17,FALSE,1,1,FALSE,1,2016-02-26,2016-02-26,FALSE,1,2026-08-11 19:24:32.944 -0700
FYI,447161,FLIP WARS: BUYING BLIND,23,FALSE,1,1,FALSE,3,2018-08-16,2018-08-30,TRUE,1,2026-08-11 19:24:32.944 -0700
HIST,336088,SWAMP PEOPLE,12,FALSE,17,17,FALSE,14,2026-01-07,2026-04-15,TRUE,1,2026-08-11 19:24:32.944 -0700
HIST,336088,SWAMP PEOPLE,12,FALSE,16,16,FALSE,16,2025-01-02,2025-04-24,FALSE,1,2026-08-11 19:24:32.944 -0700
HIST,336088,SWAMP PEOPLE,12,FALSE,15,15,FALSE,16,2024-01-04,2024-04-25,FALSE,1,2026-08-11 19:24:32.944 -0700
HIST,336088,SWAMP PEOPLE,12,FALSE,14,14,FALSE,16,2023-01-05,2023-04-27,FALSE,1,2026-08-11 19:24:32.944 -0700
HIST,336088,SWAMP PEOPLE,12,FALSE,13,13,FALSE,15,2022-01-27,2022-05-19,FALSE,1,2026-08-11 19:24:32.944 -0700
HIST,336088,SWAMP PEOPLE,12,FALSE,12,12,FALSE,16,2021-02-04,2021-05-27,FALSE,1,2026-08-11 19:24:32.944 -0700
HIST,336088,SWAMP PEOPLE,12,FALSE,11,11,FALSE,14,2020-01-23,2020-04-16,FALSE,1,2026-08-11 19:24:32.944 -0700
HIST,336088,SWAMP PEOPLE,12,FALSE,10,10,FALSE,14,2019-01-31,2019-05-09,FALSE,1,2026-08-11 19:24:32.944 -0700
HIST,336088,SWAMP PEOPLE,12,FALSE,9,9,FALSE,20,2018-02-01,2018-06-07,FALSE,1,2026-08-11 19:24:32.944 -0700
HIST,336088,SWAMP PEOPLE,12,FALSE,8,8,FALSE,14,2017-02-16,2017-05-11,FALSE,1,2026-08-11 19:24:32.944 -0700
HIST,336088,SWAMP PEOPLE,12,FALSE,7,7,FALSE,13,2016-02-08,2016-05-02,FALSE,1,2026-08-11 19:24:32.944 -0700
HIST,336088,SWAMP PEOPLE,12,FALSE,6,6,FALSE,20,2015-02-02,2015-07-13,FALSE,1,2026-08-11 19:24:32.944 -0700
HIST,336088,SWAMP PEOPLE,12,FALSE,5,5,FALSE,20,2014-02-03,2014-06-30,FALSE,1,2026-08-11 19:24:32.944 -0700
HIST,336088,SWAMP PEOPLE,12,FALSE,4,4,FALSE,22,2013-02-14,2013-07-18,FALSE,1,2026-08-11 19:24:32.944 -0700
HIST,336088,SWAMP PEOPLE,12,FALSE,3,3,FALSE,22,2012-02-09,2012-07-12,FALSE,1,2026-08-11 19:24:32.944 -0700
HIST,336088,SWAMP PEOPLE,12,FALSE,2,2,FALSE,16,2011-03-31,2011-07-21,FALSE,1,2026-08-11 19:24:32.944 -0700
HIST,336088,SWAMP PEOPLE,12,FALSE,1,1,FALSE,10,2010-08-22,2010-10-31,FALSE,1,2026-08-11 19:24:32.944 -0700
VICE,419714,PEOPLE JUST DO NOTHING,22,FALSE,3,3,FALSE,6,2017-08-19,2017-09-02,TRUE,1,2026-08-11 19:24:32.944 -0700
VICE,419714,PEOPLE JUST DO NOTHING,22,FALSE,2,2,FALSE,5,2017-03-02,2017-03-30,FALSE,1,2026-08-11 19:24:32.944 -0700
VICE,419714,PEOPLE JUST DO NOTHING,22,FALSE,1,1,FALSE,4,2017-02-02,2017-02-23,FALSE,1,2026-08-11 19:24:32.944 -0700
AEN,399794,KILLER VERDICT,14,FALSE,2016,2016,FALSE,1,2016-02-18,2016-02-18,TRUE,1,2026-08-11 19:24:32.944 -0700
LIF,447770,YOU,3,FALSE,1,1,FALSE,10,2018-09-09,2018-11-11,TRUE,2,2026-08-11 19:24:32.944 -0700
LIF,383906,LITTLE WOMEN NY,15,FALSE,2,2,FALSE,7,2016-05-04,2016-06-15,TRUE,1,2026-08-11 19:24:32.944 -0700
LIF,383906,LITTLE WOMEN NY,15,FALSE,1,1,FALSE,10,2015-03-25,2015-05-27,FALSE,1,2026-08-11 19:24:32.944 -0700
LIF,371099,COME DINE WITH ME,17,FALSE,1,1,FALSE,3,2013-12-05,2013-12-08,TRUE,1,2026-08-11 19:24:32.944 -0700
HIST,1061779,HIST GREAT MYST SPECIALS,24,FALSE,2,2,FALSE,1,2022-03-22,2022-03-22,TRUE,1,2026-08-11 19:24:32.944 -0700
HIST,414791,HUNTING HITLER SPECIALS,23,FALSE,4,4,FALSE,1,2020-11-11,2020-11-11,TRUE,1,2026-08-11 19:24:32.944 -0700
HIST,414791,HUNTING HITLER SPECIALS,23,FALSE,3,3,FALSE,1,2017-12-26,2017-12-26,FALSE,1,2026-08-11 19:24:32.944 -0700
HIST,414791,HUNTING HITLER SPECIALS,23,FALSE,2,2,FALSE,1,2016-11-01,2016-11-01,FALSE,1,2026-08-11 19:24:32.944 -0700
LIF,200659,MOVIE,5,FALSE,2014,2014,FALSE,1,2014-09-01,2014-09-01,TRUE,2,2026-08-11 19:24:32.944 -0700
LIF,200659,MOVIE,5,FALSE,2013,2013,FALSE,1,2013-05-27,2013-05-27,FALSE,2,2026-08-11 19:24:32.944 -0700
LIF,375041,BRING IT SPECIAL,16,FALSE,5,5,FALSE,1,2018-03-02,2018-03-02,TRUE,1,2026-08-11 19:24:32.944 -0700
LIF,375041,BRING IT SPECIAL,16,FALSE,4B,4,TRUE,1,2017-12-22,2017-12-22,FALSE,1,2026-08-11 19:24:32.944 -0700
LIF,375041,BRING IT SPECIAL,16,FALSE,4,4,FALSE,1,2016-07-22,2016-07-22,FALSE,1,2026-08-11 19:24:32.944 -0700
LIF,375041,BRING IT SPECIAL,16,FALSE,3,3,FALSE,2,2016-01-01,2016-03-18,FALSE,1,2026-08-11 19:24:32.944 -0700
LIF,375041,BRING IT SPECIAL,16,FALSE,2B,2,TRUE,2,2015-07-31,2015-10-02,FALSE,1,2026-08-11 19:24:32.944 -0700
LIF,375041,BRING IT SPECIAL,16,FALSE,2,2,FALSE,2,2015-01-23,2015-05-01,FALSE,1,2026-08-11 19:24:32.944 -0700
LIF,375041,BRING IT SPECIAL,16,FALSE,1B,1,TRUE,1,2014-10-01,2014-10-01,FALSE,1,2026-08-11 19:24:32.944 -0700
LIF,375041,BRING IT SPECIAL,16,FALSE,1,1,FALSE,2,2014-05-07,2014-05-14,FALSE,1,2026-08-11 19:24:32.944 -0700
FYI,413411,HOME SWEET HEADACHE,19,FALSE,1B,1,TRUE,4,2017-02-02,2017-02-02,TRUE,1,2026-08-11 19:24:32.944 -0700
FYI,413411,HOME SWEET HEADACHE,19,FALSE,1,1,FALSE,2,2016-10-15,2016-10-15,FALSE,1,2026-08-11 19:24:32.944 -0700
AEN,391517,COSBY: THE WOMEN SPEAK,22,FALSE,2015,2015,FALSE,1,2015-09-17,2015-09-17,TRUE,1,2026-08-11 19:24:32.944 -0700
AEN,444447,CASEY ANTHONYS PARENTS,22,FALSE,2018,2018,FALSE,1,2018-05-28,2018-05-28,TRUE,1,2026-08-11 19:24:32.944 -0700
AEN,381926,WILD TRANSPORT,14,FALSE,1,1,FALSE,8,2015-01-06,2015-01-27,TRUE,1,2026-08-11 19:24:32.944 -0700
AEN,455478,"EMPLOYABLES, THE",16,FALSE,1,1,FALSE,8,2019-05-15,2019-07-24,TRUE,1,2026-08-11 19:24:32.944 -0700
HIST,382725,LEGEND OF SUPERSTITION MT,25,TRUE,1,1,FALSE,6,2015-02-08,2015-03-15,TRUE,1,2026-08-11 19:24:32.944 -0700
LIF,353557,LOVE FOR SAIL,13,FALSE,1,1,FALSE,5,2012-04-10,2012-05-25,TRUE,1,2026-08-11 19:24:32.944 -0700
AEN,263178,COLD CASE FILES,15,FALSE,14B,14,TRUE,7,2024-12-27,2025-03-07,TRUE,1,2026-08-11 19:24:32.944 -0700
AEN,263178,COLD CASE FILES,15,FALSE,13,13,FALSE,6,2022-08-20,2022-09-24,FALSE,1,2026-08-11 19:24:32.944 -0700
AEN,263178,COLD CASE FILES,15,FALSE,12,12,FALSE,21,2022-01-07,2022-05-13,FALSE,1,2026-08-11 19:24:32.944 -0700
AEN,263178,COLD CASE FILES,15,FALSE,11,11,FALSE,6,2021-08-20,2021-09-24,FALSE,1,2026-08-11 19:24:32.944 -0700
AEN,263178,COLD CASE FILES,15,FALSE,10,10,FALSE,10,2017-02-27,2017-06-29,FALSE,1,2026-08-11 19:24:32.944 -0700
AEN,263178,COLD CASE FILES,15,FALSE,9,9,FALSE,1,2007-10-14,2007-10-14,FALSE,1,2026-08-11 19:24:32.944 -0700
HIST,335606,MODERN MARVELS ESSENTIALS,25,TRUE,1,1,FALSE,10,2010-07-30,2010-08-27,TRUE,1,2026-08-11 19:24:32.944 -0700
HIST,1178949,"GREAT WAR, THE",14,FALSE,1,1,FALSE,2,2024-05-27,2024-05-28,TRUE,1,2026-08-11 19:24:32.944 -0700
AEN,455121,KIDS BEHIND BARS: LIFE OR,25,TRUE,2,2,FALSE,10,2021-08-26,2021-10-07,TRUE,1,2026-08-11 19:24:32.944 -0700
AEN,455121,KIDS BEHIND BARS: LIFE OR,25,TRUE,1,1,FALSE,9,2019-04-30,2019-07-02,FALSE,1,2026-08-11 19:24:32.944 -0700
HIST,405838,BARBARIANS RISING,17,FALSE,1,1,FALSE,4,2016-06-06,2016-06-27,TRUE,1,2026-08-11 19:24:32.944 -0700
AEN,434722,SAVE IT OR SELL IT,18,FALSE,2017,2017,FALSE,1,2017-11-05,2017-11-05,TRUE,1,2026-08-11 19:24:32.944 -0700
HIST,1239725,HIST GREATEST MACHINES,22,FALSE,1,1,FALSE,8,2026-06-01,2026-07-20,TRUE,1,2026-08-11 19:24:32.944 -0700
LIF,1215284,SORORITY MOMS GUIDE RUSH,24,FALSE,1,1,FALSE,2,2025-08-11,2025-08-18,TRUE,1,2026-08-11 19:24:32.944 -0700
AEN,337377,TEACH: TONY DANZA,17,FALSE,1,1,FALSE,7,2010-10-01,2010-11-05,TRUE,1,2026-08-11 19:24:32.944 -0700
HIST,393177,TRUE MONSTERS,13,FALSE,1,1,FALSE,4,2015-10-09,2015-10-30,TRUE,1,2026-08-11 19:24:32.944 -0700
LIF,424909,LW DALLAS REUNION,17,FALSE,2,2,FALSE,1,2017-12-06,2017-12-06,TRUE,1,2026-08-11 19:24:32.944 -0700
LIF,424909,LW DALLAS REUNION,17,FALSE,1B,1,TRUE,1,2017-05-17,2017-05-17,FALSE,1,2026-08-11 19:24:32.944 -0700
VICE,458715,TERROR,6,FALSE,1,1,FALSE,5,2019-08-27,2019-09-24,TRUE,1,2026-08-11 19:24:32.944 -0700
HIST,359288,OUTBACK HUNTERS,15,FALSE,1,1,FALSE,10,2012-10-21,2012-12-30,TRUE,1,2026-08-11 19:24:32.944 -0700
HIST,457307,COUNTING CARS SPECIAL,21,FALSE,2019,2019,FALSE,1,2019-07-09,2019-07-09,TRUE,1,2026-08-11 19:24:32.944 -0700
AEN,1195076,COLD CASE FILES WF,18,FALSE,14,14,FALSE,10,2024-11-15,2025-01-31,TRUE,1,2026-08-11 19:24:32.944 -0700
LIF,1056630,JANET JACKSON,13,FALSE,1,1,FALSE,4,2022-01-28,2022-01-29,TRUE,2,2026-08-11 19:24:32.944 -0700
FYI,1203726,EXTREME ROAD RAGERS,19,FALSE,1B,1,TRUE,4,2025-02-22,2025-03-15,TRUE,2,2026-08-11 19:24:32.944 -0700
AEN,417915,NIGHTWATCH FL,13,FALSE,3,3,FALSE,2,2016-12-26,2017-01-02,TRUE,1,2026-08-11 19:24:32.944 -0700
AEN,446318,LIVE PD PRESENTS: PD CAM,24,FALSE,5,5,FALSE,20,2025-01-08,2025-03-12,TRUE,1,2026-08-11 19:24:32.944 -0700
AEN,446318,LIVE PD PRESENTS: PD CAM,24,FALSE,4,4,FALSE,18,2020-01-22,2020-03-18,FALSE,1,2026-08-11 19:24:32.944 -0700
AEN,446318,LIVE PD PRESENTS: PD CAM,24,FALSE,3,3,FALSE,14,2019-10-24,2019-12-12,FALSE,1,2026-08-11 19:24:32.944 -0700
AEN,446318,LIVE PD PRESENTS: PD CAM,24,FALSE,2B,2,TRUE,14,2019-04-28,2019-06-26,FALSE,1,2026-08-11 19:24:32.944 -0700
AEN,446318,LIVE PD PRESENTS: PD CAM,24,FALSE,2,2,FALSE,12,2018-11-01,2018-12-13,FALSE,1,2026-08-11 19:24:32.944 -0700
AEN,446318,LIVE PD PRESENTS: PD CAM,24,FALSE,1,1,FALSE,6,2018-07-19,2018-08-09,FALSE,1,2026-08-11 19:24:32.944 -0700
LIF,431896,AMERICAN BEAUTY STAR,20,FALSE,2,2,FALSE,13,2019-01-02,2019-03-27,TRUE,1,2026-08-11 19:24:32.944 -0700
LIF,431896,AMERICAN BEAUTY STAR,20,FALSE,1,1,FALSE,10,2017-09-21,2017-11-30,FALSE,1,2026-08-11 19:24:32.944 -0700
LIF,372628,KIM OF QUEENS EXT CUT,21,FALSE,1,1,FALSE,3,2014-01-29,2014-01-29,TRUE,1,2026-08-11 19:24:32.944 -0700
HIST,310390,HUMAN WEAPON,12,FALSE,2,2,FALSE,6,2007-11-02,2007-12-14,TRUE,1,2026-08-11 19:24:32.944 -0700
HIST,310390,HUMAN WEAPON,12,FALSE,1,1,FALSE,9,2007-07-20,2007-09-28,FALSE,1,2026-08-11 19:24:32.944 -0700
AEN,403083,EXTRACTORS,10,FALSE,1,1,FALSE,4,2016-04-17,2016-04-17,TRUE,1,2026-08-11 19:24:32.944 -0700
AEN,427763,OZZY & JACKS WORLD DETOUR,25,TRUE,3,3,FALSE,8,2018-06-13,2018-08-08,TRUE,2,2026-08-11 19:24:32.944 -0700
AEN,427763,OZZY & JACKS WORLD DETOUR,25,TRUE,2,2,FALSE,10,2017-11-08,2018-01-03,FALSE,2,2026-08-11 19:24:32.944 -0700
AEN,367636,BAD INK,7,FALSE,2,2,FALSE,10,2014-01-20,2014-08-20,TRUE,1,2026-08-11 19:24:32.944 -0700
AEN,367636,BAD INK,7,FALSE,1,1,FALSE,14,2013-08-11,2013-10-16,FALSE,1,2026-08-11 19:24:32.944 -0700
HIST,384923,LOST IN TRANSMISSION,20,FALSE,1,1,FALSE,6,2015-05-07,2015-06-11,TRUE,1,2026-08-11 19:24:32.944 -0700
LIF,202312,SATURDAY MOVIE III,18,FALSE,2015,2015,FALSE,21,2015-01-17,2015-09-26,TRUE,1,2026-08-11 19:24:32.944 -0700
LIF,202312,SATURDAY MOVIE III,18,FALSE,2014,2014,FALSE,33,2014-01-18,2014-12-27,FALSE,1,2026-08-11 19:24:32.944 -0700
LIF,202312,SATURDAY MOVIE III,18,FALSE,2013,2013,FALSE,9,2013-01-19,2013-11-09,FALSE,1,2026-08-11 19:24:32.944 -0700
LIF,202312,SATURDAY MOVIE III,18,FALSE,2012,2012,FALSE,15,2012-01-07,2012-12-29,FALSE,1,2026-08-11 19:24:32.944 -0700
LIF,202312,SATURDAY MOVIE III,18,FALSE,2011,2011,FALSE,15,2011-01-01,2011-12-17,FALSE,1,2026-08-11 19:24:32.944 -0700
LIF,202312,SATURDAY MOVIE III,18,FALSE,2010,2010,FALSE,5,2010-01-23,2010-04-17,FALSE,1,2026-08-11 19:24:32.944 -0700
LIF,202312,SATURDAY MOVIE III,18,FALSE,2009,2009,FALSE,12,2009-01-24,2009-12-05,FALSE,1,2026-08-11 19:24:32.944 -0700
LIF,202312,SATURDAY MOVIE III,18,FALSE,2008,2008,FALSE,12,2008-01-12,2008-12-06,FALSE,1,2026-08-11 19:24:32.944 -0700
LIF,202312,SATURDAY MOVIE III,18,FALSE,2007,2007,FALSE,5,2007-08-25,2007-12-08,FALSE,1,2026-08-11 19:24:32.944 -0700
LIF,457314,MARRYING MILLIONS,17,FALSE,2B,2,TRUE,10,2021-01-27,2021-03-31,TRUE,1,2026-08-11 19:24:32.944 -0700
LIF,457314,MARRYING MILLIONS,17,FALSE,2,2,FALSE,10,2020-08-05,2020-10-07,FALSE,1,2026-08-11 19:24:32.944 -0700
LIF,457314,MARRYING MILLIONS,17,FALSE,1,1,FALSE,10,2019-07-10,2019-09-11,FALSE,1,2026-08-11 19:24:32.944 -0700
LIF,423465,MARRIED AT FIRST ST (LIF),25,TRUE,18,18,FALSE,18,2024-10-15,2025-03-04,TRUE,1,2026-08-11 19:24:32.944 -0700
LIF,423465,MARRIED AT FIRST ST (LIF),25,TRUE,17,17,FALSE,23,2023-10-18,2024-03-27,FALSE,1,2026-08-11 19:24:32.944 -0700
LIF,423465,MARRIED AT FIRST ST (LIF),25,TRUE,16,16,FALSE,23,2023-01-04,2023-06-07,FALSE,1,2026-08-11 19:24:32.944 -0700
LIF,423465,MARRIED AT FIRST ST (LIF),25,TRUE,15,15,FALSE,17,2022-07-06,2022-10-26,FALSE,1,2026-08-11 19:24:32.944 -0700
LIF,423465,MARRIED AT FIRST ST (LIF),25,TRUE,14,14,FALSE,17,2022-01-05,2022-05-11,FALSE,1,2026-08-11 19:24:32.944 -0700
LIF,423465,MARRIED AT FIRST ST (LIF),25,TRUE,13,13,FALSE,17,2021-07-21,2021-11-10,FALSE,1,2026-08-11 19:24:32.944 -0700
LIF,423465,MARRIED AT FIRST ST (LIF),25,TRUE,12,12,FALSE,17,2021-01-13,2021-05-12,FALSE,1,2026-08-11 19:24:32.944 -0700
LIF,423465,MARRIED AT FIRST ST (LIF),25,TRUE,11,11,FALSE,17,2020-07-15,2020-10-29,FALSE,1,2026-08-11 19:24:32.944 -0700
LIF,423465,MARRIED AT FIRST ST (LIF),25,TRUE,10,10,FALSE,16,2020-01-01,2020-04-15,FALSE,1,2026-08-11 19:24:32.944 -0700
LIF,423465,MARRIED AT FIRST ST (LIF),25,TRUE,9,9,FALSE,14,2019-06-12,2019-09-11,FALSE,1,2026-08-11 19:24:32.944 -0700
LIF,423465,MARRIED AT FIRST ST (LIF),25,TRUE,8,8,FALSE,14,2019-01-01,2019-04-02,FALSE,1,2026-08-11 19:24:32.944 -0700
LIF,423465,MARRIED AT FIRST ST (LIF),25,TRUE,7,7,FALSE,15,2018-07-10,2018-10-16,FALSE,1,2026-08-11 19:24:32.944 -0700
LIF,423465,MARRIED AT FIRST ST (LIF),25,TRUE,6,6,FALSE,16,2018-01-02,2018-04-24,FALSE,1,2026-08-11 19:24:32.944 -0700
LIF,423465,MARRIED AT FIRST ST (LIF),25,TRUE,5,5,FALSE,16,2017-04-20,2017-07-27,FALSE,1,2026-08-11 19:24:32.944 -0700
LMN,383776,DIABOLICAL WOMEN,16,FALSE,1,1,FALSE,3,2015-03-18,2015-04-01,TRUE,1,2026-08-11 19:24:32.944 -0700
LMN,359223,BEYOND THE HEADLINES,20,FALSE,2016,2016,FALSE,1,2016-06-24,2016-06-24,TRUE,2,2026-08-11 19:24:32.944 -0700
AEN,1213514,EVICT MY KID,12,FALSE,2025,2025,FALSE,1,2025-07-08,2025-07-08,TRUE,1,2026-08-11 19:24:32.944 -0700
AEN,1208028,LIVE PD: K9 PATROL,18,FALSE,1,1,FALSE,6,2025-05-26,2025-06-09,TRUE,1,2026-08-11 19:24:32.944 -0700
LIF,346048,PICKER SISTERS,14,FALSE,1,1,FALSE,8,2011-08-02,2011-09-06,TRUE,1,2026-08-11 19:24:32.944 -0700
VICE,1228030,OUT OF BOUNDS,13,FALSE,1,1,FALSE,3,2025-12-16,2026-01-29,TRUE,1,2026-08-11 19:24:32.944 -0700
HIST,425006,PROJECT IMPOSSIBLE,18,FALSE,1,1,FALSE,10,2017-05-24,2018-09-19,TRUE,1,2026-08-11 19:24:32.944 -0700
HIST,1127503,TOYS THAT BUILT SPECIALS,24,FALSE,3,3,FALSE,4,2023-12-10,2023-12-17,TRUE,1,2026-08-11 19:24:32.944 -0700
HIST,1127503,TOYS THAT BUILT SPECIALS,24,FALSE,2,2,FALSE,2,2022-12-11,2022-12-11,FALSE,1,2026-08-11 19:24:32.944 -0700
VICE,429061,WHAT WOULD DIPLO DO,19,FALSE,1,1,FALSE,5,2017-08-03,2017-08-31,TRUE,1,2026-08-11 19:24:32.944 -0700
LIF,423466,MAFS SPECIAL (LIFE),19,FALSE,18,18,FALSE,8,2024-10-08,2025-03-25,TRUE,1,2026-08-11 19:24:32.944 -0700
LIF,423466,MAFS SPECIAL (LIFE),19,FALSE,17,17,FALSE,8,2023-10-04,2024-04-24,FALSE,1,2026-08-11 19:24:32.944 -0700
LIF,423466,MAFS SPECIAL (LIFE),19,FALSE,16,16,FALSE,8,2022-12-28,2023-07-12,FALSE,1,2026-08-11 19:24:32.944 -0700
LIF,423466,MAFS SPECIAL (LIFE),19,FALSE,15,15,FALSE,7,2022-06-22,2022-11-16,FALSE,1,2026-08-11 19:24:32.944 -0700
LIF,423466,MAFS SPECIAL (LIFE),19,FALSE,14,14,FALSE,7,2021-12-29,2022-06-15,FALSE,1,2026-08-11 19:24:32.944 -0700
LIF,423466,MAFS SPECIAL (LIFE),19,FALSE,13,13,FALSE,7,2021-07-07,2021-11-24,FALSE,1,2026-08-11 19:24:32.944 -0700
LIF,423466,MAFS SPECIAL (LIFE),19,FALSE,12,12,FALSE,7,2020-12-30,2021-06-23,FALSE,1,2026-08-11 19:24:32.944 -0700
LIF,423466,MAFS SPECIAL (LIFE),19,FALSE,11,11,FALSE,4,2020-07-08,2020-10-28,FALSE,1,2026-08-11 19:24:32.944 -0700
LIF,423466,MAFS SPECIAL (LIFE),19,FALSE,10,10,FALSE,4,2020-01-01,2020-05-13,FALSE,1,2026-08-11 19:24:32.944 -0700
LIF,423466,MAFS SPECIAL (LIFE),19,FALSE,9,9,FALSE,1,2019-06-12,2019-06-12,FALSE,1,2026-08-11 19:24:32.944 -0700
LIF,423466,MAFS SPECIAL (LIFE),19,FALSE,8,8,FALSE,2,2019-01-01,2019-06-05,FALSE,1,2026-08-11 19:24:32.944 -0700
LIF,423466,MAFS SPECIAL (LIFE),19,FALSE,7,7,FALSE,1,2018-07-10,2018-07-10,FALSE,1,2026-08-11 19:24:32.944 -0700
LIF,423466,MAFS SPECIAL (LIFE),19,FALSE,6,6,FALSE,2,2017-12-26,2018-01-02,FALSE,1,2026-08-11 19:24:32.944 -0700
LIF,423466,MAFS SPECIAL (LIFE),19,FALSE,5,5,FALSE,1,2017-04-20,2017-04-20,FALSE,1,2026-08-11 19:24:32.944 -0700
HIST,1058495,ADAM EATS THE 80S,17,FALSE,1,1,FALSE,10,2022-02-27,2022-04-24,TRUE,1,2026-08-11 19:24:32.944 -0700
VICE,1213214,SPORTS GONE WRONG,17,FALSE,1,1,FALSE,8,2025-06-18,2025-08-06,TRUE,1,2026-08-11 19:24:32.944 -0700
HIST,453894,JESUS: HIS LIFE,15,FALSE,1,1,FALSE,8,2019-03-25,2019-04-15,TRUE,1,2026-08-11 19:24:32.944 -0700
HIST,1093642,HARD TRUTHS CONSERVATION,24,FALSE,4,4,FALSE,6,2024-08-17,2024-09-21,TRUE,1,2026-08-11 19:24:32.944 -0700
HIST,1093642,HARD TRUTHS CONSERVATION,24,FALSE,3,3,FALSE,6,2024-02-17,2024-03-23,FALSE,1,2026-08-11 19:24:32.944 -0700
HIST,1093642,HARD TRUTHS CONSERVATION,24,FALSE,2,2,FALSE,6,2023-02-18,2023-03-25,FALSE,1,2026-08-11 19:24:32.944 -0700
HIST,1093642,HARD TRUTHS CONSERVATION,24,FALSE,1,1,FALSE,6,2022-08-20,2022-09-17,FALSE,1,2026-08-11 19:24:32.944 -0700
AEN,322381,MANHUNTERS,10,FALSE,3,3,FALSE,22,2011-03-17,2011-05-26,TRUE,1,2026-08-11 19:24:32.944 -0700
AEN,322381,MANHUNTERS,10,FALSE,2,2,FALSE,18,2010-01-14,2010-03-25,FALSE,1,2026-08-11 19:24:32.944 -0700
AEN,322381,MANHUNTERS,10,FALSE,1,1,FALSE,19,2008-12-09,2009-03-10,FALSE,1,2026-08-11 19:24:32.944 -0700
AEN,1001796,AMERICAS TOP DOG,16,FALSE,3,3,FALSE,8,2021-09-18,2021-09-25,TRUE,1,2026-08-11 19:24:32.944 -0700
AEN,1001796,AMERICAS TOP DOG,16,FALSE,2,2,FALSE,8,2021-06-29,2021-08-03,FALSE,1,2026-08-11 19:24:32.944 -0700
AEN,1001796,AMERICAS TOP DOG,16,FALSE,1,1,FALSE,11,2020-01-08,2020-03-18,FALSE,1,2026-08-11 19:24:32.944 -0700
LMN,380870,LIVING IN SECRET,16,FALSE,1,1,FALSE,4,2014-12-02,2014-12-23,TRUE,1,2026-08-11 19:24:32.944 -0700
AEN,375792,BIG SMO SNEAK PEEK,18,FALSE,1,1,FALSE,1,2014-06-04,2014-06-04,TRUE,1,2026-08-11 19:24:32.944 -0700
AEN,458013,60 DAYS IN: NARCOLAND,21,FALSE,1,1,FALSE,9,2019-07-30,2019-09-24,TRUE,1,2026-08-11 19:24:32.944 -0700
LIF,456128,MS. TS MUSIC FACTORY,20,FALSE,1,1,FALSE,2,2019-06-06,2019-06-13,TRUE,2,2026-08-11 19:24:32.944 -0700
LIF,437875,MAFS: JAMIE/DOUG PLUS ONE,25,TRUE,1,1,FALSE,6,2017-12-26,2018-01-09,TRUE,1,2026-08-11 19:24:32.944 -0700
HIST,445895,MASTER & APP SPECIALS,21,FALSE,1,1,FALSE,1,2018-07-03,2018-07-03,TRUE,1,2026-08-11 19:24:32.944 -0700
LIF,403272,UNREAL: FAITH DIARIES,21,FALSE,1,1,FALSE,5,2016-04-13,2016-04-21,TRUE,1,2026-08-11 19:24:32.944 -0700
AEN,1127837,CHRISTMAS WARS,14,FALSE,2,2,FALSE,4,2023-12-19,2023-12-19,TRUE,1,2026-08-11 19:24:32.944 -0700
AEN,1127837,CHRISTMAS WARS,14,FALSE,1,1,FALSE,2,2022-12-13,2022-12-20,FALSE,1,2026-08-11 19:24:32.944 -0700
LIF,417927,THN: FAMILY EDITION,19,FALSE,1,1,FALSE,5,2016-12-29,2017-02-03,TRUE,1,2026-08-11 19:24:32.944 -0700
LIF,374745,RELATIVE INSANITY,17,FALSE,1,1,FALSE,2,2014-04-25,2014-05-02,TRUE,1,2026-08-11 19:24:32.944 -0700
FYI,1201473,"CHEFS GARDEN, THE",17,FALSE,2,2,FALSE,10,2026-05-25,2026-06-22,TRUE,1,2026-08-11 19:24:32.944 -0700
FYI,1201473,"CHEFS GARDEN, THE",17,FALSE,1,1,FALSE,10,2025-01-27,2025-02-24,FALSE,1,2026-08-11 19:24:32.944 -0700
LMN,457986,MS. TS MUSIC FACTORY,20,FALSE,1,1,FALSE,6,2019-07-29,2019-07-29,TRUE,2,2026-08-11 19:24:32.944 -0700
AEN,1173474,48 HOURS TO BUY,15,FALSE,2B,2,TRUE,5,2025-07-12,2025-08-09,TRUE,1,2026-08-11 19:24:32.944 -0700
AEN,1173474,48 HOURS TO BUY,15,FALSE,2,2,FALSE,5,2025-03-01,2025-03-29,FALSE,1,2026-08-11 19:24:32.944 -0700
AEN,1173474,48 HOURS TO BUY,15,FALSE,1,1,FALSE,10,2024-03-30,2024-06-08,FALSE,1,2026-08-11 19:24:32.944 -0700
LIF,329052,SHERRI,6,FALSE,1,1,FALSE,13,2009-10-05,2009-12-01,TRUE,1,2026-08-11 19:24:32.944 -0700
LMN,380240,FOOTSTEPS IN THE SNOW,21,FALSE,1,1,FALSE,1,2014-11-12,2014-11-12,TRUE,1,2026-08-11 19:24:32.944 -0700
LMN,404190,DARKSIDE MIAMI,14,FALSE,1,1,FALSE,1,2016-05-04,2016-05-04,TRUE,1,2026-08-11 19:24:32.944 -0700
AEN,454799,LIVE RESCUE,11,FALSE,3,3,FALSE,29,2020-08-21,2021-01-15,TRUE,1,2026-08-11 19:24:32.944 -0700
AEN,454799,LIVE RESCUE,11,FALSE,2,2,FALSE,22,2019-09-23,2020-03-09,FALSE,1,2026-08-11 19:24:32.944 -0700
AEN,454799,LIVE RESCUE,11,FALSE,1,1,FALSE,16,2019-04-22,2019-08-19,FALSE,1,2026-08-11 19:24:32.944 -0700
FYI,1168494,COUNTRY HOUSE HUNTERS CAN,25,TRUE,1,1,FALSE,20,2024-02-05,2024-06-04,TRUE,1,2026-08-11 19:24:32.944 -0700
HIST,1123039,MM: ULTIMATE MARKSMAN,21,FALSE,1B,1,TRUE,4,2023-09-02,2023-09-09,TRUE,1,2026-08-11 19:24:32.944 -0700
HIST,1123039,MM: ULTIMATE MARKSMAN,21,FALSE,1,1,FALSE,4,2022-11-03,2022-12-01,FALSE,1,2026-08-11 19:24:32.944 -0700
HIST,356125,PICKED OFF,10,FALSE,1,1,FALSE,6,2012-07-11,2012-08-15,TRUE,1,2026-08-11 19:24:32.944 -0700
VICE,1055836,SMALL TOWN SECRETS,18,FALSE,1,1,FALSE,3,2022-01-11,2022-01-13,TRUE,1,2026-08-11 19:24:32.944 -0700
LIF,394868,PROJECT RUNWAY JUNIOR,21,FALSE,2,2,FALSE,10,2016-12-22,2017-02-23,TRUE,1,2026-08-11 19:24:32.944 -0700
LIF,394868,PROJECT RUNWAY JUNIOR,21,FALSE,1,1,FALSE,10,2015-11-12,2016-02-04,FALSE,1,2026-08-11 19:24:32.944 -0700
LIF,1179763,LIFE & MURDER--NICOLE B.S,25,TRUE,1,1,FALSE,4,2024-06-01,2024-06-02,TRUE,1,2026-08-11 19:24:32.944 -0700
AEN,1211827,SECRETS OF BUNNY RANCH,22,FALSE,1,1,FALSE,6,2025-06-12,2025-06-26,TRUE,1,2026-08-11 19:24:32.944 -0700
LIF,202315,SUNDAY MOVIE III,16,FALSE,2014,2014,FALSE,1,2014-12-07,2014-12-07,TRUE,1,2026-08-11 19:24:32.944 -0700
LIF,202315,SUNDAY MOVIE III,16,FALSE,2013,2013,FALSE,1,2013-01-06,2013-01-06,FALSE,1,2026-08-11 19:24:32.944 -0700
LIF,202315,SUNDAY MOVIE III,16,FALSE,2012,2012,FALSE,4,2012-11-04,2012-12-02,FALSE,1,2026-08-11 19:24:32.944 -0700
LIF,202315,SUNDAY MOVIE III,16,FALSE,2011,2011,FALSE,1,2011-10-09,2011-10-09,FALSE,1,2026-08-11 19:24:32.944 -0700
LIF,202315,SUNDAY MOVIE III,16,FALSE,2010,2010,FALSE,2,2010-12-12,2010-12-26,FALSE,1,2026-08-11 19:24:32.944 -0700
LIF,202315,SUNDAY MOVIE III,16,FALSE,2009,2009,FALSE,1,2009-05-31,2009-05-31,FALSE,1,2026-08-11 19:24:32.944 -0700
LIF,202315,SUNDAY MOVIE III,16,FALSE,2007,2007,FALSE,1,2007-10-14,2007-10-14,FALSE,1,2026-08-11 19:24:32.944 -0700
AEN,339558,"PEACEMAKER, THE",15,FALSE,1,1,FALSE,5,2010-12-16,2010-12-30,TRUE,1,2026-08-11 19:24:32.944 -0700
HIST,1206491,SECRETS DECLASSIFIED,20,FALSE,2,2,FALSE,17,2026-03-17,2026-07-30,TRUE,1,2026-08-11 19:24:32.944 -0700
HIST,1206491,SECRETS DECLASSIFIED,20,FALSE,1,1,FALSE,10,2025-04-04,2025-06-06,FALSE,1,2026-08-11 19:24:32.944 -0700
AEN,415406,"KILLING SEASON, THE",19,FALSE,1,1,FALSE,8,2016-11-12,2016-12-03,TRUE,1,2026-08-11 19:24:32.944 -0700
LMN,403268,24 TO LIFE,10,FALSE,2,2,FALSE,2,2019-09-23,2019-09-23,TRUE,2,2026-08-11 19:24:32.944 -0700
LMN,403268,24 TO LIFE,10,FALSE,1B,1,TRUE,3,2017-02-15,2017-03-01,FALSE,2,2026-08-11 19:24:32.944 -0700
LMN,403268,24 TO LIFE,10,FALSE,1,1,FALSE,4,2016-04-12,2016-04-19,FALSE,2,2026-08-11 19:24:32.944 -0700
AEN,440989,JONESTOWN: THE WOMEN,20,FALSE,2018,2018,FALSE,1,2018-02-26,2018-02-26,TRUE,1,2026-08-11 19:24:32.944 -0700
LIF,411310,PROJECT RUNWAY FL,17,FALSE,16,16,FALSE,10,2017-08-23,2017-11-02,TRUE,1,2026-08-11 19:24:32.944 -0700
LIF,435793,LITTLE WOMEN ATL SPECIAL,24,FALSE,6,6,FALSE,1,2021-01-22,2021-01-22,TRUE,1,2026-08-11 19:24:32.944 -0700
LIF,435793,LITTLE WOMEN ATL SPECIAL,24,FALSE,3,3,FALSE,1,2017-11-22,2017-11-22,FALSE,1,2026-08-11 19:24:32.944 -0700
HIST,448108,"UNEXPLAINED, THE",16,FALSE,1,1,FALSE,6,2018-09-14,2018-09-21,TRUE,1,2026-08-11 19:24:32.944 -0700
AEN,349029,LADY HOGGERS,12,FALSE,1,1,FALSE,8,2011-11-16,2011-12-14,TRUE,1,2026-08-11 19:24:32.944 -0700
AEN,393168,MY HAUNTED HOUSE,16,FALSE,3,3,FALSE,4,2015-10-09,2015-10-23,TRUE,2,2026-08-11 19:24:32.944 -0700
HIST,1052427,TOYS THAT BUILT AMERICA,23,FALSE,3,3,FALSE,8,2023-10-15,2023-12-10,TRUE,1,2026-08-11 19:24:32.944 -0700
HIST,1052427,TOYS THAT BUILT AMERICA,23,FALSE,2,2,FALSE,8,2022-10-23,2022-12-11,FALSE,1,2026-08-11 19:24:32.944 -0700
HIST,1052427,TOYS THAT BUILT AMERICA,23,FALSE,1,1,FALSE,4,2021-11-28,2021-12-19,FALSE,1,2026-08-11 19:24:32.944 -0700
LIF,343949,VANISHED,8,FALSE,1,1,FALSE,10,2011-05-09,2011-07-25,TRUE,1,2026-08-11 19:24:32.944 -0700
VICE,420677,NEEDLES & PINS,14,FALSE,1,1,FALSE,6,2017-02-21,2017-03-21,TRUE,1,2026-08-11 19:24:32.944 -0700
HIST,1123869,SECRET RESTORATION,18,FALSE,1,1,FALSE,10,2022-11-09,2023-01-11,TRUE,1,2026-08-11 19:24:32.944 -0700
HIST,383192,GANGLAND UNDERCOVER,19,FALSE,2,2,FALSE,8,2017-03-02,2017-05-20,TRUE,1,2026-08-11 19:24:32.944 -0700
HIST,383192,GANGLAND UNDERCOVER,19,FALSE,1,1,FALSE,6,2015-02-24,2015-03-31,FALSE,1,2026-08-11 19:24:32.944 -0700
AEN,355236,BARTER KINGS,12,FALSE,3,3,FALSE,8,2013-08-06,2013-10-01,TRUE,1,2026-08-11 19:24:32.944 -0700
AEN,355236,BARTER KINGS,12,FALSE,2,2,FALSE,6,2013-01-09,2013-02-13,FALSE,1,2026-08-11 19:24:32.944 -0700
AEN,355236,BARTER KINGS,12,FALSE,1,1,FALSE,14,2012-06-12,2012-08-01,FALSE,1,2026-08-11 19:24:32.944 -0700
LMN,395949,AMERICAN MURDER,15,FALSE,1,1,FALSE,1,2015-12-06,2015-12-06,TRUE,1,2026-08-11 19:24:32.944 -0700
AEN,332531,BILLY THE EXTERMINATOR,22,FALSE,1,1,FALSE,12,2017-04-05,2017-06-06,TRUE,1,2026-08-11 19:24:32.944 -0700
AEN,332531,BILLY THE EXTERMINATOR,22,FALSE,6,6,FALSE,16,2012-10-06,2012-12-22,FALSE,1,2026-08-11 19:24:32.944 -0700
AEN,332531,BILLY THE EXTERMINATOR,22,FALSE,5,5,FALSE,11,2012-02-11,2012-03-10,FALSE,1,2026-08-11 19:24:32.944 -0700
AEN,332531,BILLY THE EXTERMINATOR,22,FALSE,4,4,FALSE,12,2011-08-02,2011-09-13,FALSE,1,2026-08-11 19:24:32.944 -0700
AEN,332531,BILLY THE EXTERMINATOR,22,FALSE,3,3,FALSE,17,2010-09-28,2010-12-21,FALSE,1,2026-08-11 19:24:32.944 -0700
AEN,332531,BILLY THE EXTERMINATOR,22,FALSE,2,2,FALSE,21,2010-03-10,2010-07-28,FALSE,1,2026-08-11 19:24:32.944 -0700
VICE,415105,PAYDAY,6,FALSE,1,1,FALSE,8,2016-11-11,2016-12-30,TRUE,1,2026-08-11 19:24:32.944 -0700
LIF,428857,"MIDSUMMERS NIGHTMARE, A",23,FALSE,1,1,FALSE,1,2017-07-31,2017-07-31,TRUE,1,2026-08-11 19:24:32.944 -0700
AEN,316988,A&E SPECIAL PRESENTATION,24,FALSE,2010,2010,FALSE,2,2010-03-29,2010-08-21,TRUE,1,2026-08-11 19:24:32.944 -0700
AEN,329328,EXTREME PARANORMAL,18,FALSE,1,1,FALSE,2,2009-10-19,2009-10-26,TRUE,1,2026-08-11 19:24:32.944 -0700
AEN,443383,VERY SUPERSTITIOUS,18,FALSE,1,1,FALSE,9,2018-04-30,2018-04-30,TRUE,1,2026-08-11 19:24:32.944 -0700
VICE,1093230,STAIRWAY TO MILLIONS,20,FALSE,1,1,FALSE,8,2022-08-13,2022-09-03,TRUE,1,2026-08-11 19:24:32.944 -0700
AEN,1208030,LIVE PD: FLORIDA HEAT,21,FALSE,1,1,FALSE,7,2025-04-28,2025-05-19,TRUE,1,2026-08-11 19:24:32.944 -0700
FYI,455336,WORKING THE ROOM,16,FALSE,1,1,FALSE,3,2019-05-09,2019-05-23,TRUE,1,2026-08-11 19:24:32.944 -0700
FYI,413410,DOWNTOWN SHABBY,15,FALSE,1,1,FALSE,8,2016-10-15,2016-12-03,TRUE,1,2026-08-11 19:24:32.944 -0700
HIST,343820,HOW THE STATES GOT SHAPES,25,TRUE,1,1,FALSE,10,2011-05-03,2011-07-12,TRUE,1,2026-08-11 19:24:32.944 -0700
LIF,1165777,PRISON CONFESSIONS GYPSY,24,FALSE,1,1,FALSE,6,2024-01-05,2024-01-07,TRUE,1,2026-08-11 19:24:32.944 -0700
VICE,1166380,NINE LIVES OF,13,FALSE,1,1,FALSE,10,2024-01-10,2024-03-13,TRUE,1,2026-08-11 19:24:32.944 -0700
HIST,1038018,SNACK SIZED,11,FALSE,3,3,FALSE,5,2021-12-12,2021-12-26,TRUE,1,2026-08-11 19:24:32.944 -0700
HIST,1038018,SNACK SIZED,11,FALSE,2,2,FALSE,4,2021-08-22,2021-08-29,FALSE,1,2026-08-11 19:24:32.944 -0700
HIST,1038018,SNACK SIZED,11,FALSE,1,1,FALSE,14,2021-04-18,2021-06-27,FALSE,1,2026-08-11 19:24:32.944 -0700
HIST,321814,LOCK N LOAD,11,FALSE,1,1,FALSE,12,2009-07-31,2009-11-13,TRUE,1,2026-08-11 19:24:32.944 -0700
HIST,1210415,SITTING BULL,12,FALSE,1,1,FALSE,2,2025-05-27,2025-05-28,TRUE,1,2026-08-11 19:24:32.944 -0700
VICE,1024989,FRINGE NATION,13,FALSE,1,1,FALSE,4,2020-10-05,2020-10-26,TRUE,1,2026-08-11 19:24:32.944 -0700
FYI,366733,SELL THIS HOUSE,15,FALSE,2021,2021,FALSE,22,2021-03-29,2021-08-09,TRUE,1,2026-08-11 19:24:32.944 -0700
FYI,366733,SELL THIS HOUSE,15,FALSE,2020,2020,FALSE,12,2020-05-18,2020-10-12,FALSE,1,2026-08-11 19:24:32.944 -0700
LIF,1165981,PRISON BRIDES,13,FALSE,1,1,FALSE,10,2024-01-10,2024-03-13,TRUE,1,2026-08-11 19:24:32.944 -0700
VICE,1034013,BLM: A GLOBAL RECKONING,23,FALSE,1,1,FALSE,4,2021-02-07,2021-02-28,TRUE,1,2026-08-11 19:24:32.944 -0700
HIST,450054,BROTHERS IN ARMS,16,FALSE,1,1,FALSE,5,2018-11-20,2018-12-18,TRUE,1,2026-08-11 19:24:32.944 -0700
LIF,373525,CELEBRITY HOME RAIDERS,22,FALSE,1,1,FALSE,8,2014-03-06,2014-04-03,TRUE,1,2026-08-11 19:24:32.944 -0700
AEN,376147,CAMPUS KILLER,13,FALSE,2014,2014,FALSE,1,2014-06-19,2014-06-19,TRUE,1,2026-08-11 19:24:32.944 -0700
VICE,457280,HELLS ANGELS: RIDE OR DIE,25,TRUE,1,1,FALSE,6,2019-07-08,2019-07-22,TRUE,1,2026-08-11 19:24:32.944 -0700
VICE,446088,HOLLYWOOD LOVE STORY,20,FALSE,1,1,FALSE,8,2018-07-11,2018-08-29,TRUE,1,2026-08-11 19:24:32.944 -0700
LIF,327051,DROP DEAD DIVA,14,FALSE,6,6,FALSE,13,2014-03-23,2014-06-22,TRUE,1,2026-08-11 19:24:32.944 -0700
LIF,327051,DROP DEAD DIVA,14,FALSE,5B,5,TRUE,5,2013-10-06,2013-11-03,FALSE,1,2026-08-11 19:24:32.944 -0700
LIF,327051,DROP DEAD DIVA,14,FALSE,5,5,FALSE,8,2013-06-23,2013-08-11,FALSE,1,2026-08-11 19:24:32.944 -0700
LIF,327051,DROP DEAD DIVA,14,FALSE,4,4,FALSE,13,2012-06-03,2012-09-09,FALSE,1,2026-08-11 19:24:32.944 -0700
LIF,327051,DROP DEAD DIVA,14,FALSE,3,3,FALSE,13,2011-06-19,2011-09-25,FALSE,1,2026-08-11 19:24:32.944 -0700
LIF,327051,DROP DEAD DIVA,14,FALSE,2,2,FALSE,13,2010-06-06,2010-08-29,FALSE,1,2026-08-11 19:24:32.944 -0700
LIF,327051,DROP DEAD DIVA,14,FALSE,1,1,FALSE,13,2009-07-12,2009-10-11,FALSE,1,2026-08-11 19:24:32.944 -0700
FYI,1036315,"SEARCH FOR LITTLE RED, TH",25,TRUE,2021,2021,FALSE,1,2021-03-18,2021-03-18,TRUE,1,2026-08-11 19:24:32.944 -0700
AEN,408546,60 DAYS IN SPECIALS,19,FALSE,9,9,FALSE,2,2024-08-22,2024-08-29,TRUE,1,2026-08-11 19:24:32.944 -0700
AEN,408546,60 DAYS IN SPECIALS,19,FALSE,8,8,FALSE,3,2023-06-08,2023-08-31,FALSE,1,2026-08-11 19:24:32.944 -0700
AEN,408546,60 DAYS IN SPECIALS,19,FALSE,7,7,FALSE,1,2022-08-11,2022-08-11,FALSE,1,2026-08-11 19:24:32.944 -0700
AEN,408546,60 DAYS IN SPECIALS,19,FALSE,4,4,FALSE,2,2018-03-26,2018-03-26,FALSE,1,2026-08-11 19:24:32.944 -0700
AEN,408546,60 DAYS IN SPECIALS,19,FALSE,3,3,FALSE,1,2017-02-23,2017-02-23,FALSE,1,2026-08-11 19:24:32.944 -0700
AEN,408546,60 DAYS IN SPECIALS,19,FALSE,2,2,FALSE,3,2016-07-28,2016-08-11,FALSE,1,2026-08-11 19:24:32.944 -0700
FYI,439481,VACATION RENTAL POTENTIAL,25,TRUE,2,2,FALSE,10,2019-01-31,2019-04-04,TRUE,2,2026-08-11 19:24:32.944 -0700
AEN,460926,"TOUCH OF SUGAR, A",17,FALSE,2019,2019,FALSE,1,2019-11-17,2019-11-17,TRUE,1,2026-08-11 19:24:32.944 -0700
VICE,422232,TWIZ & TUCK,11,FALSE,1,1,FALSE,4,2017-03-27,2017-04-17,TRUE,1,2026-08-11 19:24:32.944 -0700
LIF,377062,UNDONE,6,FALSE,1,1,FALSE,4,2014-07-24,2014-08-14,TRUE,1,2026-08-11 19:24:32.944 -0700
AEN,403281,FIRST 48 FL,11,FALSE,23,23,FALSE,1,2019-12-30,2019-12-30,TRUE,1,2026-08-11 19:24:32.944 -0700
AEN,403281,FIRST 48 FL,11,FALSE,17,17,FALSE,1,2016-04-20,2016-04-20,FALSE,1,2026-08-11 19:24:32.944 -0700
LIF,202314,SUNDAY MOVIE II,15,FALSE,2014,2014,FALSE,1,2014-07-20,2014-07-20,TRUE,1,2026-08-11 19:24:32.944 -0700
LIF,202314,SUNDAY MOVIE II,15,FALSE,2012,2012,FALSE,2,2012-03-11,2012-10-07,FALSE,1,2026-08-11 19:24:32.944 -0700
LIF,202314,SUNDAY MOVIE II,15,FALSE,2011,2011,FALSE,3,2011-02-13,2011-10-02,FALSE,1,2026-08-11 19:24:32.944 -0700
FYI,1187450,PARENTS GONE WILD,17,FALSE,1,1,FALSE,6,2024-08-15,2024-08-29,TRUE,2,2026-08-11 19:24:32.944 -0700
HIST,343349,INSPECTOR AMERICA,17,FALSE,1,1,FALSE,6,2011-04-17,2011-05-22,TRUE,1,2026-08-11 19:24:32.944 -0700
FYI,418833,MONTECITO: DANCE WIVES,22,FALSE,1,1,FALSE,1,2017-01-11,2017-01-11,TRUE,1,2026-08-11 19:24:32.944 -0700
HIST,339229,BRAD MELTZERS DECODED,21,FALSE,2,2,FALSE,13,2011-10-05,2012-01-20,TRUE,1,2026-08-11 19:24:32.944 -0700
HIST,339229,BRAD MELTZERS DECODED,21,FALSE,1,1,FALSE,10,2010-12-02,2011-02-03,FALSE,1,2026-08-11 19:24:32.944 -0700
AEN,1147816,BEST IN CHOW,12,FALSE,1,1,FALSE,21,2023-07-08,2023-09-30,TRUE,1,2026-08-11 19:24:32.944 -0700
LMN,401107,PAROLE BOARD:VICTIM SPEAK,25,TRUE,1,1,FALSE,1,2016-03-22,2016-03-22,TRUE,1,2026-08-11 19:24:32.944 -0700
HIST,384922,MONUMENT GUYS,13,FALSE,1,1,FALSE,2,2015-05-06,2015-05-13,TRUE,1,2026-08-11 19:24:32.944 -0700
LMN,417849,MY CRAZY SEX,12,FALSE,2,2,FALSE,5,2017-09-12,2017-09-14,TRUE,1,2026-08-11 19:24:32.944 -0700
LMN,417849,MY CRAZY SEX,12,FALSE,1,1,FALSE,6,2016-12-28,2017-02-08,FALSE,1,2026-08-11 19:24:32.944 -0700
AEN,389185,BEHIND BARS: ROOKIE YEAR,24,FALSE,2,2,FALSE,12,2016-08-25,2016-11-10,TRUE,1,2026-08-11 19:24:32.944 -0700
AEN,389185,BEHIND BARS: ROOKIE YEAR,24,FALSE,1,1,FALSE,8,2015-08-06,2015-09-24,FALSE,1,2026-08-11 19:24:32.944 -0700
FYI,389476,STYLE UNZIPPED,14,FALSE,1,1,FALSE,9,2015-08-10,2015-10-12,TRUE,1,2026-08-11 19:24:32.944 -0700
FYI,456294,CAR ISSUES,10,FALSE,1,1,FALSE,12,2019-06-08,2019-07-13,TRUE,1,2026-08-11 19:24:32.944 -0700
LIF,1043999,MAFS: COUPLES CAM: FL,21,FALSE,3,3,FALSE,1,2021-07-21,2021-07-21,TRUE,1,2026-08-11 19:24:32.944 -0700
VICE,407521,BLACK MARKET,12,FALSE,2,2,FALSE,6,2022-01-10,2022-02-14,TRUE,1,2026-08-11 19:24:32.944 -0700
LIF,385424,SMILE,5,FALSE,1,1,FALSE,6,2015-05-28,2015-06-26,TRUE,1,2026-08-11 19:24:32.944 -0700
HIST,406148,GREAT MINDS,11,FALSE,1,1,FALSE,5,2016-06-10,2016-07-15,TRUE,1,2026-08-11 19:24:32.944 -0700
LIF,353325,DANCE MOMS MIAMI,16,FALSE,1,1,FALSE,8,2012-04-03,2012-05-29,TRUE,1,2026-08-11 19:24:32.944 -0700
AEN,1240242,SWAMP PATROL,12,FALSE,1,1,FALSE,16,2026-06-17,2026-08-05,TRUE,1,2026-08-11 19:24:32.944 -0700
AEN,373290,BATES MOTEL AFTER HOURS,23,FALSE,2,2,FALSE,2,2014-03-03,2014-05-05,TRUE,1,2026-08-11 19:24:32.944 -0700
LIF,413473,PROJ RUN: FASHION STARTUP,25,TRUE,1,1,FALSE,8,2016-10-20,2016-12-15,TRUE,1,2026-08-11 19:24:32.944 -0700
VICE,1187786,ICONS UNEARTHED: H POTTER,25,TRUE,1,1,FALSE,6,2024-08-21,2024-09-25,TRUE,1,2026-08-11 19:24:32.944 -0700
HIST,1058244,ABRAHAM LINCOLN,15,FALSE,1,1,FALSE,3,2022-02-20,2022-02-22,TRUE,1,2026-08-11 19:24:32.944 -0700
HIST,420528,SWAMP PEOPLE SPECIALS,21,FALSE,10,10,FALSE,2,2019-05-16,2019-05-23,TRUE,1,2026-08-11 19:24:32.944 -0700
HIST,420528,SWAMP PEOPLE SPECIALS,21,FALSE,9,9,FALSE,1,2018-02-01,2018-02-01,FALSE,1,2026-08-11 19:24:32.944 -0700
HIST,420528,SWAMP PEOPLE SPECIALS,21,FALSE,8,8,FALSE,3,2017-02-16,2017-05-18,FALSE,1,2026-08-11 19:24:32.944 -0700
AEN,1046043,NEIGHBORHOOD WARS,17,FALSE,9,9,FALSE,20,2026-05-12,2026-07-14,TRUE,1,2026-08-11 19:24:32.944 -0700
AEN,1046043,NEIGHBORHOOD WARS,17,FALSE,8,8,FALSE,17,2025-05-06,2025-07-08,FALSE,1,2026-08-11 19:24:32.944 -0700
AEN,1046043,NEIGHBORHOOD WARS,17,FALSE,7,7,FALSE,11,2025-02-04,2025-03-25,FALSE,1,2026-08-11 19:24:32.944 -0700
AEN,1046043,NEIGHBORHOOD WARS,17,FALSE,6B,6,TRUE,14,2024-07-09,2024-08-20,FALSE,1,2026-08-11 19:24:32.944 -0700
AEN,1046043,NEIGHBORHOOD WARS,17,FALSE,6,6,FALSE,22,2024-04-09,2024-06-25,FALSE,1,2026-08-11 19:24:32.944 -0700
AEN,1046043,NEIGHBORHOOD WARS,17,FALSE,5,5,FALSE,10,2023-11-07,2023-12-05,FALSE,1,2026-08-11 19:24:32.944 -0700
AEN,1046043,NEIGHBORHOOD WARS,17,FALSE,4,4,FALSE,15,2023-04-11,2023-05-30,FALSE,1,2026-08-11 19:24:32.944 -0700
AEN,1046043,NEIGHBORHOOD WARS,17,FALSE,3,3,FALSE,16,2022-11-15,2023-01-17,FALSE,1,2026-08-11 19:24:32.944 -0700
AEN,1046043,NEIGHBORHOOD WARS,17,FALSE,2B,2,TRUE,5,2022-07-06,2022-08-03,FALSE,1,2026-08-11 19:24:32.944 -0700
AEN,1046043,NEIGHBORHOOD WARS,17,FALSE,2,2,FALSE,12,2022-03-02,2022-04-13,FALSE,1,2026-08-11 19:24:32.944 -0700
AEN,1046043,NEIGHBORHOOD WARS,17,FALSE,1,1,FALSE,12,2021-08-25,2021-09-29,FALSE,1,2026-08-11 19:24:32.944 -0700
LIF,341785,BTH: AMANDA KNOX STORY,22,FALSE,2011,2011,FALSE,1,2011-02-21,2011-02-21,TRUE,1,2026-08-11 19:24:32.944 -0700
AEN,372272,DONT TRUST ANDREW MAYNE,23,FALSE,1B,1,TRUE,1,2014-03-01,2014-03-01,TRUE,1,2026-08-11 19:24:32.944 -0700
AEN,372272,DONT TRUST ANDREW MAYNE,23,FALSE,1,1,FALSE,12,2014-01-13,2014-02-17,FALSE,1,2026-08-11 19:24:32.944 -0700
LMN,392428,SECRET TAPES OF OJ CASE,23,FALSE,1,1,FALSE,1,2015-09-30,2015-09-30,TRUE,1,2026-08-11 19:24:32.944 -0700
VICE,1209791,UNITED FIGHT LEAGUE,19,FALSE,2025,2025,FALSE,1,2025-05-09,2025-05-09,TRUE,1,2026-08-11 19:24:32.944 -0700
AEN,316301,STAGE THIS HOUSE,16,FALSE,2008,2008,FALSE,1,2008-03-29,2008-03-29,TRUE,1,2026-08-11 19:24:32.944 -0700
AEN,401333,60 DAYS IN FL,13,FALSE,6,6,FALSE,1,2019-12-30,2019-12-30,TRUE,1,2026-08-11 19:24:32.944 -0700
AEN,401333,60 DAYS IN FL,13,FALSE,4,4,FALSE,7,2018-01-01,2018-02-08,FALSE,1,2026-08-11 19:24:32.944 -0700
AEN,401333,60 DAYS IN FL,13,FALSE,3,3,FALSE,1,2017-02-24,2017-02-24,FALSE,1,2026-08-11 19:24:32.944 -0700
AEN,401333,60 DAYS IN FL,13,FALSE,2,2,FALSE,12,2016-08-15,2016-11-01,FALSE,1,2026-08-11 19:24:32.944 -0700
AEN,401333,60 DAYS IN FL,13,FALSE,1,1,FALSE,7,2016-03-22,2016-05-16,FALSE,1,2026-08-11 19:24:32.944 -0700
AEN,377712,DUCK COMMANDER,14,FALSE,1,1,FALSE,9,2014-08-20,2014-10-15,TRUE,1,2026-08-11 19:24:32.944 -0700
AEN,349583,LONG ISLAND SERIAL KILLER,25,TRUE,2011,2011,FALSE,1,2011-12-05,2011-12-05,TRUE,1,2026-08-11 19:24:32.944 -0700
HIST,328008,MARKED,6,FALSE,1,1,FALSE,4,2009-08-27,2009-09-24,TRUE,1,2026-08-11 19:24:32.944 -0700
AEN,1177788,MURDER AT THE MOTEL,19,FALSE,2,2,FALSE,4,2025-10-31,2025-11-21,TRUE,1,2026-08-11 19:24:32.944 -0700
AEN,1177788,MURDER AT THE MOTEL,19,FALSE,1,1,FALSE,8,2024-05-15,2024-07-03,FALSE,1,2026-08-11 19:24:32.944 -0700
HIST,1002985,EATING HISTORY,14,FALSE,1,1,FALSE,10,2020-03-25,2020-05-06,TRUE,1,2026-08-11 19:24:32.944 -0700
VICE,413522,HAMILTONS PHARMACOPEIA,22,FALSE,3,3,FALSE,6,2021-01-04,2021-02-08,TRUE,1,2026-08-11 19:24:32.944 -0700
VICE,413522,HAMILTONS PHARMACOPEIA,22,FALSE,2,2,FALSE,8,2017-11-28,2018-01-16,FALSE,1,2026-08-11 19:24:32.944 -0700
VICE,413522,HAMILTONS PHARMACOPEIA,22,FALSE,1,1,FALSE,6,2016-10-26,2016-12-07,FALSE,1,2026-08-11 19:24:32.944 -0700
FYI,1160736,HERO DOG AWARDS SPECIAL,23,FALSE,2023,2023,FALSE,1,2023-11-23,2023-11-23,TRUE,1,2026-08-11 19:24:32.944 -0700
FYI,385828,HOME FACTORY,12,FALSE,1,1,FALSE,14,2015-06-06,2015-08-03,TRUE,1,2026-08-11 19:24:32.944 -0700
AEN,1019225,WHATS IT WORTH,14,FALSE,1,1,FALSE,10,2020-08-04,2020-09-01,TRUE,1,2026-08-11 19:24:32.944 -0700
HIST,1123867,PAWN STARS DO AMERICA,21,FALSE,2,2,FALSE,15,2023-10-25,2024-05-15,TRUE,1,2026-08-11 19:24:32.944 -0700
HIST,1123867,PAWN STARS DO AMERICA,21,FALSE,1,1,FALSE,8,2022-11-09,2022-12-28,FALSE,1,2026-08-11 19:24:32.944 -0700
LMN,384256,I LOVE YOU... BUT I LIED,24,FALSE,4,4,FALSE,3,2018-06-11,2018-09-09,TRUE,2,2026-08-11 19:24:32.944 -0700
LMN,384256,I LOVE YOU... BUT I LIED,24,FALSE,2,2,FALSE,11,2015-12-30,2016-04-13,FALSE,2,2026-08-11 19:24:32.944 -0700
LMN,384256,I LOVE YOU... BUT I LIED,24,FALSE,1,1,FALSE,6,2015-04-08,2015-05-13,FALSE,2,2026-08-11 19:24:32.944 -0700
HIST,343784,SOLD!,5,FALSE,1,1,FALSE,7,2011-05-02,2012-04-25,TRUE,1,2026-08-11 19:24:32.944 -0700
HIST,415386,"WARFIGHTERS, THE",16,FALSE,3,3,FALSE,4,2017-11-11,2017-11-11,TRUE,1,2026-08-11 19:24:32.944 -0700
HIST,415386,"WARFIGHTERS, THE",16,FALSE,2,2,FALSE,4,2016-11-11,2016-11-11,FALSE,1,2026-08-11 19:24:32.944 -0700
LIF,355421,BRISTOL PALIN LIFES TRIPP,25,TRUE,1,1,FALSE,13,2012-06-19,2012-07-31,TRUE,1,2026-08-11 19:24:32.944 -0700
FYI,404613,ARRANGED LIFE,13,FALSE,1,1,FALSE,12,2016-05-10,2016-07-19,TRUE,1,2026-08-11 19:24:32.944 -0700
VICE,423816,BEERLAND,8,FALSE,3,3,FALSE,6,2018-05-22,2018-06-26,TRUE,1,2026-08-11 19:24:32.944 -0700
VICE,423816,BEERLAND,8,FALSE,2,2,FALSE,5,2017-12-07,2018-01-04,FALSE,1,2026-08-11 19:24:32.944 -0700
VICE,423816,BEERLAND,8,FALSE,1,1,FALSE,6,2017-04-27,2017-06-01,FALSE,1,2026-08-11 19:24:32.944 -0700
LIF,1042926,LOOK-A-LIKE LOVE,16,FALSE,2021,2021,FALSE,1,2021-07-07,2021-07-07,TRUE,1,2026-08-11 19:24:32.944 -0700
HIST,350583,CAJUN PAWN STARS,16,FALSE,2,2,FALSE,44,2012-06-04,2013-01-10,TRUE,1,2026-08-11 19:24:32.944 -0700
HIST,350583,CAJUN PAWN STARS,16,FALSE,1,1,FALSE,8,2012-01-08,2012-02-06,FALSE,1,2026-08-11 19:24:32.944 -0700
VICE,1035863,DARK SIDE OF THE RING CON,25,TRUE,1,1,FALSE,9,2021-03-09,2021-09-09,TRUE,1,2026-08-11 19:24:32.944 -0700
LIF,437562,LWATL SHORT,11,FALSE,8,8,FALSE,1,2019-05-30,2019-05-30,TRUE,1,2026-08-11 19:24:32.944 -0700
FYI,457516,I DO TO THE VENUE,17,FALSE,2019,2019,FALSE,1,2019-07-18,2019-07-18,TRUE,1,2026-08-11 19:24:32.944 -0700
HIST,354678,HATFIELDS & MCCOYS,18,FALSE,1,1,FALSE,3,2012-05-28,2012-05-30,TRUE,1,2026-08-11 19:24:32.944 -0700
LMN,391187,CTRL ALT DEL,12,FALSE,1,1,FALSE,1,2015-09-09,2015-09-09,TRUE,1,2026-08-11 19:24:32.944 -0700
HIST,362920,ULT SOLDIER CHALLENGE,21,FALSE,1,1,FALSE,6,2013-02-19,2013-03-26,TRUE,1,2026-08-11 19:24:32.944 -0700
HIST,1061882,LOST GOLD OF THE AZTECS,23,FALSE,1,1,FALSE,8,2022-03-29,2022-05-24,TRUE,1,2026-08-11 19:24:32.944 -0700
LMN,398342,"REAL SVU, THE",13,FALSE,1,1,FALSE,1,2016-01-21,2016-01-21,TRUE,2,2026-08-11 19:24:32.944 -0700
AEN,1001679,ALASKA PD,9,FALSE,2,2,FALSE,7,2024-11-07,2024-12-26,TRUE,1,2026-08-11 19:24:32.944 -0700
AEN,1001679,ALASKA PD,9,FALSE,1,1,FALSE,7,2020-01-01,2020-02-13,FALSE,1,2026-08-11 19:24:32.944 -0700
LIF,1002601,BRIDE & PREJUDICE: F. L.,24,FALSE,2,2,FALSE,10,2020-02-26,2020-04-29,TRUE,1,2026-08-11 19:24:32.944 -0700
AEN,457082,SENTENCED TO LIFE:TEEN KI,25,TRUE,2019,2019,FALSE,1,2019-07-02,2019-07-02,TRUE,1,2026-08-11 19:24:32.944 -0700
AEN,420177,NIGHTWATCH SPECIALS,19,FALSE,5,5,FALSE,2,2021-03-18,2021-04-29,TRUE,1,2026-08-11 19:24:32.944 -0700
AEN,420177,NIGHTWATCH SPECIALS,19,FALSE,4,4,FALSE,5,2018-08-02,2018-09-03,FALSE,1,2026-08-11 19:24:32.944 -0700
AEN,420177,NIGHTWATCH SPECIALS,19,FALSE,3,3,FALSE,1,2017-02-09,2017-02-09,FALSE,1,2026-08-11 19:24:32.944 -0700
HIST,321632,SHADOW FORCE,12,FALSE,1,1,FALSE,8,2008-11-07,2008-12-26,TRUE,1,2026-08-11 19:24:32.944 -0700
LIF,350561,PROJECT RUNWAY ALL STARS,24,FALSE,7,7,FALSE,13,2019-01-02,2019-03-27,TRUE,1,2026-08-11 19:24:32.944 -0700
LIF,350561,PROJECT RUNWAY ALL STARS,24,FALSE,6,6,FALSE,13,2018-01-04,2018-04-05,FALSE,1,2026-08-11 19:24:32.944 -0700
LIF,350561,PROJECT RUNWAY ALL STARS,24,FALSE,5,5,FALSE,13,2016-02-11,2016-05-05,FALSE,1,2026-08-11 19:24:32.944 -0700
LIF,350561,PROJECT RUNWAY ALL STARS,24,FALSE,4,4,FALSE,13,2014-10-30,2015-02-12,FALSE,1,2026-08-11 19:24:32.944 -0700
LIF,350561,PROJECT RUNWAY ALL STARS,24,FALSE,3,3,FALSE,10,2013-10-24,2014-01-09,FALSE,1,2026-08-11 19:24:32.944 -0700
LIF,350561,PROJECT RUNWAY ALL STARS,24,FALSE,2,2,FALSE,12,2012-10-25,2013-01-17,FALSE,1,2026-08-11 19:24:32.944 -0700
LIF,350561,PROJECT RUNWAY ALL STARS,24,FALSE,1,1,FALSE,12,2012-01-05,2012-03-22,FALSE,1,2026-08-11 19:24:32.944 -0700
AEN,398168,WAR & PEACE,11,FALSE,1,1,FALSE,2,2016-01-18,2016-01-25,TRUE,3,2026-08-11 19:24:32.944 -0700
FYI,1203730,INSTANT ITALIAN,15,FALSE,2,2,FALSE,12,2026-06-29,2026-08-03,TRUE,1,2026-08-11 19:24:32.944 -0700
FYI,1203730,INSTANT ITALIAN,15,FALSE,1,1,FALSE,12,2025-03-10,2025-04-14,FALSE,1,2026-08-11 19:24:32.944 -0700
AEN,367538,PSYCHIC TIA,11,FALSE,1,1,FALSE,4,2013-08-03,2013-08-10,TRUE,1,2026-08-11 19:24:32.944 -0700
LIF,423814,MAFS: SECOND CHANCES,20,FALSE,1,1,FALSE,12,2017-04-27,2017-07-13,TRUE,1,2026-08-11 19:24:32.944 -0700
AEN,1050604,STORAGE WARS SPECIALS,21,FALSE,20,20,FALSE,18,2026-02-28,2026-07-18,TRUE,1,2026-08-11 19:24:32.944 -0700
AEN,1050604,STORAGE WARS SPECIALS,21,FALSE,19,19,FALSE,10,2025-06-07,2025-08-16,FALSE,1,2026-08-11 19:24:32.944 -0700
AEN,1050604,STORAGE WARS SPECIALS,21,FALSE,16,16,FALSE,4,2021-10-26,2021-12-21,FALSE,1,2026-08-11 19:24:32.944 -0700
AEN,410153,BEHIND BARS FL,14,FALSE,2,2,FALSE,7,2016-08-22,2016-10-03,TRUE,1,2026-08-11 19:24:32.944 -0700
LIF,384276,LWLA: TERRAS LITTLE SP,22,FALSE,2,2,FALSE,3,2016-05-25,2016-06-15,TRUE,1,2026-08-11 19:24:32.944 -0700
LIF,384276,LWLA: TERRAS LITTLE SP,22,FALSE,1,1,FALSE,2,2015-04-08,2015-05-27,FALSE,1,2026-08-11 19:24:32.944 -0700
LIF,383905,LITTLE WOMEN LA REUNION,23,FALSE,6,6,FALSE,2,2017-07-12,2017-07-19,TRUE,1,2026-08-11 19:24:32.944 -0700
LIF,383905,LITTLE WOMEN LA REUNION,23,FALSE,5,5,FALSE,2,2016-11-09,2016-11-16,FALSE,1,2026-08-11 19:24:32.944 -0700
LIF,383905,LITTLE WOMEN LA REUNION,23,FALSE,4,4,FALSE,2,2016-04-27,2016-05-04,FALSE,1,2026-08-11 19:24:32.944 -0700
LIF,383905,LITTLE WOMEN LA REUNION,23,FALSE,3,3,FALSE,2,2015-10-28,2015-11-04,FALSE,1,2026-08-11 19:24:32.944 -0700
LIF,383905,LITTLE WOMEN LA REUNION,23,FALSE,2,2,FALSE,2,2015-03-25,2015-04-01,FALSE,1,2026-08-11 19:24:32.944 -0700
HIST,1151014,SECRET SKINWALKER SPECIAL,25,TRUE,7,7,FALSE,12,2026-05-19,2026-08-04,TRUE,1,2026-08-11 19:24:32.944 -0700
HIST,1151014,SECRET SKINWALKER SPECIAL,25,TRUE,6,6,FALSE,14,2025-06-03,2025-09-02,FALSE,1,2026-08-11 19:24:32.944 -0700
HIST,1151014,SECRET SKINWALKER SPECIAL,25,TRUE,5,5,FALSE,12,2024-05-07,2024-07-23,FALSE,1,2026-08-11 19:24:32.944 -0700
HIST,1151014,SECRET SKINWALKER SPECIAL,25,TRUE,4,4,FALSE,1,2023-08-08,2023-08-08,FALSE,1,2026-08-11 19:24:32.944 -0700
AEN,344564,FIRST 48 MISSING PERSONS,24,FALSE,2,2,FALSE,8,2012-03-15,2013-02-07,TRUE,1,2026-08-11 19:24:32.944 -0700
AEN,344564,FIRST 48 MISSING PERSONS,24,FALSE,1,1,FALSE,7,2011-06-02,2011-07-14,FALSE,1,2026-08-11 19:24:32.944 -0700
AEN,375953,HOLLYWD REPT ROUNDTALBLES,25,TRUE,1,1,FALSE,6,2014-06-08,2014-12-28,TRUE,1,2026-08-11 19:24:32.944 -0700
AEN,444954,DAVID CASSIDY: LAST SESSN,25,TRUE,2018,2018,FALSE,1,2018-06-11,2018-06-11,TRUE,1,2026-08-11 19:24:32.944 -0700
FYI,396258,BLACK LOVE,10,FALSE,1,1,FALSE,10,2015-12-08,2016-02-09,TRUE,1,2026-08-11 19:24:32.944 -0700
LIF,304821,LISA WILLIAMS,13,FALSE,2,2,FALSE,7,2007-10-12,2007-11-23,TRUE,1,2026-08-11 19:24:32.944 -0700
VICE,400094,WEEDIQUETTE,11,FALSE,3B,3,TRUE,5,2017-10-17,2017-11-14,TRUE,1,2026-08-11 19:24:32.944 -0700
VICE,400094,WEEDIQUETTE,11,FALSE,3,3,FALSE,5,2017-04-19,2017-05-17,FALSE,1,2026-08-11 19:24:32.944 -0700
VICE,400094,WEEDIQUETTE,11,FALSE,2,2,FALSE,8,2016-08-31,2016-10-26,FALSE,1,2026-08-11 19:24:32.944 -0700
HIST,1034848,ASSEMBLY REQUIRED,17,FALSE,1,1,FALSE,10,2021-02-23,2021-04-27,TRUE,1,2026-08-11 19:24:32.944 -0700
HIST,321788,EXTREME TRAINS,14,FALSE,1,1,FALSE,8,2008-11-11,2008-12-30,TRUE,1,2026-08-11 19:24:32.944 -0700
AEN,1029435,KILLER CASES,12,FALSE,7,7,FALSE,8,2025-06-06,2025-08-01,TRUE,1,2026-08-11 19:24:32.944 -0700
AEN,1029435,KILLER CASES,12,FALSE,6,6,FALSE,6,2024-11-15,2024-12-20,FALSE,1,2026-08-11 19:24:32.944 -0700
AEN,1029435,KILLER CASES,12,FALSE,5,5,FALSE,8,2024-05-15,2024-07-03,FALSE,1,2026-08-11 19:24:32.944 -0700
AEN,1029435,KILLER CASES,12,FALSE,4,4,FALSE,12,2023-09-29,2023-12-15,FALSE,1,2026-08-11 19:24:32.944 -0700
AEN,1029435,KILLER CASES,12,FALSE,3,3,FALSE,12,2022-10-01,2022-12-17,FALSE,1,2026-08-11 19:24:32.944 -0700
AEN,1029435,KILLER CASES,12,FALSE,2,2,FALSE,9,2021-10-13,2021-12-08,FALSE,1,2026-08-11 19:24:32.944 -0700
AEN,1029435,KILLER CASES,12,FALSE,1,1,FALSE,10,2020-12-03,2021-02-18,FALSE,1,2026-08-11 19:24:32.944 -0700
LIF,342376,FOUR OF A KIND,14,FALSE,1,1,FALSE,6,2011-03-15,2011-03-29,TRUE,1,2026-08-11 19:24:32.944 -0700
FYI,397274,MAFS SHORT,10,FALSE,3,3,FALSE,2,2017-04-25,2017-04-25,TRUE,2,2026-08-11 19:24:32.944 -0700
FYI,397274,MAFS SHORT,10,FALSE,4,4,FALSE,13,2016-08-02,2016-10-25,FALSE,2,2026-08-11 19:24:32.944 -0700
FYI,397274,MAFS SHORT,10,FALSE,1,1,FALSE,13,2016-01-01,2016-03-08,FALSE,2,2026-08-11 19:24:32.944 -0700
VICE,458414,DANNYS HOUSE,12,FALSE,1,1,FALSE,8,2019-08-14,2019-09-04,TRUE,1,2026-08-11 19:24:32.944 -0700
LIF,310272,STATE OF MIND,13,FALSE,1,1,FALSE,8,2007-07-15,2007-09-09,TRUE,1,2026-08-11 19:24:32.944 -0700
AEN,383772,MARRIED AT FIRST ST (A&E),25,TRUE,4,4,FALSE,15,2016-07-26,2016-11-01,TRUE,1,2026-08-11 19:24:32.944 -0700
AEN,383772,MARRIED AT FIRST ST (A&E),25,TRUE,3,3,FALSE,15,2015-12-01,2016-03-08,FALSE,1,2026-08-11 19:24:32.944 -0700
AEN,383772,MARRIED AT FIRST ST (A&E),25,TRUE,2,2,FALSE,15,2015-03-17,2015-06-16,FALSE,1,2026-08-11 19:24:32.944 -0700
FYI,387881,TRASHFORMERS,12,FALSE,1,1,FALSE,3,2015-07-10,2015-07-17,TRUE,1,2026-08-11 19:24:32.944 -0700
VICE,419713,NIRVANNA THE BAND THE SHW,25,TRUE,1,1,FALSE,8,2017-02-02,2017-03-23,TRUE,1,2026-08-11 19:24:32.944 -0700
AEN,413948,LIVE PD,7,FALSE,4,4,FALSE,62,2019-09-20,2020-05-23,TRUE,1,2026-08-11 19:24:32.944 -0700
AEN,413948,LIVE PD,7,FALSE,3,3,FALSE,82,2018-09-21,2019-08-24,FALSE,1,2026-08-11 19:24:32.944 -0700
AEN,413948,LIVE PD,7,FALSE,2,2,FALSE,80,2017-10-06,2018-08-25,FALSE,1,2026-08-11 19:24:32.944 -0700
AEN,413948,LIVE PD,7,FALSE,1,1,FALSE,61,2016-10-28,2017-08-19,FALSE,1,2026-08-11 19:24:32.944 -0700
HIST,431243,ITS HOW YOU GET THERE,21,FALSE,3,3,FALSE,8,2020-07-26,2020-08-16,TRUE,1,2026-08-11 19:24:32.944 -0700
HIST,431243,ITS HOW YOU GET THERE,21,FALSE,2,2,FALSE,10,2018-11-18,2018-12-16,FALSE,1,2026-08-11 19:24:32.944 -0700
HIST,431243,ITS HOW YOU GET THERE,21,FALSE,1,1,FALSE,6,2017-09-10,2017-10-15,FALSE,1,2026-08-11 19:24:32.944 -0700
VICE,1212635,BIG3 BASKETBALL,15,FALSE,2025,2025,FALSE,8,2025-06-14,2025-08-09,TRUE,1,2026-08-11 19:24:32.944 -0700
HIST,1131254,DIRTY OLD CARS,14,FALSE,1,1,FALSE,20,2023-01-18,2023-05-20,TRUE,1,2026-08-11 19:24:32.944 -0700
HIST,1211719,HAZARDOUS HISTORY WINKLER,25,TRUE,2,2,FALSE,15,2026-04-19,2026-08-02,TRUE,1,2026-08-11 19:24:32.944 -0700
HIST,1211719,HAZARDOUS HISTORY WINKLER,25,TRUE,1,1,FALSE,8,2025-06-15,2025-08-03,FALSE,1,2026-08-11 19:24:32.944 -0700
AEN,454826,KIDS BEHIND BARS: LIFE FL,25,TRUE,1,1,FALSE,1,2019-04-23,2019-04-23,TRUE,1,2026-08-11 19:24:32.944 -0700
AEN,1001676,AMERICAS TOP DOG FL,19,FALSE,1,1,FALSE,1,2019-12-30,2019-12-30,TRUE,1,2026-08-11 19:24:32.944 -0700
AEN,410058,60 DAYS IN PRE-SHOW,19,FALSE,2,2,FALSE,12,2016-08-18,2016-11-03,TRUE,1,2026-08-11 19:24:32.944 -0700
AEN,438521,INTERVENTION:HEROIN TRNGL,25,TRUE,18,18,FALSE,8,2018-01-02,2018-02-27,TRUE,1,2026-08-11 19:24:32.944 -0700
FYI,1039486,MISS UNIVERSE 2021 LIVE,23,FALSE,999,999,FALSE,1,2021-05-16,2021-05-16,TRUE,1,2026-08-11 19:24:32.944 -0700
LMN,378214,KIDS BEHIND BARS,16,FALSE,1,1,FALSE,1,2014-09-01,2014-09-01,TRUE,1,2026-08-11 19:24:32.944 -0700
HIST,430019,ICE ROAD TRUCKERS FL,20,FALSE,11,11,FALSE,1,2017-08-17,2017-08-17,TRUE,1,2026-08-11 19:24:32.944 -0700
AEN,1045708,I SURVIVED A SERIAL KILLR,25,TRUE,2,2,FALSE,13,2022-02-04,2022-03-18,TRUE,1,2026-08-11 19:24:32.944 -0700
AEN,1045708,I SURVIVED A SERIAL KILLR,25,TRUE,1,1,FALSE,3,2021-08-17,2021-08-25,FALSE,1,2026-08-11 19:24:32.944 -0700
HIST,318523,"WORKS, THE",10,FALSE,1,1,FALSE,10,2008-07-10,2008-09-25,TRUE,1,2026-08-11 19:24:32.944 -0700
AEN,1135104,TORSO KILLER CONFESSIONS,24,FALSE,1,1,FALSE,2,2023-03-09,2023-03-10,TRUE,1,2026-08-11 19:24:32.944 -0700
AEN,460290,LIVE RESCUE XTRA,16,FALSE,2,2,FALSE,1,2019-10-28,2019-10-28,TRUE,1,2026-08-11 19:24:32.944 -0700
HIST,1089648,MORE POWER,10,FALSE,1,1,FALSE,10,2022-06-29,2022-09-04,TRUE,1,2026-08-11 19:24:32.944 -0700
LIF,349563,STARVING SECRETS WITH TRA,25,TRUE,1,1,FALSE,6,2011-12-02,2012-01-13,TRUE,1,2026-08-11 19:24:32.944 -0700
HIST,431242,VOLO HOUSE OF CARS,18,FALSE,1,1,FALSE,6,2017-09-10,2017-10-08,TRUE,1,2026-08-11 19:24:32.944 -0700
LIF,402089,BRING IT! REUNION,17,FALSE,3,3,FALSE,1,2016-04-01,2016-04-01,TRUE,1,2026-08-11 19:24:32.944 -0700
AEN,1093722,INMATE TO ROOMMATE,18,FALSE,2,2,FALSE,10,2024-05-30,2024-08-08,TRUE,1,2026-08-11 19:24:32.944 -0700
AEN,1093722,INMATE TO ROOMMATE,18,FALSE,1,1,FALSE,10,2022-08-18,2022-10-20,FALSE,1,2026-08-11 19:24:32.944 -0700
LIF,340165,BTH: CRAIGSLIST KILLER,22,FALSE,2011,2011,FALSE,1,2011-01-03,2011-01-03,TRUE,1,2026-08-11 19:24:32.944 -0700
AEN,367374,AMERICAN HAUNTING,17,FALSE,1,1,FALSE,3,2013-07-27,2013-07-27,TRUE,1,2026-08-11 19:24:32.944 -0700
AEN,417202,LEAH REMINI: SCIENTLGY FL,25,TRUE,2,2,FALSE,6,2017-08-14,2017-10-09,TRUE,1,2026-08-11 19:24:32.944 -0700
AEN,417202,LEAH REMINI: SCIENTLGY FL,25,TRUE,1,1,FALSE,5,2016-12-12,2017-01-09,FALSE,1,2026-08-11 19:24:32.944 -0700
AEN,1045725,"CRITICAL WITNESS, THE",21,FALSE,2021,2021,FALSE,1,2021-08-18,2021-08-18,TRUE,1,2026-08-11 19:24:32.944 -0700
AEN,1029365,RESCUE CAM,10,FALSE,1,1,FALSE,20,2020-12-02,2021-03-19,TRUE,1,2026-08-11 19:24:32.944 -0700
FYI,379290,TINY HOUSE NATION SPECIAL,25,TRUE,3,3,FALSE,13,2015-10-03,2016-12-17,TRUE,1,2026-08-11 19:24:32.944 -0700
FYI,379290,TINY HOUSE NATION SPECIAL,25,TRUE,2,2,FALSE,1,2015-03-04,2015-03-04,FALSE,1,2026-08-11 19:24:32.944 -0700
FYI,379290,TINY HOUSE NATION SPECIAL,25,TRUE,1,1,FALSE,1,2014-10-15,2014-10-15,FALSE,1,2026-08-11 19:24:32.944 -0700
AEN,393167,"ENFIELD HAUNTING, THE",21,FALSE,1,1,FALSE,3,2015-10-09,2015-10-23,TRUE,1,2026-08-11 19:24:32.944 -0700
VICE,417755,"PIZZA SHOW, THE",15,FALSE,2B,2,TRUE,5,2018-02-20,2018-03-20,TRUE,1,2026-08-11 19:24:32.944 -0700
VICE,417755,"PIZZA SHOW, THE",15,FALSE,2,2,FALSE,5,2017-09-14,2017-10-12,FALSE,1,2026-08-11 19:24:32.944 -0700
VICE,417755,"PIZZA SHOW, THE",15,FALSE,1,1,FALSE,6,2016-12-29,2017-01-26,FALSE,1,2026-08-11 19:24:32.944 -0700
LMN,392982,THEY TOOK OUR CHILD: WGHB,25,TRUE,1,1,FALSE,7,2015-10-07,2015-12-14,TRUE,1,2026-08-11 19:24:32.944 -0700
AEN,1166126,SECRETS OF POLYGAMY,19,FALSE,1,1,FALSE,10,2024-01-08,2024-03-18,TRUE,1,2026-08-11 19:24:32.944 -0700
LIF,458570,MAFS: COUPLES COUCH,19,FALSE,16,16,FALSE,13,2023-02-23,2023-05-17,TRUE,1,2026-08-11 19:24:32.944 -0700
AEN,1006815,TIME IS NOW: RACE & RESOL,25,TRUE,2020,2020,FALSE,1,2020-06-08,2020-06-08,TRUE,6,2026-08-11 19:24:32.944 -0700
AEN,1048791,TRIPLE DIGIT FLIP,17,FALSE,2,2,FALSE,10,2022-12-03,2023-02-18,TRUE,1,2026-08-11 19:24:32.944 -0700
AEN,1048791,TRIPLE DIGIT FLIP,17,FALSE,1,1,FALSE,10,2021-10-02,2021-12-11,FALSE,1,2026-08-11 19:24:32.944 -0700
VICE,1138882,(RE)SOLVED,10,FALSE,1,1,FALSE,12,2023-04-27,2023-07-13,TRUE,1,2026-08-11 19:24:32.944 -0700
AEN,417593,LEAH REMINI: SCNTLGY SPCL,25,TRUE,3,3,FALSE,4,2018-11-13,2019-01-08,TRUE,1,2026-08-11 19:24:32.944 -0700
AEN,417593,LEAH REMINI: SCNTLGY SPCL,25,TRUE,2,2,FALSE,6,2017-05-29,2017-11-21,FALSE,1,2026-08-11 19:24:32.944 -0700
AEN,417593,LEAH REMINI: SCNTLGY SPCL,25,TRUE,1,1,FALSE,2,2016-12-19,2017-01-17,FALSE,1,2026-08-11 19:24:32.944 -0700
AEN,1159433,LEGENDS OF THE FORK,19,FALSE,1,1,FALSE,20,2023-11-11,2024-01-07,TRUE,1,2026-08-11 19:24:32.944 -0700
VICE,1222902,POKER MASTERS,13,FALSE,1,1,FALSE,12,2025-10-18,2025-11-22,TRUE,1,2026-08-11 19:24:32.944 -0700
FYI,459765,SAVE MY RENO,12,FALSE,2,2,FALSE,8,2020-11-16,2020-12-07,TRUE,1,2026-08-11 19:24:32.944 -0700
FYI,459765,SAVE MY RENO,12,FALSE,1,1,FALSE,16,2019-10-03,2019-11-21,FALSE,1,2026-08-11 19:24:32.944 -0700
AEN,460464,WORLDS BIGGEST GHOST HUNT,25,TRUE,2019,2019,FALSE,1,2019-10-30,2019-10-30,TRUE,1,2026-08-11 19:24:32.944 -0700
LIF,359038,ABBYS ULTIMATE DANCE COMP,25,TRUE,2,2,FALSE,12,2013-09-03,2013-11-19,TRUE,1,2026-08-11 19:24:32.944 -0700
LIF,359038,ABBYS ULTIMATE DANCE COMP,25,TRUE,1,1,FALSE,10,2012-10-09,2012-12-11,FALSE,1,2026-08-11 19:24:32.944 -0700
HIST,351521,MUDCATS,7,FALSE,1,1,FALSE,8,2012-02-09,2012-04-05,TRUE,1,2026-08-11 19:24:32.944 -0700
LIF,205413,PRIME MOVIE II,14,FALSE,2014,2014,FALSE,2,2014-05-26,2014-12-08,TRUE,1,2026-08-11 19:24:32.944 -0700
LIF,383770,DANCE MUMS UK,13,FALSE,1,1,FALSE,2,2015-03-17,2015-03-24,TRUE,1,2026-08-11 19:24:32.944 -0700
AEN,377713,EPIC INK,8,FALSE,1,1,FALSE,10,2014-08-20,2014-10-15,TRUE,1,2026-08-11 19:24:32.944 -0700
AEN,1134415,UNDERCOVER:CAUGHT ON TAPE,25,TRUE,1,1,FALSE,10,2024-01-11,2024-03-14,TRUE,1,2026-08-11 19:24:32.944 -0700
AEN,1134415,UNDERCOVER:CAUGHT ON TAPE,25,TRUE,2023,2023,FALSE,1,2023-03-02,2023-03-02,FALSE,1,2026-08-11 19:24:32.944 -0700
FYI,414793,SEVEN YEAR SWITCH: DU,21,FALSE,1,1,FALSE,3,2016-11-01,2016-11-15,TRUE,1,2026-08-11 19:24:32.944 -0700
AEN,426329,KIDS WHO KILL,13,FALSE,2017,2017,FALSE,1,2017-06-19,2017-06-19,TRUE,1,2026-08-11 19:24:32.944 -0700
VICE,410849,ABANDONED,9,FALSE,1,1,FALSE,10,2016-09-02,2016-11-04,TRUE,1,2026-08-11 19:24:32.944 -0700
HIST,364330,CHASING TAIL,12,FALSE,1,1,FALSE,10,2013-04-11,2013-05-09,TRUE,1,2026-08-11 19:24:32.944 -0700
AEN,417762,LIVE PD SPECIALS,16,FALSE,4,4,FALSE,3,2019-12-02,2019-12-21,TRUE,1,2026-08-11 19:24:32.944 -0700
AEN,417762,LIVE PD SPECIALS,16,FALSE,3,3,FALSE,7,2018-12-21,2019-05-02,FALSE,1,2026-08-11 19:24:32.944 -0700
LIF,1005444,MAFS: COUPLES CAM,17,FALSE,3,3,FALSE,20,2021-06-02,2021-11-03,TRUE,1,2026-08-11 19:24:32.944 -0700
LIF,1005444,MAFS: COUPLES CAM,17,FALSE,2,2,FALSE,8,2021-02-04,2021-04-14,FALSE,1,2026-08-11 19:24:32.944 -0700
LIF,1005444,MAFS: COUPLES CAM,17,FALSE,1,1,FALSE,15,2020-05-20,2020-09-17,FALSE,1,2026-08-11 19:24:32.944 -0700
FYI,378361,PRESSURE COOKER,15,FALSE,1,1,FALSE,3,2014-09-07,2014-09-21,TRUE,1,2026-08-11 19:24:32.944 -0700
LIF,361891,DANCE MOMS SPECIAL,18,FALSE,8,8,FALSE,17,2019-05-28,2019-09-10,TRUE,1,2026-08-11 19:24:32.944 -0700
LIF,361891,DANCE MOMS SPECIAL,18,FALSE,7B,7,TRUE,2,2017-10-24,2017-10-24,FALSE,1,2026-08-11 19:24:32.944 -0700
LIF,361891,DANCE MOMS SPECIAL,18,FALSE,7,7,FALSE,1,2017-07-25,2017-07-25,FALSE,1,2026-08-11 19:24:32.944 -0700
LIF,361891,DANCE MOMS SPECIAL,18,FALSE,6B,6,TRUE,1,2016-09-06,2016-09-06,FALSE,1,2026-08-11 19:24:32.944 -0700
LIF,361891,DANCE MOMS SPECIAL,18,FALSE,6,6,FALSE,3,2016-01-05,2016-05-24,FALSE,1,2026-08-11 19:24:32.944 -0700
LIF,361891,DANCE MOMS SPECIAL,18,FALSE,5B,5,TRUE,1,2015-08-18,2015-08-18,FALSE,1,2026-08-11 19:24:32.944 -0700
LIF,361891,DANCE MOMS SPECIAL,18,FALSE,5,5,FALSE,4,2015-01-06,2015-05-26,FALSE,1,2026-08-11 19:24:32.944 -0700
LIF,361891,DANCE MOMS SPECIAL,18,FALSE,4,4,FALSE,5,2014-01-01,2014-06-24,FALSE,1,2026-08-11 19:24:32.944 -0700
LIF,361891,DANCE MOMS SPECIAL,18,FALSE,3B,3,TRUE,4,2013-07-02,2013-12-10,FALSE,1,2026-08-11 19:24:32.944 -0700
LIF,361891,DANCE MOMS SPECIAL,18,FALSE,3,3,FALSE,2,2013-01-01,2013-05-07,FALSE,1,2026-08-11 19:24:32.944 -0700
FYI,1193427,JAKE MAKES IT EASY,18,FALSE,2B,2,TRUE,10,2025-09-29,2025-10-27,TRUE,1,2026-08-11 19:24:32.944 -0700
FYI,1193427,JAKE MAKES IT EASY,18,FALSE,2,2,FALSE,10,2025-07-07,2025-08-04,FALSE,1,2026-08-11 19:24:32.944 -0700
FYI,1193427,JAKE MAKES IT EASY,18,FALSE,1,1,FALSE,10,2024-10-28,2024-11-25,FALSE,1,2026-08-11 19:24:32.944 -0700
LIF,342104,COMING HOME,11,FALSE,2,2,FALSE,12,2012-03-11,2012-07-18,TRUE,1,2026-08-11 19:24:32.944 -0700
LIF,342104,COMING HOME,11,FALSE,1,1,FALSE,13,2011-03-06,2011-06-05,FALSE,1,2026-08-11 19:24:32.944 -0700
AEN,285477,THE FIRST 48,12,FALSE,35,35,FALSE,3,2026-07-16,2026-07-30,TRUE,1,2026-08-11 19:24:32.944 -0700
AEN,285477,THE FIRST 48,12,FALSE,34,34,FALSE,19,2026-01-01,2026-05-07,FALSE,1,2026-08-11 19:24:32.944 -0700
AEN,285477,THE FIRST 48,12,FALSE,33,33,FALSE,8,2025-06-12,2025-09-04,FALSE,1,2026-08-11 19:24:32.944 -0700
AEN,285477,THE FIRST 48,12,FALSE,32,32,FALSE,12,2025-01-01,2025-04-03,FALSE,1,2026-08-11 19:24:32.944 -0700
AEN,285477,THE FIRST 48,12,FALSE,31,31,FALSE,7,2024-05-30,2024-07-18,FALSE,1,2026-08-11 19:24:32.944 -0700
AEN,285477,THE FIRST 48,12,FALSE,30,30,FALSE,8,2024-01-04,2024-04-11,FALSE,1,2026-08-11 19:24:32.944 -0700
AEN,285477,THE FIRST 48,12,FALSE,29,29,FALSE,19,2023-01-12,2023-12-28,FALSE,1,2026-08-11 19:24:32.944 -0700
AEN,285477,THE FIRST 48,12,FALSE,28,28,FALSE,19,2022-01-06,2022-12-08,FALSE,1,2026-08-11 19:24:32.944 -0700
AEN,285477,THE FIRST 48,12,FALSE,27,27,FALSE,9,2021-10-21,2021-12-16,FALSE,1,2026-08-11 19:24:32.944 -0700
AEN,285477,THE FIRST 48,12,FALSE,26,26,FALSE,21,2021-01-07,2021-08-26,FALSE,1,2026-08-11 19:24:32.944 -0700
AEN,285477,THE FIRST 48,12,FALSE,25,25,FALSE,4,2020-11-05,2020-12-03,FALSE,1,2026-08-11 19:24:32.944 -0700
AEN,285477,THE FIRST 48,12,FALSE,24,24,FALSE,7,2020-07-16,2020-08-27,FALSE,1,2026-08-11 19:24:32.944 -0700
AEN,285477,THE FIRST 48,12,FALSE,23,23,FALSE,23,2020-01-01,2020-04-30,FALSE,1,2026-08-11 19:24:32.944 -0700
AEN,285477,THE FIRST 48,12,FALSE,22,22,FALSE,17,2019-01-10,2019-05-16,FALSE,1,2026-08-11 19:24:32.944 -0700
AEN,285477,THE FIRST 48,12,FALSE,21,21,FALSE,11,2018-08-23,2018-10-25,FALSE,1,2026-08-11 19:24:32.944 -0700
AEN,285477,THE FIRST 48,12,FALSE,20,20,FALSE,12,2017-10-19,2018-04-05,FALSE,1,2026-08-11 19:24:32.944 -0700
AEN,285477,THE FIRST 48,12,FALSE,19,19,FALSE,9,2017-05-25,2017-08-03,FALSE,1,2026-08-11 19:24:32.944 -0700
AEN,285477,THE FIRST 48,12,FALSE,18,18,FALSE,13,2016-12-01,2017-03-09,FALSE,1,2026-08-11 19:24:32.944 -0700
AEN,285477,THE FIRST 48,12,FALSE,17,17,FALSE,28,2015-11-05,2016-09-05,FALSE,1,2026-08-11 19:24:32.944 -0700
AEN,285477,THE FIRST 48,12,FALSE,16,16,FALSE,14,2015-01-01,2015-05-21,FALSE,1,2026-08-11 19:24:32.944 -0700
AEN,285477,THE FIRST 48,12,FALSE,2014,2014,FALSE,1,2014-08-21,2014-08-21,FALSE,1,2026-08-11 19:24:32.944 -0700
AEN,285477,THE FIRST 48,12,FALSE,15,15,FALSE,22,2014-02-28,2014-11-17,FALSE,1,2026-08-11 19:24:32.944 -0700
AEN,285477,THE FIRST 48,12,FALSE,14,14,FALSE,16,2013-08-08,2013-12-27,FALSE,1,2026-08-11 19:24:32.944 -0700
AEN,285477,THE FIRST 48,12,FALSE,13,13,FALSE,12,2013-03-07,2013-06-06,FALSE,1,2026-08-11 19:24:32.944 -0700
AEN,285477,THE FIRST 48,12,FALSE,2012,2012,FALSE,1,2012-03-08,2012-03-08,FALSE,1,2026-08-11 19:24:32.944 -0700
AEN,285477,THE FIRST 48,12,FALSE,12,12,FALSE,30,2012-01-05,2012-12-20,FALSE,1,2026-08-11 19:24:32.944 -0700
AEN,285477,THE FIRST 48,12,FALSE,11,11,FALSE,30,2011-01-06,2011-12-15,FALSE,1,2026-08-11 19:24:32.944 -0700
AEN,285477,THE FIRST 48,12,FALSE,10,10,FALSE,36,2010-01-14,2010-12-16,FALSE,1,2026-08-11 19:24:32.944 -0700
AEN,285477,THE FIRST 48,12,FALSE,9,9,FALSE,11,2009-06-16,2009-09-15,FALSE,1,2026-08-11 19:24:32.944 -0700
AEN,285477,THE FIRST 48,12,FALSE,8,8,FALSE,13,2009-01-01,2009-04-23,FALSE,1,2026-08-11 19:24:32.944 -0700
AEN,285477,THE FIRST 48,12,FALSE,7,7,FALSE,31,2008-01-10,2008-12-09,FALSE,1,2026-08-11 19:24:32.944 -0700
AEN,285477,THE FIRST 48,12,FALSE,6,6,FALSE,17,2007-07-12,2007-12-06,FALSE,1,2026-08-11 19:24:32.944 -0700
HIST,442847,KNIFE OR DEATH,14,FALSE,3,3,FALSE,8,2019-08-28,2019-09-19,TRUE,1,2026-08-11 19:24:32.944 -0700
HIST,442847,KNIFE OR DEATH,14,FALSE,2,2,FALSE,8,2018-10-03,2018-11-21,FALSE,1,2026-08-11 19:24:32.944 -0700
HIST,442847,KNIFE OR DEATH,14,FALSE,1,1,FALSE,6,2018-04-17,2018-05-22,FALSE,1,2026-08-11 19:24:32.944 -0700
LIF,1055376,MAFS: AFTERPARTY,16,FALSE,18,18,FALSE,15,2024-10-15,2025-03-04,TRUE,1,2026-08-11 19:24:32.944 -0700
LIF,1055376,MAFS: AFTERPARTY,16,FALSE,17,17,FALSE,21,2023-10-18,2024-03-27,FALSE,1,2026-08-11 19:24:32.944 -0700
LIF,1055376,MAFS: AFTERPARTY,16,FALSE,16,16,FALSE,21,2023-01-04,2023-06-07,FALSE,1,2026-08-11 19:24:32.944 -0700
LIF,1055376,MAFS: AFTERPARTY,16,FALSE,15,15,FALSE,15,2022-07-06,2022-10-12,FALSE,1,2026-08-11 19:24:32.944 -0700
LIF,1055376,MAFS: AFTERPARTY,16,FALSE,14,14,FALSE,15,2022-01-05,2022-04-20,FALSE,1,2026-08-11 19:24:32.944 -0700
LIF,321245,RITA ROCKS,10,FALSE,2,2,FALSE,20,2009-10-05,2009-12-07,TRUE,1,2026-08-11 19:24:32.944 -0700
LIF,321245,RITA ROCKS,10,FALSE,1,1,FALSE,20,2008-10-20,2009-02-23,FALSE,1,2026-08-11 19:24:32.944 -0700
AEN,442601,FLIP WARS,9,FALSE,1,1,FALSE,8,2018-04-11,2018-06-02,TRUE,1,2026-08-11 19:24:32.944 -0700
AEN,1056632,JANET JACKSON,13,FALSE,1,1,FALSE,4,2022-01-28,2022-01-29,TRUE,2,2026-08-11 19:24:32.944 -0700
FYI,1023569,NEWSCAFE,8,FALSE,1,1,FALSE,4,2020-09-27,2020-10-18,TRUE,1,2026-08-11 19:24:32.944 -0700
AEN,428667,LOWE FILES,10,FALSE,1,1,FALSE,8,2017-08-02,2017-09-20,TRUE,1,2026-08-11 19:24:32.944 -0700
AEN,1194718,50/50 FLIP WF,13,FALSE,2,2,FALSE,10,2024-11-09,2024-12-28,TRUE,1,2026-08-11 19:24:32.944 -0700
HIST,452209,KNIGHT FIGHT,12,FALSE,1,1,FALSE,8,2019-01-23,2019-03-13,TRUE,1,2026-08-11 19:24:32.944 -0700
AEN,1212538,MAKING OF A HEART ATTACK,24,FALSE,2025,2025,FALSE,1,2025-06-14,2025-06-14,TRUE,1,2026-08-11 19:24:32.944 -0700
AEN,437059,VACATION RENTAL POTENTIAL,25,TRUE,1,1,FALSE,10,2017-12-09,2018-02-17,TRUE,2,2026-08-11 19:24:32.944 -0700
HIST,427708,AMERICAN PICKERS FL,19,FALSE,9,9,FALSE,1,2018-02-24,2018-02-24,TRUE,1,2026-08-11 19:24:32.944 -0700
HIST,427708,AMERICAN PICKERS FL,19,FALSE,8B,8,TRUE,10,2017-07-12,2018-01-28,FALSE,1,2026-08-11 19:24:32.944 -0700
HIST,325157,PATTON 360,10,FALSE,1,1,FALSE,8,2009-04-10,2009-06-12,TRUE,1,2026-08-11 19:24:32.944 -0700
AEN,383748,8 MINUTES,9,FALSE,1,1,FALSE,5,2015-04-02,2015-04-30,TRUE,1,2026-08-11 19:24:32.944 -0700
HIST,309258,"UNIVERSE, THE",13,FALSE,8,8,FALSE,6,2015-04-18,2015-05-23,TRUE,1,2026-08-11 19:24:32.944 -0700
HIST,309258,"UNIVERSE, THE",13,FALSE,5,5,FALSE,8,2010-07-29,2010-09-23,FALSE,1,2026-08-11 19:24:32.944 -0700
HIST,309258,"UNIVERSE, THE",13,FALSE,4,4,FALSE,12,2009-08-18,2009-11-10,FALSE,1,2026-08-11 19:24:32.944 -0700
HIST,309258,"UNIVERSE, THE",13,FALSE,3,3,FALSE,12,2008-11-11,2009-02-03,FALSE,1,2026-08-11 19:24:32.944 -0700
HIST,309258,"UNIVERSE, THE",13,FALSE,2,2,FALSE,18,2007-11-27,2008-04-29,FALSE,1,2026-08-11 19:24:32.944 -0700
HIST,309258,"UNIVERSE, THE",13,FALSE,1,1,FALSE,9,2007-06-26,2007-08-28,FALSE,1,2026-08-11 19:24:32.944 -0700
VICE,460764,"IMPEACHMENT SHOW, THE",21,FALSE,1,1,FALSE,3,2019-11-07,2019-11-21,TRUE,1,2026-08-11 19:24:32.944 -0700
LMN,369027,"HAUNTING OF..., THE",19,FALSE,7,7,FALSE,9,2016-03-28,2016-09-10,TRUE,1,2026-08-11 19:24:32.944 -0700
LMN,369027,"HAUNTING OF..., THE",19,FALSE,6,6,FALSE,13,2015-08-22,2015-12-03,FALSE,1,2026-08-11 19:24:32.944 -0700
LMN,369027,"HAUNTING OF..., THE",19,FALSE,5,5,FALSE,13,2015-02-28,2015-06-27,FALSE,1,2026-08-11 19:24:32.944 -0700
LMN,369027,"HAUNTING OF..., THE",19,FALSE,2,2,FALSE,3,2014-10-11,2014-10-25,FALSE,1,2026-08-11 19:24:32.944 -0700
LMN,369027,"HAUNTING OF..., THE",19,FALSE,4,4,FALSE,13,2014-06-21,2014-11-15,FALSE,1,2026-08-11 19:24:32.944 -0700
LMN,369027,"HAUNTING OF..., THE",19,FALSE,3,3,FALSE,13,2013-10-19,2014-02-01,FALSE,1,2026-08-11 19:24:32.944 -0700
AEN,418652,INTERVENTION FL,15,FALSE,16C,16,TRUE,1,2017-01-09,2017-01-09,TRUE,1,2026-08-11 19:24:32.944 -0700
HIST,1170795,LOST U-BOATS OF WWII,20,FALSE,1,1,FALSE,6,2024-02-27,2024-04-02,TRUE,1,2026-08-11 19:24:32.944 -0700
HIST,362794,BIG RIG BOUNTY HUNTERS,22,FALSE,2,2,FALSE,12,2014-05-22,2014-06-30,TRUE,1,2026-08-11 19:24:32.944 -0700
HIST,362794,BIG RIG BOUNTY HUNTERS,22,FALSE,1,1,FALSE,8,2013-02-14,2013-04-04,FALSE,1,2026-08-11 19:24:32.944 -0700
AEN,1045151,ACCUSED: G/I SPECIALS,21,FALSE,2,2,FALSE,1,2021-08-12,2021-08-12,TRUE,1,2026-08-11 19:24:32.944 -0700
LIF,1090685,5 GUYS A WEEK,13,FALSE,1,1,FALSE,10,2022-07-13,2022-08-25,TRUE,1,2026-08-11 19:24:32.944 -0700
VICE,450007,MUNCHIES GUIDE TO...,20,FALSE,1,1,FALSE,10,2018-11-13,2018-12-18,TRUE,1,2026-08-11 19:24:32.944 -0700
AEN,1093316,COURT NIGHT LIVE,16,FALSE,1,1,FALSE,8,2022-08-10,2022-09-28,TRUE,1,2026-08-11 19:24:32.944 -0700
FYI,379289,UNLIVABLE,9,FALSE,1,1,FALSE,8,2014-10-15,2014-12-08,TRUE,1,2026-08-11 19:24:32.944 -0700
AEN,321278,ROOKIES,7,FALSE,1,1,FALSE,16,2008-10-21,2008-12-02,TRUE,1,2026-08-11 19:24:32.944 -0700
AEN,1183991,COLD CASE FILES: DNA WF,23,FALSE,1,1,FALSE,10,2024-07-19,2024-09-20,TRUE,1,2026-08-11 19:24:32.944 -0700
AEN,1156067,MURDER IN THE 21ST,18,FALSE,1,1,FALSE,10,2023-09-29,2023-12-08,TRUE,1,2026-08-11 19:24:32.944 -0700
LIF,379775,PRISON WIVES CLUB,17,FALSE,1,1,FALSE,8,2014-10-28,2015-06-19,TRUE,1,2026-08-11 19:24:32.944 -0700
AEN,458578,LIVING IN SIN,13,FALSE,2019,2019,FALSE,1,2019-08-26,2019-08-26,TRUE,1,2026-08-11 19:24:32.944 -0700
AEN,355122,CAJUN JUSTICE,13,FALSE,1,1,FALSE,20,2012-06-07,2012-08-16,TRUE,1,2026-08-11 19:24:32.944 -0700
FYI,1180712,FIND MY COUNTRY HOUSE: AU,25,TRUE,1,1,FALSE,20,2024-06-11,2024-08-13,TRUE,1,2026-08-11 19:24:32.944 -0700
LIF,395079,MOVIE- ORIGINAL PREM,20,FALSE,2026,2026,FALSE,22,2026-01-10,2026-08-01,TRUE,1,2026-08-11 19:24:32.944 -0700
LIF,395079,MOVIE- ORIGINAL PREM,20,FALSE,2025,2025,FALSE,38,2025-01-11,2025-11-22,FALSE,1,2026-08-11 19:24:32.944 -0700
LIF,395079,MOVIE- ORIGINAL PREM,20,FALSE,2024,2024,FALSE,29,2024-01-13,2024-11-09,FALSE,1,2026-08-11 19:24:32.944 -0700
LIF,395079,MOVIE- ORIGINAL PREM,20,FALSE,2023,2023,FALSE,28,2023-01-07,2023-11-11,FALSE,1,2026-08-11 19:24:32.944 -0700
LIF,395079,MOVIE- ORIGINAL PREM,20,FALSE,1,1,FALSE,3,2022-07-16,2022-07-30,FALSE,1,2026-08-11 19:24:32.944 -0700
LIF,395079,MOVIE- ORIGINAL PREM,20,FALSE,2022,2022,FALSE,23,2022-01-15,2022-10-29,FALSE,1,2026-08-11 19:24:32.944 -0700
LIF,395079,MOVIE- ORIGINAL PREM,20,FALSE,2021,2021,FALSE,33,2021-02-13,2021-12-19,FALSE,1,2026-08-11 19:24:32.944 -0700
LIF,395079,MOVIE- ORIGINAL PREM,20,FALSE,2020,2020,FALSE,23,2020-01-18,2020-12-13,FALSE,1,2026-08-11 19:24:32.944 -0700
LIF,395079,MOVIE- ORIGINAL PREM,20,FALSE,2019,2019,FALSE,40,2019-02-02,2019-12-21,FALSE,1,2026-08-11 19:24:32.944 -0700
LIF,395079,MOVIE- ORIGINAL PREM,20,FALSE,2018,2018,FALSE,26,2018-01-06,2018-12-16,FALSE,1,2026-08-11 19:24:32.944 -0700
LIF,395079,MOVIE- ORIGINAL PREM,20,FALSE,2017,2017,FALSE,22,2017-01-01,2017-12-16,FALSE,1,2026-08-11 19:24:32.944 -0700
LIF,395079,MOVIE- CO PRO PREM,18,FALSE,2016,2016,FALSE,12,2016-01-03,2016-10-29,FALSE,1,2026-08-11 19:24:32.944 -0700
LIF,395079,MOVIE- CO PRO PREM,18,FALSE,2015,2015,FALSE,7,2015-11-14,2015-12-13,FALSE,1,2026-08-11 19:24:32.944 -0700
AEN,1214994,FAME AND FENTANYL,17,FALSE,2025,2025,FALSE,1,2025-08-25,2025-08-25,TRUE,1,2026-08-11 19:24:32.944 -0700
LIF,1167605,THERESA CAPUTO: RAISING,23,FALSE,1,1,FALSE,17,2024-01-25,2024-09-24,TRUE,1,2026-08-11 19:24:32.944 -0700
LIF,361263,EXTREME MOMS,12,FALSE,1,1,FALSE,4,2012-12-11,2013-05-28,TRUE,1,2026-08-11 19:24:32.944 -0700
FYI,399958,NICOLE/JIONNIS SHORE FLIP,25,TRUE,1,1,FALSE,9,2016-02-24,2016-04-20,TRUE,1,2026-08-11 19:24:32.944 -0700
LIF,338077,"FAIRY JOBMOTHER, THE",20,FALSE,1,1,FALSE,8,2010-10-28,2010-12-25,TRUE,1,2026-08-11 19:24:32.944 -0700
AEN,313173,PARANORMAL STATE,16,FALSE,6,6,FALSE,8,2011-04-11,2011-05-02,TRUE,1,2026-08-11 19:24:32.944 -0700
AEN,313173,PARANORMAL STATE,16,FALSE,5,5,FALSE,14,2010-10-17,2010-11-28,FALSE,1,2026-08-11 19:24:32.944 -0700
AEN,313173,PARANORMAL STATE,16,FALSE,4,4,FALSE,12,2009-12-15,2010-02-09,FALSE,1,2026-08-11 19:24:32.944 -0700
AEN,313173,PARANORMAL STATE,16,FALSE,3,3,FALSE,20,2009-01-19,2009-05-18,FALSE,1,2026-08-11 19:24:32.944 -0700
AEN,313173,PARANORMAL STATE,16,FALSE,2,2,FALSE,12,2008-07-28,2008-10-27,FALSE,1,2026-08-11 19:24:32.944 -0700
AEN,313173,PARANORMAL STATE,16,FALSE,1,1,FALSE,20,2007-12-10,2008-03-24,FALSE,1,2026-08-11 19:24:32.944 -0700
LIF,1209479,JUDD FAMILY:TRUTH BE TOLD,25,TRUE,1,1,FALSE,4,2025-05-10,2025-05-11,TRUE,1,2026-08-11 19:24:32.944 -0700
AEN,395106,SHINING A LIGHT CONCERT,23,FALSE,2015,2015,FALSE,1,2015-11-20,2015-11-20,TRUE,1,2026-08-11 19:24:32.944 -0700
HIST,363136,"BIBLE, THE",10,FALSE,1,1,FALSE,5,2013-03-03,2013-03-31,TRUE,1,2026-08-11 19:24:32.944 -0700
AEN,1175188,QUARTER TON TEEN,16,FALSE,1,1,FALSE,5,2024-04-22,2024-05-25,TRUE,1,2026-08-11 19:24:32.944 -0700
LMN,386943,MONSTER IN MY FAMILY,20,FALSE,2,2,FALSE,4,2017-01-03,2017-01-24,TRUE,1,2026-08-11 19:24:32.944 -0700
LMN,386943,MONSTER IN MY FAMILY,20,FALSE,1,1,FALSE,6,2015-07-01,2015-08-05,FALSE,1,2026-08-11 19:24:32.944 -0700
VICE,455598,DARK SIDE OF THE RING AC,24,FALSE,1,1,FALSE,5,2019-05-29,2019-06-26,TRUE,1,2026-08-11 19:24:32.944 -0700
AEN,1233507,PREDATOR HUNTERS,16,FALSE,1,1,FALSE,10,2026-03-05,2026-05-07,TRUE,1,2026-08-11 19:24:32.944 -0700
AEN,318199,PSYCHIC KIDS,12,FALSE,4,4,FALSE,8,2019-08-21,2019-09-29,TRUE,1,2026-08-11 19:24:32.944 -0700
AEN,318199,PSYCHIC KIDS,12,FALSE,3,3,FALSE,7,2010-10-17,2010-11-28,FALSE,1,2026-08-11 19:24:32.944 -0700
AEN,318199,PSYCHIC KIDS,12,FALSE,2,2,FALSE,8,2009-12-15,2010-02-02,FALSE,1,2026-08-11 19:24:32.944 -0700
AEN,318199,PSYCHIC KIDS,12,FALSE,1,1,FALSE,6,2008-06-16,2008-07-21,FALSE,1,2026-08-11 19:24:32.944 -0700
AEN,340736,BEYOND SCARED STRAIGHT,22,FALSE,9,9,FALSE,11,2015-06-25,2015-09-03,TRUE,1,2026-08-11 19:24:32.944 -0700
AEN,340736,BEYOND SCARED STRAIGHT,22,FALSE,8,8,FALSE,5,2014-12-04,2014-12-18,FALSE,1,2026-08-11 19:24:32.944 -0700
AEN,340736,BEYOND SCARED STRAIGHT,22,FALSE,7,7,FALSE,6,2014-06-26,2014-07-31,FALSE,1,2026-08-11 19:24:32.944 -0700
AEN,340736,BEYOND SCARED STRAIGHT,22,FALSE,6,6,FALSE,8,2014-02-28,2014-04-24,FALSE,1,2026-08-11 19:24:32.944 -0700
AEN,340736,BEYOND SCARED STRAIGHT,22,FALSE,5,5,FALSE,17,2013-05-30,2013-11-21,FALSE,1,2026-08-11 19:24:32.944 -0700
AEN,340736,BEYOND SCARED STRAIGHT,22,FALSE,4,4,FALSE,17,2012-08-20,2013-02-07,FALSE,1,2026-08-11 19:24:32.944 -0700
AEN,340736,BEYOND SCARED STRAIGHT,22,FALSE,3,3,FALSE,7,2011-12-08,2012-01-19,FALSE,1,2026-08-11 19:24:32.944 -0700
AEN,340736,BEYOND SCARED STRAIGHT,22,FALSE,2,2,FALSE,5,2011-08-18,2011-09-15,FALSE,1,2026-08-11 19:24:32.944 -0700
AEN,340736,BEYOND SCARED STRAIGHT,22,FALSE,1,1,FALSE,7,2011-01-13,2011-03-03,FALSE,1,2026-08-11 19:24:32.944 -0700
HIST,325420,LIFE AFTER PEOPLE,17,FALSE,3,3,FALSE,8,2025-07-14,2025-09-13,TRUE,1,2026-08-11 19:24:32.944 -0700
HIST,325420,LIFE AFTER PEOPLE,17,FALSE,2,2,FALSE,10,2010-01-05,2010-03-16,FALSE,1,2026-08-11 19:24:32.944 -0700
HIST,325420,LIFE AFTER PEOPLE,17,FALSE,1,1,FALSE,10,2009-04-21,2009-06-23,FALSE,1,2026-08-11 19:24:32.944 -0700
LIF,1180353,GYPSY ROSE: LIFE-LOCK UP,24,FALSE,2,2,FALSE,11,2025-03-10,2025-05-19,TRUE,1,2026-08-11 19:24:32.944 -0700
LIF,1180353,GYPSY ROSE: LIFE-LOCK UP,24,FALSE,1,1,FALSE,8,2024-06-03,2024-07-22,FALSE,1,2026-08-11 19:24:32.944 -0700
AEN,1064935,LAKEFRONT LUXURY,16,FALSE,5B,5,TRUE,28,2025-12-06,2026-03-28,TRUE,1,2026-08-11 19:24:32.944 -0700
AEN,1064935,LAKEFRONT LUXURY,16,FALSE,5,5,FALSE,12,2025-01-18,2025-02-22,FALSE,1,2026-08-11 19:24:32.944 -0700
AEN,1064935,LAKEFRONT LUXURY,16,FALSE,4B,4,TRUE,10,2024-06-15,2024-07-13,FALSE,1,2026-08-11 19:24:32.944 -0700
AEN,1064935,LAKEFRONT LUXURY,16,FALSE,4,4,FALSE,10,2024-02-24,2024-03-23,FALSE,1,2026-08-11 19:24:32.944 -0700
AEN,1064935,LAKEFRONT LUXURY,16,FALSE,3B,3,TRUE,12,2023-12-02,2024-01-06,FALSE,1,2026-08-11 19:24:32.944 -0700
AEN,1064935,LAKEFRONT LUXURY,16,FALSE,3,3,FALSE,8,2023-06-03,2023-06-24,FALSE,1,2026-08-11 19:24:32.944 -0700
AEN,1064935,LAKEFRONT LUXURY,16,FALSE,2,2,FALSE,10,2022-04-16,2022-05-21,FALSE,1,2026-08-11 19:24:32.944 -0700
LMN,405816,DEADLY SECRET:CHLD DOZIER,25,TRUE,1,1,FALSE,1,2016-06-03,2016-06-03,TRUE,1,2026-08-11 19:24:32.944 -0700
HIST,428105,PAWN STARS FL,13,FALSE,11B,11,TRUE,9,2017-07-16,2017-11-12,TRUE,1,2026-08-11 19:24:32.944 -0700
AEN,380235,GODFATHER OF PITTSBURGH,23,FALSE,1B,1,TRUE,2,2014-12-21,2014-12-21,TRUE,1,2026-08-11 19:24:32.944 -0700
AEN,380235,GODFATHER OF PITTSBURGH,23,FALSE,1,1,FALSE,7,2014-11-10,2014-12-14,FALSE,1,2026-08-11 19:24:32.944 -0700
HIST,329929,ANCIENT BEHAVING BADLY,22,FALSE,1,1,FALSE,3,2009-11-06,2009-11-20,TRUE,1,2026-08-11 19:24:32.944 -0700
HIST,1067805,THEODORE ROOSEVELT,18,FALSE,1,1,FALSE,2,2022-05-30,2022-05-31,TRUE,1,2026-08-11 19:24:32.944 -0700
FYI,376713,MARRIED AT FIRST SIGHT,22,FALSE,1,1,FALSE,10,2014-07-08,2014-09-09,TRUE,1,2026-08-11 19:24:32.944 -0700
AEN,446275,CULTS/EXTREME BELIEF SPCL,25,TRUE,1,1,FALSE,2,2018-07-15,2018-07-22,TRUE,1,2026-08-11 19:24:32.944 -0700
HIST,405121,ROOTS,5,FALSE,1,1,FALSE,4,2016-05-30,2016-06-02,TRUE,4,2026-08-11 19:24:32.944 -0700
FYI,1057735,SEMA LAUNCH PAD,15,FALSE,2022,2022,FALSE,1,2022-02-10,2022-02-10,TRUE,2,2026-08-11 19:24:32.944 -0700
AEN,398339,JEP & JESSICA,13,FALSE,2,2,FALSE,13,2017-02-22,2017-04-05,TRUE,1,2026-08-11 19:24:32.944 -0700
AEN,398339,JEP & JESSICA,13,FALSE,1,1,FALSE,13,2016-01-20,2016-08-24,FALSE,1,2026-08-11 19:24:32.944 -0700
HIST,368714,GREAT SANTINI BROTHERS,22,FALSE,1B,1,TRUE,4,2013-09-24,2013-09-27,TRUE,1,2026-08-11 19:24:32.944 -0700
HIST,368714,GREAT SANTINI BROTHERS,22,FALSE,1,1,FALSE,2,2013-09-15,2013-09-15,FALSE,1,2026-08-11 19:24:32.944 -0700
HIST,380619,ALASKA OFF-ROAD WARRIORS,24,FALSE,1,1,FALSE,8,2014-11-30,2015-01-18,TRUE,1,2026-08-11 19:24:32.944 -0700
AEN,1145527,BOOKED: FIRST DAY IN,20,FALSE,4,4,FALSE,8,2026-01-13,2026-03-03,TRUE,1,2026-08-11 19:24:32.944 -0700
AEN,1145527,BOOKED: FIRST DAY IN,20,FALSE,3,3,FALSE,10,2025-03-19,2025-05-21,FALSE,1,2026-08-11 19:24:32.944 -0700
AEN,1145527,BOOKED: FIRST DAY IN,20,FALSE,2,2,FALSE,14,2024-01-10,2024-04-10,FALSE,1,2026-08-11 19:24:32.944 -0700
AEN,1145527,BOOKED: FIRST DAY IN,20,FALSE,1,1,FALSE,16,2023-06-15,2023-09-28,FALSE,1,2026-08-11 19:24:32.944 -0700
HIST,391414,PIRATE TREASURE OF KNIGHT,25,TRUE,1,1,FALSE,6,2015-09-12,2015-09-26,TRUE,1,2026-08-11 19:24:32.944 -0700
LIF,400467,MOTHER/DAUGHTER EXPERIMEN,25,TRUE,1,1,FALSE,8,2016-03-01,2016-07-05,TRUE,1,2026-08-11 19:24:32.944 -0700
LIF,402847,DOCTOR FOSTER,13,FALSE,1,1,FALSE,3,2016-04-10,2016-04-24,TRUE,2,2026-08-11 19:24:32.944 -0700
VICE,1001880,"2020 PROJECT, THE",17,FALSE,1,1,FALSE,3,2020-01-14,2020-04-23,TRUE,1,2026-08-11 19:24:32.944 -0700
AEN,1214371,BETTING ON BELOIT,17,FALSE,1,1,FALSE,12,2025-07-12,2025-08-16,TRUE,1,2026-08-11 19:24:32.944 -0700
AEN,1020818,VOICES MAGNIFIED,16,FALSE,2021,2021,FALSE,2,2021-09-20,2021-11-21,TRUE,1,2026-08-11 19:24:32.944 -0700
AEN,1020818,VOICES MAGNIFIED,16,FALSE,2020,2020,FALSE,2,2020-08-30,2020-09-30,FALSE,1,2026-08-11 19:24:32.944 -0700
AEN,400705,DAMIEN,6,FALSE,1,1,FALSE,10,2016-03-07,2016-05-09,TRUE,1,2026-08-11 19:24:32.944 -0700
AEN,1135106,BUTCHERS OF THE BAYOU,21,FALSE,1,1,FALSE,4,2023-03-16,2023-03-17,TRUE,1,2026-08-11 19:24:32.944 -0700
VICE,457988,CRIMINAL GENIUS,15,FALSE,1,1,FALSE,8,2019-07-29,2019-08-26,TRUE,1,2026-08-11 19:24:32.944 -0700
VICE,1086408,DARK SIDE OF THE 90S RMX,24,FALSE,3,3,FALSE,7,2024-07-30,2024-08-27,TRUE,1,2026-08-11 19:24:32.944 -0700
VICE,1086408,DARK SIDE OF THE 90S RMX,24,FALSE,2,2,FALSE,8,2023-06-27,2023-07-18,FALSE,1,2026-08-11 19:24:32.944 -0700
VICE,1086408,DARK SIDE OF THE 90S RMX,24,FALSE,1,1,FALSE,5,2022-06-07,2022-06-14,FALSE,1,2026-08-11 19:24:32.944 -0700
FYI,445497,FOOD QUEST,10,FALSE,2,2,FALSE,8,2018-06-28,2018-10-04,TRUE,1,2026-08-11 19:24:32.944 -0700
LIF,416112,LITTLE WEDDINGS,15,FALSE,1,1,FALSE,2,2016-11-23,2016-11-30,TRUE,1,2026-08-11 19:24:32.944 -0700
LIF,391783,FASHIONABLY LATE RACHEL Z,25,TRUE,1,1,FALSE,8,2015-09-24,2015-11-12,TRUE,1,2026-08-11 19:24:32.944 -0700
AEN,319703,JACKED,6,FALSE,1,1,FALSE,13,2008-08-21,2008-10-30,TRUE,1,2026-08-11 19:24:32.944 -0700
HIST,445487,FISTFUL OF STEEL SPECIALS,25,TRUE,1,1,FALSE,1,2018-06-26,2018-06-26,TRUE,1,2026-08-11 19:24:32.944 -0700
AEN,1239209,LATE NIGHT LAW,14,FALSE,1,1,FALSE,10,2026-06-01,2026-08-03,TRUE,1,2026-08-11 19:24:32.944 -0700
HIST,355684,SHARK WRANGLERS,15,FALSE,1,1,FALSE,3,2012-07-01,2012-07-15,TRUE,1,2026-08-11 19:24:32.944 -0700
FYI,377715,"FEED, THE",9,FALSE,1,1,FALSE,6,2014-08-21,2014-09-18,TRUE,1,2026-08-11 19:24:32.944 -0700
AEN,1198774,FUGITIVE HUNTERS MEXICO,23,FALSE,1,1,FALSE,12,2025-01-02,2025-03-13,TRUE,1,2026-08-11 19:24:32.944 -0700
LIF,1077355,SLEEPING WITH A KILLER,22,FALSE,2,2,FALSE,26,2026-02-08,2026-03-27,TRUE,1,2026-08-11 19:24:32.944 -0700
LIF,1077355,SLEEPING WITH A KILLER,22,FALSE,1,1,FALSE,13,2022-06-06,2022-10-17,FALSE,1,2026-08-11 19:24:32.944 -0700
LIF,345570,DANCE MOMS,10,FALSE,8,8,FALSE,16,2019-06-04,2019-08-27,TRUE,1,2026-08-11 19:24:32.944 -0700
LIF,345570,DANCE MOMS,10,FALSE,7B,7,TRUE,13,2017-08-01,2017-10-24,FALSE,1,2026-08-11 19:24:32.944 -0700
LIF,345570,DANCE MOMS,10,FALSE,7,7,FALSE,14,2016-11-29,2017-02-21,FALSE,1,2026-08-11 19:24:32.944 -0700
LIF,345570,DANCE MOMS,10,FALSE,6B,6,TRUE,11,2016-09-06,2016-11-22,FALSE,1,2026-08-11 19:24:32.944 -0700
LIF,345570,DANCE MOMS,10,FALSE,6,6,FALSE,18,2016-01-05,2016-05-03,FALSE,1,2026-08-11 19:24:32.944 -0700
LIF,345570,DANCE MOMS,10,FALSE,5B,5,TRUE,10,2015-06-09,2015-08-11,FALSE,1,2026-08-11 19:24:32.944 -0700
LIF,345570,DANCE MOMS,10,FALSE,5,5,FALSE,18,2015-01-06,2015-05-05,FALSE,1,2026-08-11 19:24:32.944 -0700
LIF,345570,DANCE MOMS,10,FALSE,4B,4,TRUE,11,2014-07-29,2014-10-07,FALSE,1,2026-08-11 19:24:32.944 -0700
LIF,345570,DANCE MOMS,10,FALSE,4,4,FALSE,16,2014-01-01,2014-04-15,FALSE,1,2026-08-11 19:24:32.944 -0700
LIF,345570,DANCE MOMS,10,FALSE,3B,3,TRUE,13,2013-06-04,2013-09-10,FALSE,1,2026-08-11 19:24:32.944 -0700
LIF,345570,DANCE MOMS,10,FALSE,3,3,FALSE,18,2013-01-01,2013-04-30,FALSE,1,2026-08-11 19:24:32.944 -0700
LIF,345570,DANCE MOMS,10,FALSE,2B,2,TRUE,15,2012-06-05,2012-09-11,FALSE,1,2026-08-11 19:24:32.944 -0700
LIF,345570,DANCE MOMS,10,FALSE,2,2,FALSE,13,2012-01-10,2012-04-03,FALSE,1,2026-08-11 19:24:32.944 -0700
LIF,345570,DANCE MOMS,10,FALSE,1,1,FALSE,13,2011-07-13,2011-10-12,FALSE,1,2026-08-11 19:24:32.944 -0700
LIF,1006832,TIME IS NOW: RACE & RESOL,25,TRUE,2020,2020,FALSE,1,2020-06-08,2020-06-08,TRUE,6,2026-08-11 19:24:32.944 -0700
LIF,385425,HOARDERS: FAMILY SECRETS,24,FALSE,7,7,FALSE,10,2015-05-28,2015-07-30,TRUE,1,2026-08-11 19:24:32.944 -0700
HIST,226435,SPECIAL PRESENTATION,20,FALSE,2011,2011,FALSE,2,2011-05-30,2011-05-31,TRUE,1,2026-08-11 19:24:32.944 -0700
HIST,226435,SPECIAL PRESENTATION,20,FALSE,2010,2010,FALSE,7,2009-12-30,2010-07-06,FALSE,1,2026-08-11 19:24:32.944 -0700
HIST,226435,SPECIAL PRESENTATION,20,FALSE,2009,2009,FALSE,8,2009-01-04,2009-11-25,FALSE,1,2026-08-11 19:24:32.944 -0700
HIST,226435,SPECIAL PRESENTATION,20,FALSE,2008,2008,FALSE,7,2008-01-21,2008-11-29,FALSE,1,2026-08-11 19:24:32.944 -0700
HIST,226435,SPECIAL PRESENTATION,20,FALSE,1,1,FALSE,18,2007-09-04,2009-11-19,FALSE,1,2026-08-11 19:24:32.944 -0700
HIST,226435,SPECIAL PRESENTATION,20,FALSE,2007,2007,FALSE,4,2007-06-25,2007-10-08,FALSE,1,2026-08-11 19:24:32.944 -0700
LIF,1056716,MY KILLER BODY K MICHELLE,25,TRUE,1,1,FALSE,8,2022-01-28,2022-03-10,TRUE,1,2026-08-11 19:24:32.944 -0700
HIST,277747,HARDCORE HISTORY,16,FALSE,3,3,FALSE,2,2009-10-29,2011-10-25,TRUE,1,2026-08-11 19:24:32.944 -0700
HIST,277747,HARDCORE HISTORY,16,FALSE,1,1,FALSE,22,2009-06-18,2012-09-27,FALSE,1,2026-08-11 19:24:32.944 -0700
HIST,277747,HARDCORE HISTORY,16,FALSE,2009,2009,FALSE,3,2009-03-24,2009-09-24,FALSE,1,2026-08-11 19:24:32.944 -0700
HIST,277747,HARDCORE HISTORY,16,FALSE,2008,2008,FALSE,2,2008-12-04,2008-12-19,FALSE,1,2026-08-11 19:24:32.944 -0700
HIST,277747,HARDCORE HISTORY,16,FALSE,4,4,FALSE,4,2007-10-15,2012-05-01,FALSE,1,2026-08-11 19:24:32.944 -0700
HIST,277747,HARDCORE HISTORY,16,FALSE,2,2,FALSE,10,2007-07-05,2011-04-26,FALSE,1,2026-08-11 19:24:32.944 -0700
HIST,277747,HARDCORE HISTORY,16,FALSE,2007,2007,FALSE,6,2007-06-25,2007-12-21,FALSE,1,2026-08-11 19:24:32.944 -0700
LIF,388288,DANCE MOMS THROWBACK,20,FALSE,1,1,FALSE,5,2015-07-21,2015-08-18,TRUE,1,2026-08-11 19:24:32.944 -0700
LIF,446114,SEATBELT PSYCHIC,16,FALSE,1,1,FALSE,8,2018-07-11,2018-08-01,TRUE,1,2026-08-11 19:24:32.944 -0700
LIF,377912,GIRLFRIEND INTERVENTION,23,FALSE,1,1,FALSE,8,2014-08-27,2014-10-15,TRUE,1,2026-08-11 19:24:32.944 -0700
LIF,401778,MY CRAZY EX,11,FALSE,3,3,FALSE,5,2016-06-30,2016-07-28,TRUE,2,2026-08-11 19:24:32.944 -0700
LIF,356588,BTH: OFFICER & A MURDERER,25,TRUE,2012,2012,FALSE,1,2012-07-21,2012-07-21,TRUE,1,2026-08-11 19:24:32.944 -0700
VICE,1172661,ICONS UNEARTHED: BATMAN,23,FALSE,1,1,FALSE,6,2024-03-20,2024-04-24,TRUE,1,2026-08-11 19:24:32.944 -0700
AEN,1215544,1000 WAYS TO DINE,17,FALSE,1,1,FALSE,8,2025-08-03,2025-08-10,TRUE,2,2026-08-11 19:24:32.944 -0700
AEN,383780,NEIGHBORS WITH BENEFITS,23,FALSE,1,1,FALSE,2,2015-03-22,2015-03-29,TRUE,1,2026-08-11 19:24:32.944 -0700
VICE,1238911,PFL CUTDOWNS,12,FALSE,1,1,FALSE,7,2026-05-16,2026-07-17,TRUE,1,2026-08-11 19:24:32.944 -0700
AEN,1067262,INTERROGATION RAW,17,FALSE,5,5,FALSE,8,2026-05-14,2026-07-02,TRUE,1,2026-08-11 19:24:32.944 -0700
AEN,1067262,INTERROGATION RAW,17,FALSE,4,4,FALSE,15,2025-09-04,2025-12-18,FALSE,1,2026-08-11 19:24:32.944 -0700
AEN,1067262,INTERROGATION RAW,17,FALSE,3,3,FALSE,6,2024-11-07,2024-12-19,FALSE,1,2026-08-11 19:24:32.944 -0700
AEN,1067262,INTERROGATION RAW,17,FALSE,2B,2,TRUE,8,2024-04-04,2024-05-23,FALSE,1,2026-08-11 19:24:32.944 -0700
AEN,1067262,INTERROGATION RAW,17,FALSE,2,2,FALSE,13,2023-09-21,2023-12-21,FALSE,1,2026-08-11 19:24:32.944 -0700
AEN,1067262,INTERROGATION RAW,17,FALSE,1B,1,TRUE,9,2022-11-03,2023-01-05,FALSE,1,2026-08-11 19:24:32.944 -0700
AEN,1067262,INTERROGATION RAW,17,FALSE,1,1,FALSE,10,2022-05-19,2022-07-28,FALSE,1,2026-08-11 19:24:32.944 -0700
HIST,453524,TOYMAKERZ,9,FALSE,3,3,FALSE,8,2019-03-10,2019-04-28,TRUE,1,2026-08-11 19:24:32.944 -0700
HIST,423072,ANCIENT TOP 10,14,FALSE,1B,1,TRUE,7,2017-09-08,2017-09-15,TRUE,1,2026-08-11 19:24:32.944 -0700
HIST,423072,ANCIENT TOP 10,14,FALSE,1,1,FALSE,3,2017-04-07,2017-04-07,FALSE,1,2026-08-11 19:24:32.944 -0700
HIST,297026,REEL TO REAL,12,FALSE,3,3,FALSE,1,2008-10-02,2008-10-02,TRUE,1,2026-08-11 19:24:32.944 -0700
AEN,386267,AMERICAN TAKEDOWN,17,FALSE,1,1,FALSE,6,2015-06-25,2015-07-30,TRUE,1,2026-08-11 19:24:32.944 -0700
HIST,1058028,I WAS THERE,11,FALSE,1,1,FALSE,12,2022-02-20,2022-05-09,TRUE,1,2026-08-11 19:24:32.944 -0700
VICE,400427,VICE GUIDE TO FILM,18,FALSE,1,1,FALSE,11,2016-09-10,2017-02-05,TRUE,1,2026-08-11 19:24:32.944 -0700
AEN,446106,BORN BEHIND BARS,16,FALSE,1,1,FALSE,10,2018-07-10,2018-08-26,TRUE,1,2026-08-11 19:24:32.944 -0700
VICE,1003462,VICE QUARANTINE HOUR,20,FALSE,1,1,FALSE,20,2020-04-06,2020-05-01,TRUE,1,2026-08-11 19:24:32.944 -0700
AEN,339243,"HASSELHOFFS, THE",16,FALSE,1,1,FALSE,2,2010-12-05,2010-12-05,TRUE,1,2026-08-11 19:24:32.944 -0700
FYI,1006847,TIME IS NOW: RACE & RESOL,25,TRUE,2020,2020,FALSE,1,2020-06-08,2020-06-08,TRUE,6,2026-08-11 19:24:32.944 -0700
AEN,430008,MURDER OF LACI PETERSON,23,FALSE,1,1,FALSE,6,2017-08-15,2017-09-19,TRUE,1,2026-08-11 19:24:32.944 -0700
AEN,1077117,BOBBY BROWN: EVERY LITTLE,25,TRUE,1,1,FALSE,12,2022-05-31,2022-07-12,TRUE,1,2026-08-11 19:24:32.944 -0700
AEN,1206481,ACCUSED: DID I DO IT,20,FALSE,1,1,FALSE,10,2025-03-27,2025-05-29,TRUE,1,2026-08-11 19:24:32.944 -0700
AEN,1180998,FIND MY COUNTRY HOUSE,21,FALSE,2,2,FALSE,4,2024-10-06,2024-10-13,TRUE,2,2026-08-11 19:24:32.944 -0700
AEN,1180998,FIND MY COUNTRY HOUSE,21,FALSE,1,1,FALSE,10,2024-06-15,2024-07-13,FALSE,2,2026-08-11 19:24:32.944 -0700
VICE,1201459,BRADY VS BELICHICK,18,FALSE,1,1,FALSE,3,2025-01-21,2025-02-04,TRUE,1,2026-08-11 19:24:32.944 -0700
LIF,445203,LIVE PD:WOMEN ON PATROL,23,FALSE,1,1,FALSE,34,2018-06-18,2018-11-05,TRUE,1,2026-08-11 19:24:32.944 -0700
AEN,1139742,ROAD WARS SPECIAL,17,FALSE,6,6,FALSE,5,2025-11-04,2025-12-23,TRUE,1,2026-08-11 19:24:32.944 -0700
AEN,1139742,ROAD WARS SPECIAL,17,FALSE,5,5,FALSE,2,2025-07-29,2025-08-19,FALSE,1,2026-08-11 19:24:32.944 -0700
AEN,1139742,ROAD WARS SPECIAL,17,FALSE,4,4,FALSE,2,2024-12-17,2024-12-17,FALSE,1,2026-08-11 19:24:32.944 -0700
AEN,1139742,ROAD WARS SPECIAL,17,FALSE,3,3,FALSE,3,2023-12-26,2024-02-06,FALSE,1,2026-08-11 19:24:32.944 -0700
AEN,1139742,ROAD WARS SPECIAL,17,FALSE,2,2,FALSE,2,2023-05-02,2023-05-09,FALSE,1,2026-08-11 19:24:32.944 -0700
LIF,425683,LWATL: MONIE GETS MARRIED,25,TRUE,1,1,FALSE,4,2017-06-07,2017-06-28,TRUE,1,2026-08-11 19:24:32.944 -0700
AEN,423588,LA BURNING,10,FALSE,2017,2017,FALSE,1,2017-04-18,2017-04-18,TRUE,1,2026-08-11 19:24:32.944 -0700
FYI,376714,TINY HOUSE NATION,17,FALSE,4B,4,TRUE,5,2017-06-10,2017-07-08,TRUE,2,2026-08-11 19:24:32.944 -0700
FYI,376714,TINY HOUSE NATION,17,FALSE,4,4,FALSE,12,2017-01-07,2017-03-25,FALSE,2,2026-08-11 19:24:32.944 -0700
FYI,376714,TINY HOUSE NATION,17,FALSE,3,3,FALSE,21,2016-03-26,2016-10-15,FALSE,2,2026-08-11 19:24:32.944 -0700
FYI,376714,TINY HOUSE NATION,17,FALSE,2,2,FALSE,18,2014-12-22,2015-08-29,FALSE,2,2026-08-11 19:24:32.944 -0700
FYI,376714,TINY HOUSE NATION,17,FALSE,1,1,FALSE,8,2014-07-09,2014-09-10,FALSE,2,2026-08-11 19:24:32.944 -0700
VICE,1241618,NATIONAL HU POKER CHAMP,23,FALSE,2,2,FALSE,2,2026-08-02,2026-08-02,TRUE,1,2026-08-11 19:24:32.944 -0700
VICE,1241618,NATIONAL HU POKER CHAMP,23,FALSE,1,1,FALSE,10,2026-06-27,2026-07-26,FALSE,1,2026-08-11 19:24:32.944 -0700
AEN,1194709,COLD CASE FILES: GRIM SLE,25,TRUE,1,1,FALSE,2,2024-11-08,2024-11-08,TRUE,1,2026-08-11 19:24:32.944 -0700
HIST,451906,XTREME OFF-ROAD,15,FALSE,1,1,FALSE,35,2019-01-13,2019-11-24,TRUE,1,2026-08-11 19:24:32.944 -0700
AEN,336152,FLIPPING VEGAS,14,FALSE,5,5,FALSE,8,2014-08-09,2014-09-27,TRUE,1,2026-08-11 19:24:32.944 -0700
AEN,336152,FLIPPING VEGAS,14,FALSE,4,4,FALSE,7,2014-03-01,2014-04-12,FALSE,1,2026-08-11 19:24:32.944 -0700
AEN,336152,FLIPPING VEGAS,14,FALSE,3,3,FALSE,8,2013-11-02,2013-12-14,FALSE,1,2026-08-11 19:24:32.944 -0700
AEN,336152,FLIPPING VEGAS,14,FALSE,2B,2,TRUE,2,2013-02-09,2013-02-16,FALSE,1,2026-08-11 19:24:32.944 -0700
AEN,336152,FLIPPING VEGAS,14,FALSE,2,2,FALSE,8,2012-12-08,2013-02-02,FALSE,1,2026-08-11 19:24:32.944 -0700
AEN,336152,FLIPPING VEGAS,14,FALSE,1,1,FALSE,8,2010-08-21,2011-07-30,FALSE,1,2026-08-11 19:24:32.944 -0700
HIST,335828,STAN LEES SUPERHUMANS,21,FALSE,2,2,FALSE,2,2011-10-27,2011-11-03,TRUE,1,2026-08-11 19:24:32.944 -0700
HIST,335828,STAN LEES SUPERHUMANS,21,FALSE,1,1,FALSE,8,2010-08-05,2010-09-30,FALSE,1,2026-08-11 19:24:32.944 -0700
LIF,309306,ARMY WIVES,10,FALSE,7,7,FALSE,13,2013-03-10,2013-06-09,TRUE,1,2026-08-11 19:24:32.944 -0700
LIF,309306,ARMY WIVES,10,FALSE,6B,6,TRUE,10,2012-06-24,2012-09-09,FALSE,1,2026-08-11 19:24:32.944 -0700
LIF,309306,ARMY WIVES,10,FALSE,6,6,FALSE,12,2012-03-04,2012-05-20,FALSE,1,2026-08-11 19:24:32.944 -0700
LIF,309306,ARMY WIVES,10,FALSE,5,5,FALSE,13,2011-03-06,2011-06-12,FALSE,1,2026-08-11 19:24:32.944 -0700
LIF,309306,ARMY WIVES,10,FALSE,4,4,FALSE,18,2010-04-11,2010-08-22,FALSE,1,2026-08-11 19:24:32.944 -0700
LIF,309306,ARMY WIVES,10,FALSE,3,3,FALSE,18,2009-06-07,2009-10-11,FALSE,1,2026-08-11 19:24:32.944 -0700
LIF,309306,ARMY WIVES,10,FALSE,2,2,FALSE,19,2008-06-08,2008-11-02,FALSE,1,2026-08-11 19:24:32.944 -0700
LIF,309306,ARMY WIVES,10,FALSE,1,1,FALSE,9,2007-07-01,2007-08-26,FALSE,1,2026-08-11 19:24:32.944 -0700
LIF,1133970,MAFS: UK,8,FALSE,7,7,FALSE,23,2023-02-23,2023-05-24,TRUE,1,2026-08-11 19:24:32.944 -0700
AEN,223935,THE A&E MOVIE,13,FALSE,2018,2018,FALSE,1,2018-12-23,2018-12-23,TRUE,1,2026-08-11 19:24:32.944 -0700
VICE,452725,HUSTLE,6,FALSE,1,1,FALSE,8,2019-02-10,2019-03-31,TRUE,1,2026-08-11 19:24:32.944 -0700
AEN,445208,UNTOLD STORY OF THE 90S,23,FALSE,2018,2018,FALSE,1,2018-06-18,2018-06-18,TRUE,1,2026-08-11 19:24:32.944 -0700
AEN,417191,CRITICS CHOICE SPECIALS,23,FALSE,2016,2016,FALSE,1,2016-12-11,2016-12-11,TRUE,1,2026-08-11 19:24:32.944 -0700
LIF,429047,DATE NIGHT LIVE SHORT,21,FALSE,1,1,FALSE,1,2017-08-01,2017-08-01,TRUE,1,2026-08-11 19:24:32.944 -0700
HIST,382489,MISSISSIPPI MEN,15,FALSE,1,1,FALSE,5,2015-01-28,2015-02-25,TRUE,1,2026-08-11 19:24:32.944 -0700
AEN,1055245,BTK: CONFESSIONS SRL KLLR,25,TRUE,1,1,FALSE,4,2022-01-08,2022-01-09,TRUE,1,2026-08-11 19:24:32.944 -0700
VICE,442963,"ICE CREAM SHOW, THE",19,FALSE,1,1,FALSE,10,2018-04-24,2018-06-26,TRUE,1,2026-08-11 19:24:32.944 -0700
FYI,388297,RUSTYS ROCKFEAST,16,FALSE,1,1,FALSE,7,2015-07-23,2015-08-13,TRUE,1,2026-08-11 19:24:32.944 -0700
AEN,339215,STORAGE WARS,12,FALSE,20,20,FALSE,19,2026-02-28,2026-07-18,TRUE,1,2026-08-11 19:24:32.944 -0700
AEN,339215,STORAGE WARS,12,FALSE,19,19,FALSE,10,2025-06-07,2025-08-16,FALSE,1,2026-08-11 19:24:32.944 -0700
AEN,339215,STORAGE WARS,12,FALSE,18,18,FALSE,24,2023-06-06,2023-08-15,FALSE,1,2026-08-11 19:24:32.944 -0700
AEN,339215,STORAGE WARS,12,FALSE,17,17,FALSE,14,2022-03-08,2022-04-19,FALSE,1,2026-08-11 19:24:32.944 -0700
AEN,339215,STORAGE WARS,12,FALSE,16,16,FALSE,22,2021-11-02,2022-01-18,FALSE,1,2026-08-11 19:24:32.944 -0700
AEN,339215,STORAGE WARS,12,FALSE,15,15,FALSE,10,2021-04-20,2021-05-25,FALSE,1,2026-08-11 19:24:32.944 -0700
AEN,339215,STORAGE WARS,12,FALSE,14,14,FALSE,16,2018-11-07,2019-01-30,FALSE,1,2026-08-11 19:24:32.944 -0700
AEN,339215,STORAGE WARS,12,FALSE,13,13,FALSE,29,2017-11-08,2018-03-28,FALSE,1,2026-08-11 19:24:32.944 -0700
AEN,339215,STORAGE WARS,12,FALSE,12,12,FALSE,25,2017-04-12,2017-08-02,FALSE,1,2026-08-11 19:24:32.944 -0700
AEN,339215,STORAGE WARS,12,FALSE,11,11,FALSE,15,2016-04-05,2016-05-24,FALSE,1,2026-08-11 19:24:32.944 -0700
AEN,339215,STORAGE WARS,12,FALSE,10,10,FALSE,14,2015-10-06,2015-11-24,FALSE,1,2026-08-11 19:24:32.944 -0700
AEN,339215,STORAGE WARS,12,FALSE,9,9,FALSE,6,2015-07-21,2015-08-25,FALSE,1,2026-08-11 19:24:32.944 -0700
AEN,339215,STORAGE WARS,12,FALSE,8,8,FALSE,13,2015-04-01,2015-05-20,FALSE,1,2026-08-11 19:24:32.944 -0700
AEN,339215,STORAGE WARS,12,FALSE,7,7,FALSE,10,2015-01-06,2015-03-03,FALSE,1,2026-08-11 19:24:32.944 -0700
AEN,339215,STORAGE WARS,12,FALSE,6,6,FALSE,8,2014-11-11,2014-12-16,FALSE,1,2026-08-11 19:24:32.944 -0700
AEN,339215,STORAGE WARS,12,FALSE,5B,5,TRUE,19,2014-06-03,2014-09-30,FALSE,1,2026-08-11 19:24:32.944 -0700
AEN,339215,STORAGE WARS,12,FALSE,5,5,FALSE,10,2014-03-18,2014-04-29,FALSE,1,2026-08-11 19:24:32.944 -0700
AEN,339215,STORAGE WARS,12,FALSE,4,4,FALSE,22,2013-04-16,2013-07-02,FALSE,1,2026-08-11 19:24:32.944 -0700
AEN,339215,STORAGE WARS,12,FALSE,3C,3,TRUE,4,2013-03-18,2013-03-25,FALSE,1,2026-08-11 19:24:32.944 -0700
AEN,339215,STORAGE WARS,12,FALSE,3B,3,TRUE,6,2012-12-04,2012-12-18,FALSE,1,2026-08-11 19:24:32.944 -0700
AEN,339215,STORAGE WARS,12,FALSE,3A,3,TRUE,20,2012-06-05,2012-08-28,FALSE,1,2026-08-11 19:24:32.944 -0700
AEN,339215,STORAGE WARS,12,FALSE,2,2,FALSE,33,2011-07-20,2012-03-04,FALSE,1,2026-08-11 19:24:32.944 -0700
AEN,339215,STORAGE WARS,12,FALSE,1,1,FALSE,19,2010-12-01,2011-04-20,FALSE,1,2026-08-11 19:24:32.944 -0700
VICE,1003465,SHELTER IN PLACE W/ SHANE,25,TRUE,1,1,FALSE,14,2020-04-09,2020-06-25,TRUE,1,2026-08-11 19:24:32.944 -0700
AEN,460139,LIVE PD: WANTED,15,FALSE,2,2,FALSE,11,2020-02-27,2020-05-08,TRUE,1,2026-08-11 19:24:32.944 -0700
AEN,460139,LIVE PD: WANTED,15,FALSE,1,1,FALSE,10,2019-10-17,2019-12-26,FALSE,1,2026-08-11 19:24:32.944 -0700
LIF,419174,RAP GAME SHORT,14,FALSE,2019,2019,FALSE,10,2019-01-10,2019-03-07,TRUE,1,2026-08-11 19:24:32.944 -0700
VICE,1099412,TALES FROM TERRITORIES,22,FALSE,1,1,FALSE,10,2022-10-04,2022-12-06,TRUE,1,2026-08-11 19:24:32.944 -0700
HIST,455608,"BUTCHER, THE",12,FALSE,1,1,FALSE,6,2019-05-22,2019-06-26,TRUE,1,2026-08-11 19:24:32.944 -0700
AEN,1090223,WWE SMACK TALK,14,FALSE,1,1,FALSE,8,2022-07-10,2022-09-04,TRUE,1,2026-08-11 19:24:32.944 -0700
FYI,446482,"MOST DELISH, THE",16,FALSE,1,1,FALSE,1,2018-07-26,2018-07-26,TRUE,1,2026-08-11 19:24:32.944 -0700
AEN,287621,DOG THE BOUNTY HUNTER,21,FALSE,8,8,FALSE,23,2012-01-04,2012-06-23,TRUE,1,2026-08-11 19:24:32.944 -0700
AEN,287621,DOG THE BOUNTY HUNTER,21,FALSE,7,7,FALSE,21,2010-10-06,2011-04-06,FALSE,1,2026-08-11 19:24:32.944 -0700
AEN,287621,DOG THE BOUNTY HUNTER,21,FALSE,6,6,FALSE,24,2009-12-02,2010-08-11,FALSE,1,2026-08-11 19:24:32.944 -0700
AEN,287621,DOG THE BOUNTY HUNTER,21,FALSE,5,5,FALSE,22,2009-02-04,2009-09-09,FALSE,1,2026-08-11 19:24:32.944 -0700
AEN,287621,DOG THE BOUNTY HUNTER,21,FALSE,4,4,FALSE,27,2007-06-26,2008-10-29,FALSE,1,2026-08-11 19:24:32.944 -0700
AEN,430756,BIGGIE: THE LIFE OF,19,FALSE,2017,2017,FALSE,1,2017-09-04,2017-09-04,TRUE,1,2026-08-11 19:24:32.944 -0700
FYI,393542,MARRIED LIFE: FY SHORT,22,FALSE,3,3,FALSE,11,2017-01-03,2017-05-16,TRUE,1,2026-08-11 19:24:32.944 -0700
FYI,393542,MARRIED LIFE: FY SHORT,22,FALSE,2,2,FALSE,8,2016-05-17,2016-10-25,FALSE,1,2026-08-11 19:24:32.944 -0700
FYI,393542,MARRIED LIFE: FY SHORT,22,FALSE,1,1,FALSE,6,2015-10-19,2015-12-25,FALSE,1,2026-08-11 19:24:32.944 -0700
AEN,373841,BARRYD TREASURE,15,FALSE,1,1,FALSE,8,2014-03-18,2014-05-06,TRUE,1,2026-08-11 19:24:32.944 -0700
VICE,458787,AFTER THE APOCALYPSE,20,FALSE,1,1,FALSE,8,2019-09-02,2019-09-16,TRUE,1,2026-08-11 19:24:32.944 -0700
LIF,420778,24 TO LIFE,10,FALSE,2,2,FALSE,3,2018-10-01,2018-10-15,TRUE,2,2026-08-11 19:24:32.944 -0700
LIF,1038276,MAFS: UNMATCHABLES,18,FALSE,1,1,FALSE,8,2021-04-21,2021-06-02,TRUE,1,2026-08-11 19:24:32.944 -0700
VICE,431005,EPICLY LATERD,13,FALSE,1,1,FALSE,8,2017-09-06,2017-10-25,TRUE,1,2026-08-11 19:24:32.944 -0700
VICE,1028713,HOME FOR HOLIDAYS VICE,22,FALSE,2,2,FALSE,4,2021-11-29,2021-12-13,TRUE,1,2026-08-11 19:24:32.944 -0700
VICE,1028713,HOME FOR HOLIDAYS VICE,22,FALSE,1,1,FALSE,16,2020-11-27,2020-12-23,FALSE,1,2026-08-11 19:24:32.944 -0700
AEN,342107,BREAKOUT KINGS,14,FALSE,2,2,FALSE,9,2012-03-04,2012-04-29,TRUE,1,2026-08-11 19:24:32.944 -0700
AEN,342107,BREAKOUT KINGS,14,FALSE,1,1,FALSE,13,2011-03-06,2011-05-30,FALSE,1,2026-08-11 19:24:32.944 -0700
LMN,1006848,TIME IS NOW: RACE & RESOL,25,TRUE,2020,2020,FALSE,1,2020-06-08,2020-06-08,TRUE,6,2026-08-11 19:24:32.944 -0700
AEN,310228,SWAT,4,FALSE,3,3,FALSE,10,2007-07-12,2007-09-20,TRUE,1,2026-08-11 19:24:32.944 -0700
FYI,376715,ROWHOUSE SHOWDOWN,17,FALSE,1,1,FALSE,10,2014-07-09,2014-09-10,TRUE,1,2026-08-11 19:24:32.944 -0700
LIF,398378,WAR & PEACE,11,FALSE,1,1,FALSE,4,2016-01-18,2016-02-08,TRUE,3,2026-08-11 19:24:32.944 -0700
AEN,1153319,SECRETS OF PENTHOUSE,20,FALSE,1,1,FALSE,4,2023-09-04,2023-09-05,TRUE,1,2026-08-11 19:24:32.944 -0700
HIST,443980,TRUCK NIGHT SPECIALS,20,FALSE,2,2,FALSE,1,2019-03-28,2019-03-28,TRUE,1,2026-08-11 19:24:32.944 -0700
HIST,443980,TRUCK NIGHT SPECIALS,20,FALSE,1B,1,TRUE,2,2018-11-10,2018-11-11,FALSE,1,2026-08-11 19:24:32.944 -0700
HIST,443980,TRUCK NIGHT SPECIALS,20,FALSE,1,1,FALSE,1,2018-05-17,2018-05-17,FALSE,1,2026-08-11 19:24:32.944 -0700
HIST,1001896,KINGS OF PAIN SPECIAL,21,FALSE,1,1,FALSE,1,2020-01-14,2020-01-14,TRUE,1,2026-08-11 19:24:32.944 -0700
AEN,234244,CITY CONFIDENTIAL,17,FALSE,12B,12,TRUE,3,2025-08-08,2025-08-08,TRUE,1,2026-08-11 19:24:32.944 -0700
AEN,234244,CITY CONFIDENTIAL,17,FALSE,12,12,FALSE,8,2025-06-06,2025-08-01,FALSE,1,2026-08-11 19:24:32.944 -0700
AEN,234244,CITY CONFIDENTIAL,17,FALSE,11,11,FALSE,10,2023-03-23,2023-05-25,FALSE,1,2026-08-11 19:24:32.944 -0700
AEN,234244,CITY CONFIDENTIAL,17,FALSE,10,10,FALSE,8,2021-10-28,2021-12-23,FALSE,1,2026-08-11 19:24:32.944 -0700
AEN,408925,BLACK AND WHITE,15,FALSE,1,1,FALSE,3,2016-07-27,2016-08-10,TRUE,1,2026-08-11 19:24:32.944 -0700
HIST,341383,ONLY IN AMERICA,15,FALSE,3,3,FALSE,16,2013-05-08,2013-08-28,TRUE,1,2026-08-11 19:24:32.944 -0700
HIST,341383,ONLY IN AMERICA,15,FALSE,2,2,FALSE,13,2012-01-11,2012-04-04,FALSE,1,2026-08-11 19:24:32.944 -0700
HIST,341383,ONLY IN AMERICA,15,FALSE,1,1,FALSE,21,2011-02-08,2011-07-12,FALSE,1,2026-08-11 19:24:32.944 -0700
LIF,353792,"CONVERSATION, THE",17,FALSE,1,1,FALSE,8,2012-04-26,2012-06-21,TRUE,1,2026-08-11 19:24:32.944 -0700
LIF,369316,WITCHES OF EAST END,19,FALSE,2,2,FALSE,13,2014-07-06,2014-10-05,TRUE,1,2026-08-11 19:24:32.944 -0700
LIF,369316,WITCHES OF EAST END,19,FALSE,1,1,FALSE,10,2013-10-06,2013-12-15,FALSE,1,2026-08-11 19:24:32.944 -0700
LMN,368880,KILLER PROFILE,14,FALSE,1,1,FALSE,6,2013-10-13,2013-11-17,TRUE,1,2026-08-11 19:24:32.944 -0700
AEN,1194714,BIG RV REMIX WF,15,FALSE,1,1,FALSE,10,2024-11-09,2025-01-19,TRUE,1,2026-08-11 19:24:32.944 -0700
AEN,434009,"ELEVEN, THE",11,FALSE,1,1,FALSE,6,2017-10-19,2017-11-16,TRUE,1,2026-08-11 19:24:32.944 -0700
FYI,1026662,BARRETT JACKSON LIVE,20,FALSE,2026C,2026,TRUE,7,2026-06-25,2026-06-26,TRUE,2,2026-08-11 19:24:32.944 -0700
FYI,1026662,BARRETT JACKSON LIVE,20,FALSE,2026B,2026,TRUE,8,2026-04-16,2026-04-17,FALSE,2,2026-08-11 19:24:32.944 -0700
FYI,1026662,BARRETT JACKSON LIVE,20,FALSE,2026,2026,FALSE,12,2026-01-20,2026-01-23,FALSE,2,2026-08-11 19:24:32.944 -0700
FYI,1026662,BARRETT JACKSON LIVE,20,FALSE,2025C,2025,TRUE,6,2025-10-16,2025-10-17,FALSE,2,2026-08-11 19:24:32.944 -0700
FYI,1026662,BARRETT JACKSON LIVE,20,FALSE,2025B,2025,TRUE,7,2025-04-24,2025-04-25,FALSE,2,2026-08-11 19:24:32.944 -0700
FYI,1026662,BARRETT JACKSON LIVE,20,FALSE,2025,2025,FALSE,11,2025-01-21,2025-01-24,FALSE,2,2026-08-11 19:24:32.944 -0700
FYI,1026662,BARRETT JACKSON LIVE,20,FALSE,2024C,2024,TRUE,6,2024-10-10,2024-10-11,FALSE,2,2026-08-11 19:24:32.944 -0700
FYI,1026662,BARRETT JACKSON LIVE,20,FALSE,2024B,2024,TRUE,7,2024-04-18,2024-04-19,FALSE,2,2026-08-11 19:24:32.944 -0700
FYI,1026662,BARRETT JACKSON LIVE,20,FALSE,2024,2024,FALSE,14,2024-01-23,2024-01-27,FALSE,2,2026-08-11 19:24:32.944 -0700
FYI,1026662,BARRETT JACKSON LIVE,20,FALSE,2023D,2023,TRUE,3,2023-09-29,2023-09-29,FALSE,2,2026-08-11 19:24:32.944 -0700
FYI,1026662,BARRETT JACKSON LIVE,20,FALSE,2023C,2023,TRUE,7,2023-06-22,2023-06-23,FALSE,2,2026-08-11 19:24:32.944 -0700
FYI,1026662,BARRETT JACKSON LIVE,20,FALSE,2023B,2023,TRUE,7,2023-04-13,2023-04-14,FALSE,2,2026-08-11 19:24:32.944 -0700
FYI,1026662,BARRETT JACKSON LIVE,20,FALSE,2023,2023,FALSE,16,2023-01-23,2023-01-28,FALSE,2,2026-08-11 19:24:32.944 -0700
FYI,1026662,BARRETT JACKSON LIVE,20,FALSE,2022D,2022,TRUE,6,2022-10-20,2022-10-22,FALSE,2,2026-08-11 19:24:32.944 -0700
FYI,1026662,BARRETT JACKSON LIVE,20,FALSE,2022C,2022,TRUE,9,2022-06-30,2022-07-02,FALSE,2,2026-08-11 19:24:32.944 -0700
FYI,1026662,BARRETT JACKSON LIVE,20,FALSE,2022B,2022,TRUE,8,2022-04-07,2022-04-09,FALSE,2,2026-08-11 19:24:32.944 -0700
FYI,1026662,BARRETT JACKSON LIVE,20,FALSE,2022,2022,FALSE,15,2022-01-24,2022-01-29,FALSE,2,2026-08-11 19:24:32.944 -0700
FYI,1026662,BARRETT JACKSON LIVE,20,FALSE,2021 C,2021,TRUE,7,2021-09-16,2021-09-18,FALSE,2,2026-08-11 19:24:32.944 -0700
FYI,1026662,BARRETT JACKSON LIVE,20,FALSE,2021 B,2021,TRUE,10,2021-06-17,2021-06-19,FALSE,2,2026-08-11 19:24:32.944 -0700
FYI,1026662,BARRETT JACKSON LIVE,20,FALSE,2021,2021,FALSE,12,2021-03-24,2021-03-27,FALSE,2,2026-08-11 19:24:32.944 -0700
FYI,1026662,BARRETT JACKSON LIVE,20,FALSE,2020,2020,FALSE,7,2020-10-22,2020-10-23,FALSE,2,2026-08-11 19:24:32.944 -0700
HIST,359168,MEN WHO BUILT AMERICA,21,FALSE,1,1,FALSE,4,2012-10-16,2012-11-11,TRUE,1,2026-08-11 19:24:32.944 -0700
FYI,439316,ROMANCING THE PAN,17,FALSE,1,1,FALSE,6,2018-01-20,2018-02-24,TRUE,1,2026-08-11 19:24:32.944 -0700
AEN,1223394,MURDER ON TRIAL,15,FALSE,1,1,FALSE,5,2025-10-31,2025-11-21,TRUE,1,2026-08-11 19:24:32.944 -0700
LIF,360544,PRANK MY KID,12,FALSE,1,1,FALSE,1,2012-11-13,2012-11-13,TRUE,1,2026-08-11 19:24:32.944 -0700
HIST,360401,MANKIND STORY OF US,19,FALSE,1,1,FALSE,6,2012-11-13,2012-12-18,TRUE,1,2026-08-11 19:24:32.944 -0700
HIST,429829,COUNTING CARS FL,16,FALSE,7,7,FALSE,1,2017-08-12,2017-08-12,TRUE,1,2026-08-11 19:24:32.944 -0700
LIF,367212,SUPERMARKET SUPERSTAR,21,FALSE,1,1,FALSE,10,2013-07-22,2013-09-26,TRUE,1,2026-08-11 19:24:32.944 -0700
HIST,1092046,ALONE: FROZEN SPECIALS,22,FALSE,1,1,FALSE,1,2022-07-28,2022-07-28,TRUE,1,2026-08-11 19:24:32.944 -0700
AEN,393839,CURSED: THE BELL WITCH,22,FALSE,1,1,FALSE,5,2015-10-26,2015-11-23,TRUE,1,2026-08-11 19:24:32.944 -0700
AEN,343190,RELAPSE,7,FALSE,1,1,FALSE,5,2011-04-04,2011-05-02,TRUE,1,2026-08-11 19:24:32.944 -0700
LIF,343058,GLAMOUR BELLES,14,FALSE,1,1,FALSE,6,2011-04-06,2011-04-20,TRUE,1,2026-08-11 19:24:32.944 -0700
LIF,456366,CHEERLEADER GENERATION,22,FALSE,1,1,FALSE,10,2019-06-11,2019-09-26,TRUE,1,2026-08-11 19:24:32.944 -0700
AEN,360785,BE THE BOSS,11,FALSE,1,1,FALSE,6,2012-12-02,2013-01-06,TRUE,1,2026-08-11 19:24:32.944 -0700
HIST,435630,HUNT FOR ZODIAC KILLER,22,FALSE,1,1,FALSE,5,2017-11-14,2017-12-12,TRUE,1,2026-08-11 19:24:32.944 -0700
HIST,400056,NIGHT CLASS,11,FALSE,1,1,FALSE,11,2016-02-25,2016-05-05,TRUE,1,2026-08-11 19:24:32.944 -0700
VICE,425606,EARTHWORKS,10,FALSE,1,1,FALSE,3,2017-06-02,2017-06-16,TRUE,1,2026-08-11 19:24:32.944 -0700
FYI,1036317,BARRETT-JACKSON MAR AUC P,25,TRUE,2021,2021,FALSE,1,2021-03-18,2021-03-18,TRUE,1,2026-08-11 19:24:32.944 -0700
HIST,312403,MONSTERQUEST,12,FALSE,5,5,FALSE,8,2026-01-02,2026-02-27,TRUE,1,2026-08-11 19:24:32.944 -0700
HIST,312403,MONSTERQUEST,12,FALSE,4,4,FALSE,9,2010-01-13,2010-03-24,FALSE,1,2026-08-11 19:24:32.944 -0700
HIST,312403,MONSTERQUEST,12,FALSE,3,3,FALSE,24,2009-02-04,2009-08-26,FALSE,1,2026-08-11 19:24:32.944 -0700
HIST,312403,MONSTERQUEST,12,FALSE,2,2,FALSE,19,2008-05-28,2008-11-12,FALSE,1,2026-08-11 19:24:32.944 -0700
HIST,312403,MONSTERQUEST,12,FALSE,1,1,FALSE,13,2007-10-31,2008-01-23,FALSE,1,2026-08-11 19:24:32.944 -0700
LIF,353333,"CLIENT LIST, THE",16,FALSE,2,2,FALSE,15,2013-03-10,2013-06-16,TRUE,1,2026-08-11 19:24:32.944 -0700
LIF,353333,"CLIENT LIST, THE",16,FALSE,1,1,FALSE,10,2012-04-08,2012-06-17,FALSE,1,2026-08-11 19:24:32.944 -0700
LIF,454798,ESCAPING POLYGAMY SPECIAL,25,TRUE,5,5,FALSE,1,2019-04-22,2019-04-22,TRUE,1,2026-08-11 19:24:32.944 -0700
VICE,1146076,QUEER SPORTS,12,FALSE,1,1,FALSE,5,2023-06-23,2023-06-23,TRUE,1,2026-08-11 19:24:32.944 -0700
VICE,1028192,RISE UP,7,FALSE,1,1,FALSE,6,2020-11-15,2020-12-20,TRUE,1,2026-08-11 19:24:32.944 -0700
VICE,1131249,ICONS UNEARTHED: FAST & F,25,TRUE,1,1,FALSE,6,2023-01-16,2023-02-20,TRUE,1,2026-08-11 19:24:32.944 -0700
AEN,395945,WHAT WOULD YOU DO,17,FALSE,2016,2016,FALSE,1,2016-06-19,2016-06-19,TRUE,1,2026-08-11 19:24:32.944 -0700
HIST,383870,VIKINGS SPECIALS,16,FALSE,6B,6,TRUE,1,2021-06-05,2021-06-05,TRUE,1,2026-08-11 19:24:32.944 -0700
HIST,383870,VIKINGS SPECIALS,16,FALSE,6,6,FALSE,1,2019-12-04,2019-12-04,FALSE,1,2026-08-11 19:24:32.944 -0700
HIST,383870,VIKINGS SPECIALS,16,FALSE,5B,5,TRUE,1,2018-11-28,2018-11-28,FALSE,1,2026-08-11 19:24:32.944 -0700
HIST,383870,VIKINGS SPECIALS,16,FALSE,5A,5,TRUE,1,2017-11-29,2017-11-29,FALSE,1,2026-08-11 19:24:32.944 -0700
HIST,383870,VIKINGS SPECIALS,16,FALSE,4B,4,TRUE,1,2016-11-30,2016-11-30,FALSE,1,2026-08-11 19:24:32.944 -0700
HIST,383870,VIKINGS SPECIALS,16,FALSE,3,3,FALSE,1,2015-03-26,2015-03-26,FALSE,1,2026-08-11 19:24:32.944 -0700
LIF,373832,ARMY WIVES SPECIAL,18,FALSE,7,7,FALSE,1,2014-03-16,2014-03-16,TRUE,1,2026-08-11 19:24:32.944 -0700
HIST,1002150,ALONE: THE BEAST,16,FALSE,1,1,FALSE,6,2020-01-30,2020-09-26,TRUE,1,2026-08-11 19:24:32.944 -0700
LIF,455839,AMERICAN PRINCESS,17,FALSE,1,1,FALSE,10,2019-06-02,2019-07-07,TRUE,1,2026-08-11 19:24:32.944 -0700
VICE,429062,NUTS & BOLTS,12,FALSE,1,1,FALSE,6,2017-08-03,2017-09-07,TRUE,1,2026-08-11 19:24:32.944 -0700
HIST,327219,PAWN STARS,10,FALSE,20,20,FALSE,10,2026-01-07,2026-03-18,TRUE,1,2026-08-11 19:24:32.944 -0700
HIST,327219,PAWN STARS,10,FALSE,19,19,FALSE,10,2025-01-22,2025-04-02,FALSE,1,2026-08-11 19:24:32.944 -0700
HIST,327219,PAWN STARS,10,FALSE,18,18,FALSE,10,2024-07-10,2024-09-25,FALSE,1,2026-08-11 19:24:32.944 -0700
HIST,327219,PAWN STARS,10,FALSE,17,17,FALSE,15,2023-03-15,2023-06-28,FALSE,1,2026-08-11 19:24:32.944 -0700
HIST,327219,PAWN STARS,10,FALSE,16,16,FALSE,13,2022-04-23,2022-11-02,FALSE,1,2026-08-11 19:24:32.944 -0700
HIST,327219,PAWN STARS,10,FALSE,15,15,FALSE,21,2021-08-14,2021-12-18,FALSE,1,2026-08-11 19:24:32.944 -0700
HIST,327219,PAWN STARS,10,FALSE,14,14,FALSE,39,2020-01-20,2021-05-17,FALSE,1,2026-08-11 19:24:32.944 -0700
HIST,327219,PAWN STARS,10,FALSE,13,13,FALSE,27,2019-01-21,2019-12-23,FALSE,1,2026-08-11 19:24:32.944 -0700
HIST,327219,PAWN STARS,10,FALSE,12,12,FALSE,17,2018-01-22,2018-05-21,FALSE,1,2026-08-11 19:24:32.944 -0700
HIST,327219,PAWN STARS,10,FALSE,11B,11,TRUE,42,2017-04-10,2017-11-20,FALSE,1,2026-08-11 19:24:32.944 -0700
HIST,327219,PAWN STARS,10,FALSE,11,11,FALSE,36,2016-05-04,2017-02-06,FALSE,1,2026-08-11 19:24:32.944 -0700
HIST,327219,PAWN STARS,10,FALSE,10,10,FALSE,21,2015-10-22,2016-02-24,FALSE,1,2026-08-11 19:24:32.944 -0700
HIST,327219,PAWN STARS,10,FALSE,9,9,FALSE,62,2014-09-18,2015-06-04,FALSE,1,2026-08-11 19:24:32.944 -0700
HIST,327219,PAWN STARS,10,FALSE,8,8,FALSE,87,2013-10-10,2014-09-01,FALSE,1,2026-08-11 19:24:32.944 -0700
HIST,327219,PAWN STARS,10,FALSE,7,7,FALSE,24,2013-05-30,2013-08-29,FALSE,1,2026-08-11 19:24:32.944 -0700
HIST,327219,PAWN STARS,10,FALSE,6,6,FALSE,34,2012-11-05,2013-03-11,FALSE,1,2026-08-11 19:24:32.944 -0700
HIST,327219,PAWN STARS,10,FALSE,5,5,FALSE,58,2011-11-28,2012-09-03,FALSE,1,2026-08-11 19:24:32.944 -0700
HIST,327219,PAWN STARS,10,FALSE,4,4,FALSE,52,2011-01-17,2011-10-24,FALSE,1,2026-08-11 19:24:32.944 -0700
HIST,327219,PAWN STARS,10,FALSE,3,3,FALSE,28,2010-06-07,2010-12-13,FALSE,1,2026-08-11 19:24:32.944 -0700
HIST,327219,PAWN STARS,10,FALSE,2,2,FALSE,32,2009-11-30,2010-05-02,FALSE,1,2026-08-11 19:24:32.944 -0700
HIST,327219,PAWN STARS,10,FALSE,1,1,FALSE,14,2009-07-19,2009-09-27,FALSE,1,2026-08-11 19:24:32.944 -0700
LIF,345569,ROSEANNES NUTS,14,FALSE,1,1,FALSE,16,2011-07-13,2011-09-16,TRUE,1,2026-08-11 19:24:32.944 -0700
VICE,1004856,NO MERCY NO MALICE,18,FALSE,1,1,FALSE,6,2020-05-07,2020-06-11,TRUE,1,2026-08-11 19:24:32.944 -0700
LIF,310271,SIDE ORDER OF LIFE,18,FALSE,1,1,FALSE,13,2007-07-15,2007-10-07,TRUE,1,2026-08-11 19:24:32.944 -0700
FYI,1217361,1000 WAYS TO DINE,17,FALSE,1,1,FALSE,12,2025-08-20,2025-08-20,TRUE,2,2026-08-11 19:24:32.944 -0700
AEN,1183998,NEW HOUSE NO DEBT,17,FALSE,1,1,FALSE,10,2024-07-20,2024-09-21,TRUE,1,2026-08-11 19:24:32.944 -0700
FYI,401000,FYI SHORT,9,FALSE,2016,2016,FALSE,2,2016-03-19,2016-03-23,TRUE,1,2026-08-11 19:24:32.944 -0700
HIST,417699,PAWN STARS SPECIALS,19,FALSE,12,12,FALSE,1,2018-06-27,2018-06-27,TRUE,1,2026-08-11 19:24:32.944 -0700
LMN,393009,QUEEN OF BOUNTY HUNTERS,23,FALSE,1,1,FALSE,1,2015-10-11,2015-10-11,TRUE,1,2026-08-11 19:24:32.944 -0700
LIF,414794,LITTLE WOMEN DALLAS,19,FALSE,2A,2,TRUE,10,2017-10-04,2017-11-29,TRUE,1,2026-08-11 19:24:32.944 -0700
LIF,414794,LITTLE WOMEN DALLAS,19,FALSE,1B,1,TRUE,5,2017-04-12,2017-05-10,FALSE,1,2026-08-11 19:24:32.944 -0700
LIF,414794,LITTLE WOMEN DALLAS,19,FALSE,1,1,FALSE,8,2016-11-02,2016-12-21,FALSE,1,2026-08-11 19:24:32.944 -0700
HIST,422082,SWAMP PEOPLE FL,15,FALSE,9,9,FALSE,6,2018-01-25,2018-03-01,TRUE,1,2026-08-11 19:24:32.944 -0700
HIST,422082,SWAMP PEOPLE FL,15,FALSE,8,8,FALSE,7,2017-03-23,2017-05-04,FALSE,1,2026-08-11 19:24:32.944 -0700
HIST,348024,HAIRY BIKERS,12,FALSE,1,1,FALSE,11,2011-10-14,2011-12-02,TRUE,1,2026-08-11 19:24:32.944 -0700
VICE,1200147,DARK SIDE OF THE CAGE,21,FALSE,1,1,FALSE,10,2025-01-08,2025-03-12,TRUE,1,2026-08-11 19:24:32.944 -0700
AEN,393838,FEAR,4,FALSE,2015,2015,FALSE,1,2015-10-26,2015-10-26,TRUE,1,2026-08-11 19:24:32.944 -0700
HIST,1175762,HOW DISNEY BUILT AMERICA,24,FALSE,1,1,FALSE,6,2024-04-28,2024-06-09,TRUE,1,2026-08-11 19:24:32.944 -0700
AEN,375982,BIG SMO,7,FALSE,2,2,FALSE,7,2015-07-21,2015-08-11,TRUE,1,2026-08-11 19:24:32.944 -0700
AEN,375982,BIG SMO,7,FALSE,1,1,FALSE,11,2014-06-11,2014-08-13,FALSE,1,2026-08-11 19:24:32.944 -0700
VICE,1039879,"SOURCE, THE",11,FALSE,1,1,FALSE,5,2021-05-23,2021-06-20,TRUE,1,2026-08-11 19:24:32.944 -0700
HIST,456013,UNIDENTIFIED:INSIDE...UFO,25,TRUE,2,2,FALSE,8,2020-07-11,2020-08-22,TRUE,1,2026-08-11 19:24:32.944 -0700
HIST,456013,UNIDENTIFIED:INSIDE...UFO,25,TRUE,1,1,FALSE,6,2019-05-31,2019-07-05,FALSE,1,2026-08-11 19:24:32.944 -0700
AEN,349446,STORAGE WARS TEXAS,18,FALSE,3,3,FALSE,28,2013-08-27,2014-01-07,TRUE,1,2026-08-11 19:24:32.944 -0700
AEN,349446,STORAGE WARS TEXAS,18,FALSE,2,2,FALSE,34,2012-08-15,2013-02-26,FALSE,1,2026-08-11 19:24:32.944 -0700
AEN,349446,STORAGE WARS TEXAS,18,FALSE,1,1,FALSE,16,2011-12-06,2012-04-03,FALSE,1,2026-08-11 19:24:32.944 -0700
HIST,354346,UNITED STATS OF AMERICA,23,FALSE,1,1,FALSE,4,2012-05-08,2012-06-05,TRUE,1,2026-08-11 19:24:32.944 -0700
LIF,347913,AFTER THE RUNWAY,16,FALSE,1,1,FALSE,4,2011-10-06,2011-10-27,TRUE,1,2026-08-11 19:24:32.944 -0700
AEN,399967,HOARDERS SPECIALS,17,FALSE,16,16,FALSE,6,2024-10-07,2024-11-11,TRUE,1,2026-08-11 19:24:32.944 -0700
AEN,399967,HOARDERS SPECIALS,17,FALSE,15,15,FALSE,4,2024-02-05,2024-02-12,FALSE,1,2026-08-11 19:24:32.944 -0700
AEN,399967,HOARDERS SPECIALS,17,FALSE,9,9,FALSE,4,2021-06-07,2021-07-19,FALSE,1,2026-08-11 19:24:32.944 -0700
AEN,399967,HOARDERS SPECIALS,17,FALSE,8,8,FALSE,1,2016-02-28,2016-02-28,FALSE,1,2026-08-11 19:24:32.944 -0700
AEN,1239574,ZOMBIE HOUSE FLIP: FAMILY,25,TRUE,1,1,FALSE,9,2026-05-30,2026-08-01,TRUE,1,2026-08-11 19:24:32.944 -0700
AEN,399434,ZOMBIE HOUSE FLIPPING,21,FALSE,8,8,FALSE,2,2026-04-11,2026-04-18,TRUE,2,2026-08-11 19:24:32.944 -0700
AEN,399434,ZOMBIE HOUSE FLIPPING,21,FALSE,7,7,FALSE,8,2025-01-18,2025-04-19,FALSE,2,2026-08-11 19:24:32.944 -0700
AEN,399434,ZOMBIE HOUSE FLIPPING,21,FALSE,6B,6,TRUE,5,2024-07-20,2024-08-17,FALSE,2,2026-08-11 19:24:32.944 -0700
AEN,399434,ZOMBIE HOUSE FLIPPING,21,FALSE,6,6,FALSE,17,2023-10-28,2024-04-27,FALSE,2,2026-08-11 19:24:32.944 -0700
AEN,399434,ZOMBIE HOUSE FLIPPING,21,FALSE,5,5,FALSE,23,2022-12-03,2023-08-05,FALSE,2,2026-08-11 19:24:32.944 -0700
AEN,399434,ZOMBIE HOUSE FLIPPING,21,FALSE,4,4,FALSE,20,2021-11-06,2022-08-27,FALSE,2,2026-08-11 19:24:32.944 -0700
AEN,399434,ZOMBIE HOUSE FLIPPING,21,FALSE,3B,3,TRUE,5,2019-08-24,2019-09-21,FALSE,2,2026-08-11 19:24:32.944 -0700
AEN,399434,ZOMBIE HOUSE FLIPPING,21,FALSE,3,3,FALSE,8,2019-03-13,2019-05-08,FALSE,2,2026-08-11 19:24:32.944 -0700
LIF,349562,AMERICAS MOST WANTED,20,FALSE,24,24,FALSE,41,2011-12-02,2012-10-05,TRUE,1,2026-08-11 19:24:32.944 -0700
HIST,324538,BATTLES BC,10,FALSE,1,1,FALSE,8,2009-03-09,2009-05-01,TRUE,1,2026-08-11 19:24:32.944 -0700
HIST,348006,HARVEST,7,FALSE,1,1,FALSE,2,2011-10-13,2011-10-20,TRUE,1,2026-08-11 19:24:32.944 -0700
AEN,400706,BATES MOTEL SPECIALS,20,FALSE,5,5,FALSE,1,2017-04-24,2017-04-24,TRUE,1,2026-08-11 19:24:32.944 -0700
HIST,440761,HISTORY GOES HOLLYWOOD,22,FALSE,1,1,FALSE,2,2018-02-21,2018-03-30,TRUE,1,2026-08-11 19:24:32.944 -0700
LIF,446308,MAFS: UNFILTERED,16,FALSE,13,13,FALSE,15,2021-07-21,2021-10-27,TRUE,2,2026-08-11 19:24:32.944 -0700
LIF,446308,MAFS: UNFILTERED,16,FALSE,12,12,FALSE,15,2021-01-20,2021-04-28,FALSE,2,2026-08-11 19:24:32.944 -0700
LIF,446308,MAFS: UNFILTERED,16,FALSE,11,11,FALSE,15,2020-07-22,2020-10-28,FALSE,2,2026-08-11 19:24:32.944 -0700
LIF,446308,MAFS: UNFILTERED,16,FALSE,10,10,FALSE,15,2020-01-08,2020-04-15,FALSE,2,2026-08-11 19:24:32.944 -0700
LIF,446308,MAFS: UNFILTERED,16,FALSE,9,9,FALSE,13,2019-06-19,2019-09-11,FALSE,2,2026-08-11 19:24:32.944 -0700
LIF,446308,MAFS: UNFILTERED,16,FALSE,8,8,FALSE,11,2019-01-08,2019-03-19,FALSE,2,2026-08-11 19:24:32.944 -0700
LIF,446308,MAFS: UNFILTERED,16,FALSE,7,7,FALSE,16,2018-07-17,2018-10-16,FALSE,2,2026-08-11 19:24:32.944 -0700
HIST,453791,LOST GOLD OF WORLD WAR II,25,TRUE,2,2,FALSE,8,2020-04-28,2020-06-16,TRUE,1,2026-08-11 19:24:32.944 -0700
HIST,453791,LOST GOLD OF WORLD WAR II,25,TRUE,1,1,FALSE,8,2019-03-19,2019-05-14,FALSE,1,2026-08-11 19:24:32.944 -0700
FYI,1002441,FROM SCRATCH,12,FALSE,2,2,FALSE,9,2021-10-31,2022-01-01,TRUE,1,2026-08-11 19:24:32.944 -0700
FYI,1002441,FROM SCRATCH,12,FALSE,1,1,FALSE,10,2020-02-16,2020-04-19,FALSE,1,2026-08-11 19:24:32.944 -0700
VICE,403847,HUANGS WORLD,12,FALSE,2,2,FALSE,10,2017-06-28,2017-08-30,TRUE,1,2026-08-11 19:24:32.944 -0700
LIF,404999,UNREAL SPECIAL,14,FALSE,2,2,FALSE,1,2018-02-20,2018-02-20,TRUE,1,2026-08-11 19:24:32.944 -0700
LIF,404999,UNREAL SPECIAL,14,FALSE,1,1,FALSE,1,2016-05-23,2016-05-23,FALSE,1,2026-08-11 19:24:32.944 -0700
LMN,380639,INTERVENTION LMN,16,FALSE,1B,1,TRUE,5,2015-06-16,2015-07-21,TRUE,1,2026-08-11 19:24:32.944 -0700
LMN,380639,INTERVENTION LMN,16,FALSE,1,1,FALSE,22,2014-11-25,2015-03-03,FALSE,1,2026-08-11 19:24:32.944 -0700
AEN,415466,GOING SI-RAL,12,FALSE,1,1,FALSE,10,2016-11-16,2017-01-18,TRUE,1,2026-08-11 19:24:32.944 -0700
AEN,352763,DUCK DYNASTY,12,FALSE,11,11,FALSE,15,2016-11-16,2017-03-29,TRUE,1,2026-08-11 19:24:32.944 -0700
AEN,352763,DUCK DYNASTY,12,FALSE,10,10,FALSE,14,2016-07-06,2016-08-24,FALSE,1,2026-08-11 19:24:32.944 -0700
AEN,352763,DUCK DYNASTY,12,FALSE,9,9,FALSE,11,2016-01-13,2016-03-02,FALSE,1,2026-08-11 19:24:32.944 -0700
AEN,352763,DUCK DYNASTY,12,FALSE,8,8,FALSE,9,2015-06-24,2015-08-19,FALSE,1,2026-08-11 19:24:32.944 -0700
AEN,352763,DUCK DYNASTY,12,FALSE,7,7,FALSE,9,2014-11-19,2015-02-11,FALSE,1,2026-08-11 19:24:32.944 -0700
AEN,352763,DUCK DYNASTY,12,FALSE,6,6,FALSE,9,2014-06-11,2014-08-13,FALSE,1,2026-08-11 19:24:32.944 -0700
AEN,352763,DUCK DYNASTY,12,FALSE,5,5,FALSE,10,2014-01-15,2014-03-26,FALSE,1,2026-08-11 19:24:32.944 -0700
AEN,352763,DUCK DYNASTY,12,FALSE,4,4,FALSE,10,2013-08-14,2013-10-23,FALSE,1,2026-08-11 19:24:32.944 -0700
AEN,352763,DUCK DYNASTY,12,FALSE,3,3,FALSE,13,2013-02-27,2013-04-24,FALSE,1,2026-08-11 19:24:32.944 -0700
AEN,352763,DUCK DYNASTY,12,FALSE,2,2,FALSE,13,2012-10-10,2012-12-05,FALSE,1,2026-08-11 19:24:32.944 -0700
AEN,352763,DUCK DYNASTY,12,FALSE,1,1,FALSE,15,2012-03-21,2012-05-23,FALSE,1,2026-08-11 19:24:32.944 -0700
LMN,375337,MURDER IN ENCHANTED HILLS,25,TRUE,1,1,FALSE,1,2014-05-26,2014-05-26,TRUE,1,2026-08-11 19:24:32.944 -0700
LIF,398163,CRITICS CHOICE AWARDS,21,FALSE,999,999,FALSE,1,2016-01-17,2016-01-17,TRUE,3,2026-08-11 19:24:32.944 -0700
AEN,1042589,"ANIMAL SAVED MY LIFE, AN",24,FALSE,1,1,FALSE,6,2021-07-06,2021-07-20,TRUE,1,2026-08-11 19:24:32.944 -0700
HIST,348943,BIG SHRIMPIN,12,FALSE,1,1,FALSE,8,2011-11-17,2012-01-05,TRUE,1,2026-08-11 19:24:32.944 -0700
AEN,431674,OJ: GUILTY IN VEGAS,19,FALSE,2017,2017,FALSE,1,2017-09-21,2017-09-21,TRUE,1,2026-08-11 19:24:32.944 -0700
HIST,1231095,HIST DEADLIEST VING RHAME,25,TRUE,1,1,FALSE,10,2026-01-26,2026-03-30,TRUE,1,2026-08-11 19:24:32.944 -0700
FYI,1169095,TINY HOUSE NATION: BTTB,23,FALSE,3,3,FALSE,8,2024-02-05,2024-05-14,TRUE,2,2026-08-11 19:24:32.944 -0700
AEN,286986,GROWING UP GOTTI,16,FALSE,2014,2014,FALSE,1,2014-11-10,2014-11-10,TRUE,1,2026-08-11 19:24:32.944 -0700
HIST,1067808,"AMERICAN PRESIDENCY, THE",24,FALSE,1,1,FALSE,6,2022-05-30,2022-06-20,TRUE,1,2026-08-11 19:24:32.944 -0700
AEN,363743,BATES MOTEL,11,FALSE,5,5,FALSE,10,2017-02-20,2017-04-24,TRUE,1,2026-08-11 19:24:32.944 -0700
AEN,363743,BATES MOTEL,11,FALSE,4,4,FALSE,10,2016-03-07,2016-05-16,FALSE,1,2026-08-11 19:24:32.944 -0700
AEN,363743,BATES MOTEL,11,FALSE,3,3,FALSE,10,2015-03-09,2015-05-11,FALSE,1,2026-08-11 19:24:32.944 -0700
AEN,363743,BATES MOTEL,11,FALSE,2,2,FALSE,10,2014-03-03,2014-05-05,FALSE,1,2026-08-11 19:24:32.944 -0700
AEN,363743,BATES MOTEL,11,FALSE,1,1,FALSE,10,2013-03-18,2013-05-20,FALSE,1,2026-08-11 19:24:32.944 -0700
FYI,381425,TINY HOUSE HUNTING,18,FALSE,4,4,FALSE,17,2017-07-15,2017-10-28,TRUE,1,2026-08-11 19:24:32.944 -0700
FYI,381425,TINY HOUSE HUNTING,18,FALSE,3B,3,TRUE,19,2015-11-14,2016-02-27,FALSE,1,2026-08-11 19:24:32.944 -0700
FYI,381425,TINY HOUSE HUNTING,18,FALSE,3,3,FALSE,8,2015-09-05,2015-09-26,FALSE,1,2026-08-11 19:24:32.944 -0700
FYI,381425,TINY HOUSE HUNTING,18,FALSE,2,2,FALSE,12,2015-06-01,2015-07-06,FALSE,1,2026-08-11 19:24:32.944 -0700
FYI,381425,TINY HOUSE HUNTING,18,FALSE,1,1,FALSE,13,2014-12-22,2015-03-02,FALSE,1,2026-08-11 19:24:32.944 -0700
VICE,1020255,CARI & JEMELE,13,FALSE,1B,1,TRUE,10,2020-11-12,2021-02-04,TRUE,1,2026-08-11 19:24:32.944 -0700
VICE,1020255,CARI & JEMELE,13,FALSE,1,1,FALSE,8,2020-08-19,2020-10-14,FALSE,1,2026-08-11 19:24:32.944 -0700
HIST,351400,AMERICAS BOOK OF SECRETS,24,FALSE,4,4,FALSE,10,2021-05-11,2021-07-20,TRUE,1,2026-08-11 19:24:32.944 -0700
HIST,326096,EXPEDITION,10,FALSE,1,1,FALSE,8,2009-05-31,2009-07-12,TRUE,1,2026-08-11 19:24:32.944 -0700
FYI,447299,MATTER OF FACT W/ SOLEDAD,25,TRUE,2023,2023,FALSE,37,2022-12-31,2023-09-09,TRUE,2,2026-08-11 19:24:32.944 -0700
FYI,447299,MATTER OF FACT W/ SOLEDAD,25,TRUE,2022,2022,FALSE,52,2022-01-01,2022-12-24,FALSE,2,2026-08-11 19:24:32.944 -0700
FYI,447299,MATTER OF FACT W/ SOLEDAD,25,TRUE,2021,2021,FALSE,52,2021-01-02,2021-12-25,FALSE,2,2026-08-11 19:24:32.944 -0700
FYI,447299,MATTER OF FACT W/ SOLEDAD,25,TRUE,2020,2020,FALSE,52,2020-01-04,2020-12-26,FALSE,2,2026-08-11 19:24:32.944 -0700
FYI,447299,MATTER OF FACT W/ SOLEDAD,25,TRUE,2019,2019,FALSE,52,2019-01-05,2019-12-28,FALSE,2,2026-08-11 19:24:32.944 -0700
FYI,447299,MATTER OF FACT W/ SOLEDAD,25,TRUE,2018,2018,FALSE,20,2018-08-18,2018-12-29,FALSE,2,2026-08-11 19:24:32.944 -0700
HIST,1181565,ICONS THAT BUILT AMERICA,24,FALSE,1,1,FALSE,7,2024-06-23,2024-08-04,TRUE,1,2026-08-11 19:24:32.944 -0700
LIF,1165979,CASEY ANTHONYS PARENTS LI,25,TRUE,2024,2024,FALSE,1,2024-01-04,2024-01-04,TRUE,2,2026-08-11 19:24:32.944 -0700
LIF,369836,CHASING NASHVILLE,17,FALSE,1,1,FALSE,4,2013-10-22,2013-11-12,TRUE,1,2026-08-11 19:24:32.944 -0700
HIST,407512,BIG EASY MOTORS,15,FALSE,1B,1,TRUE,2,2017-08-15,2017-08-15,TRUE,1,2026-08-11 19:24:32.944 -0700
HIST,407512,BIG EASY MOTORS,15,FALSE,1,1,FALSE,14,2016-07-05,2016-08-16,FALSE,1,2026-08-11 19:24:32.944 -0700
VICE,458716,DEVIL YOU KNOW,14,FALSE,2,2,FALSE,6,2021-03-29,2021-05-03,TRUE,1,2026-08-11 19:24:32.944 -0700
VICE,458716,DEVIL YOU KNOW,14,FALSE,1,1,FALSE,5,2019-08-27,2019-09-24,FALSE,1,2026-08-11 19:24:32.944 -0700
LMN,376117,SEANCE WITH.....,16,FALSE,1,1,FALSE,1,2014-06-14,2014-06-14,TRUE,1,2026-08-11 19:24:32.944 -0700
HIST,300926,MEGA MOVERS,11,FALSE,2,2,FALSE,1,2007-06-29,2007-06-29,TRUE,1,2026-08-11 19:24:32.944 -0700
FYI,1195606,FIND MY COUNTRY HOUSE,21,FALSE,2B,2,TRUE,6,2024-12-03,2024-12-17,TRUE,2,2026-08-11 19:24:32.944 -0700
LIF,1019505,SURVIVING JEFFREY EPSTEIN,25,TRUE,1,1,FALSE,4,2020-08-09,2020-08-10,TRUE,1,2026-08-11 19:24:32.944 -0700
AEN,424955,LIVE PD: POLICE PATROL,22,FALSE,5,5,FALSE,39,2025-04-04,2025-09-08,TRUE,1,2026-08-11 19:24:32.944 -0700
AEN,424955,LIVE PD: POLICE PATROL,22,FALSE,4,4,FALSE,24,2020-01-05,2020-03-16,FALSE,1,2026-08-11 19:24:32.944 -0700
AEN,424955,LIVE PD: POLICE PATROL,22,FALSE,3,3,FALSE,68,2018-09-20,2019-12-16,FALSE,1,2026-08-11 19:24:32.944 -0700
AEN,424955,LIVE PD: POLICE PATROL,22,FALSE,2,2,FALSE,42,2017-12-29,2018-08-09,FALSE,1,2026-08-11 19:24:32.944 -0700
AEN,424955,LIVE PD: POLICE PATROL,22,FALSE,1,1,FALSE,28,2017-05-19,2017-09-29,FALSE,1,2026-08-11 19:24:32.944 -0700
AEN,1056601,50/50 FLIP,10,FALSE,1,1,FALSE,6,2022-01-29,2022-03-05,TRUE,1,2026-08-11 19:24:32.944 -0700
VICE,446087,POST RADICAL,12,FALSE,1,1,FALSE,6,2018-07-10,2018-08-14,TRUE,1,2026-08-11 19:24:32.944 -0700
LIF,1121926,MOVIE- ORIGINAL HOL PREM,24,FALSE,2025,2025,FALSE,4,2025-11-29,2025-12-20,TRUE,1,2026-08-11 19:24:32.944 -0700
LIF,1121926,MOVIE- ORIGINAL HOL PREM,24,FALSE,2024,2024,FALSE,5,2024-11-23,2024-12-21,FALSE,1,2026-08-11 19:24:32.944 -0700
LIF,1121926,MOVIE- ORIGINAL HOL PREM,24,FALSE,2023,2023,FALSE,3,2023-12-02,2023-12-10,FALSE,1,2026-08-11 19:24:32.944 -0700
LIF,1121926,MOVIE- ORIGINAL HOL PREM,24,FALSE,2022,2022,FALSE,8,2022-11-11,2022-12-10,FALSE,1,2026-08-11 19:24:32.944 -0700
VICE,1039396,DARK SIDE OF FOOTBALL,21,FALSE,1,1,FALSE,6,2021-05-13,2021-06-24,TRUE,1,2026-08-11 19:24:32.944 -0700
VICE,424456,"THERAPIST, THE",14,FALSE,1,1,FALSE,20,2017-05-08,2017-10-10,TRUE,1,2026-08-11 19:24:32.944 -0700
VICE,446089,MISTER TACHYON,14,FALSE,1,1,FALSE,8,2018-07-11,2018-08-29,TRUE,1,2026-08-11 19:24:32.944 -0700
AEN,447115,NIGHTWATCH NATION,17,FALSE,1,1,FALSE,10,2018-08-16,2018-10-25,TRUE,1,2026-08-11 19:24:32.944 -0700
FYI,1036316,LEGEND OF TH GREEN HORNET,25,TRUE,2021,2021,FALSE,1,2021-03-18,2021-03-18,TRUE,1,2026-08-11 19:24:32.944 -0700
AEN,458265,INTERVENTION: HEROIN HUB,24,FALSE,21,21,FALSE,6,2019-08-06,2019-09-10,TRUE,1,2026-08-11 19:24:32.944 -0700
LIF,1017970,BABY FACTORY: ALABAMA,21,FALSE,2020,2020,FALSE,1,2020-07-15,2020-07-15,TRUE,1,2026-08-11 19:24:32.944 -0700
HIST,333584,ANCIENT ALIENS,14,FALSE,23,23,FALSE,8,2026-06-11,2026-07-30,TRUE,1,2026-08-11 19:24:32.944 -0700
HIST,333584,ANCIENT ALIENS,14,FALSE,22,22,FALSE,6,2026-01-15,2026-03-05,FALSE,1,2026-08-11 19:24:32.944 -0700
HIST,333584,ANCIENT ALIENS,14,FALSE,21,21,FALSE,11,2025-03-21,2025-11-06,FALSE,1,2026-08-11 19:24:32.944 -0700
HIST,333584,ANCIENT ALIENS,14,FALSE,20,20,FALSE,14,2024-02-23,2024-09-13,FALSE,1,2026-08-11 19:24:32.944 -0700
HIST,333584,ANCIENT ALIENS,14,FALSE,19,19,FALSE,14,2023-01-06,2023-08-25,FALSE,1,2026-08-11 19:24:32.944 -0700
HIST,333584,ANCIENT ALIENS,14,FALSE,18,18,FALSE,10,2022-07-08,2022-09-16,FALSE,1,2026-08-11 19:24:32.944 -0700
HIST,333584,ANCIENT ALIENS,14,FALSE,17,17,FALSE,13,2021-08-06,2022-03-18,FALSE,1,2026-08-11 19:24:32.944 -0700
HIST,333584,ANCIENT ALIENS,14,FALSE,16,16,FALSE,10,2020-11-13,2021-03-12,FALSE,1,2026-08-11 19:24:32.944 -0700
HIST,333584,ANCIENT ALIENS,14,FALSE,15,15,FALSE,12,2020-01-25,2020-04-18,FALSE,1,2026-08-11 19:24:32.944 -0700
HIST,333584,ANCIENT ALIENS,14,FALSE,14,14,FALSE,22,2019-05-31,2019-11-29,FALSE,1,2026-08-11 19:24:32.944 -0700
HIST,333584,ANCIENT ALIENS,14,FALSE,13,13,FALSE,15,2018-04-27,2019-01-07,FALSE,1,2026-08-11 19:24:32.944 -0700
HIST,333584,ANCIENT ALIENS,14,FALSE,12,12,FALSE,16,2017-04-28,2017-09-15,FALSE,1,2026-08-11 19:24:32.944 -0700
HIST,333584,ANCIENT ALIENS,14,FALSE,11,11,FALSE,15,2016-05-06,2016-09-02,FALSE,1,2026-08-11 19:24:32.944 -0700
HIST,333584,ANCIENT ALIENS,14,FALSE,10,10,FALSE,10,2015-07-24,2015-10-09,FALSE,1,2026-08-11 19:24:32.944 -0700
HIST,333584,ANCIENT ALIENS,14,FALSE,9B,9,TRUE,4,2015-04-10,2015-05-01,FALSE,1,2026-08-11 19:24:32.944 -0700
HIST,333584,ANCIENT ALIENS,14,FALSE,9,9,FALSE,1,2014-12-23,2014-12-23,FALSE,1,2026-08-11 19:24:32.944 -0700
HIST,333584,ANCIENT ALIENS,14,FALSE,6,6,FALSE,5,2013-09-30,2013-10-28,FALSE,1,2026-08-11 19:24:32.944 -0700
HIST,333584,ANCIENT ALIENS,14,FALSE,4,4,FALSE,1,2012-02-17,2012-02-17,FALSE,1,2026-08-11 19:24:32.944 -0700
HIST,333584,ANCIENT ALIENS,14,FALSE,3,3,FALSE,16,2011-07-28,2011-11-23,FALSE,1,2026-08-11 19:24:32.944 -0700
HIST,333584,ANCIENT ALIENS,14,FALSE,2,2,FALSE,10,2010-10-28,2010-12-30,FALSE,1,2026-08-11 19:24:32.944 -0700
HIST,333584,ANCIENT ALIENS,14,FALSE,1,1,FALSE,5,2010-04-20,2010-05-25,FALSE,1,2026-08-11 19:24:32.944 -0700
FYI,452432,"RIDE THAT GOT AWAY, THE",23,FALSE,1,1,FALSE,6,2019-01-26,2019-03-02,TRUE,1,2026-08-11 19:24:32.944 -0700
AEN,395107,SHINING A LIGHT CONVERSTN,25,TRUE,2015,2015,FALSE,1,2015-11-20,2015-11-20,TRUE,1,2026-08-11 19:24:32.944 -0700
AEN,1147951,SECRETS OF MISS AMERICA,23,FALSE,1,1,FALSE,4,2023-07-10,2023-07-31,TRUE,1,2026-08-11 19:24:32.944 -0700
AEN,369845,GOVERNORS WIFE,14,FALSE,1B,1,TRUE,4,2013-11-10,2013-11-10,TRUE,1,2026-08-11 19:24:32.944 -0700
AEN,369845,GOVERNORS WIFE,14,FALSE,1,1,FALSE,4,2013-10-27,2013-11-03,FALSE,1,2026-08-11 19:24:32.944 -0700
VICE,1027052,WET MARKETS EXPOSED,19,FALSE,1,1,FALSE,4,2020-10-28,2020-11-18,TRUE,1,2026-08-11 19:24:32.944 -0700
LIF,387645,LIVING WITH THE ENEMY,21,FALSE,1B,1,TRUE,3,2015-08-21,2015-08-21,TRUE,1,2026-08-11 19:24:32.944 -0700
LIF,387645,LIVING WITH THE ENEMY,21,FALSE,1,1,FALSE,3,2015-07-09,2015-07-23,FALSE,1,2026-08-11 19:24:32.944 -0700
AEN,436228,DOG & BETH SPECIAL,18,FALSE,2017,2017,FALSE,1,2017-11-27,2017-11-27,TRUE,1,2026-08-11 19:24:32.944 -0700
AEN,1218030,SECRETS OF CELEB SEX TAPE,25,TRUE,1,1,FALSE,8,2025-09-08,2025-09-29,TRUE,1,2026-08-11 19:24:32.944 -0700
HIST,1052366,FORGED IN FIRE: BEST OF,23,FALSE,2022,2022,FALSE,10,2022-03-30,2022-06-15,TRUE,1,2026-08-11 19:24:32.944 -0700
HIST,1052366,FORGED IN FIRE: BEST OF,23,FALSE,2021,2021,FALSE,1,2021-11-24,2021-11-24,FALSE,1,2026-08-11 19:24:32.944 -0700
VICE,429291,LAST CHANCE HIGH,16,FALSE,1,1,FALSE,8,2017-08-08,2017-09-26,TRUE,1,2026-08-11 19:24:32.944 -0700
LIF,1207177,DR. PIMPLE POPPER: BREAK,24,FALSE,2,2,FALSE,16,2026-04-20,2026-08-03,TRUE,1,2026-08-11 19:24:32.944 -0700
LIF,1207177,DR. PIMPLE POPPER: BREAK,24,FALSE,1,1,FALSE,20,2025-04-21,2025-08-25,FALSE,1,2026-08-11 19:24:32.944 -0700
HIST,380041,SEARCH THE LOST GIANTS,22,FALSE,1,1,FALSE,6,2014-11-04,2014-12-09,TRUE,1,2026-08-11 19:24:32.944 -0700
LIF,415581,30 SOMETHING GRANDMA,20,FALSE,1,1,FALSE,3,2016-11-15,2016-11-29,TRUE,1,2026-08-11 19:24:32.944 -0700
HIST,421116,GANGLAND UNDERCOVER FL,22,FALSE,2,2,FALSE,1,2017-03-02,2017-03-02,TRUE,1,2026-08-11 19:24:32.944 -0700
HIST,446671,BLOOD MONEY,11,FALSE,1,1,FALSE,5,2018-07-30,2018-09-17,TRUE,1,2026-08-11 19:24:32.944 -0700
HIST,300925,MEGA DISASTERS,14,FALSE,3,3,FALSE,11,2008-05-06,2008-07-22,TRUE,1,2026-08-11 19:24:32.944 -0700
HIST,300925,MEGA DISASTERS,14,FALSE,2,2,FALSE,13,2007-09-04,2007-11-27,FALSE,1,2026-08-11 19:24:32.944 -0700
HIST,382301,SONS OF LIBERTY,15,FALSE,1,1,FALSE,3,2015-01-25,2015-01-27,TRUE,1,2026-08-11 19:24:32.944 -0700
HIST,1020095,AMERICAN PICKERS SPECIALS,25,TRUE,11,11,FALSE,2,2020-08-17,2020-08-24,TRUE,1,2026-08-11 19:24:32.944 -0700
VICE,1028416,"STORY OF, THE",13,FALSE,1,1,FALSE,3,2020-11-16,2020-11-18,TRUE,1,2026-08-11 19:24:32.944 -0700
LIF,1200090,GYPSY ROSE:LIFE LOCKUP SP,25,TRUE,2,2,FALSE,1,2025-03-10,2025-03-10,TRUE,1,2026-08-11 19:24:32.944 -0700
AEN,360738,PANIC 9-1-1,11,FALSE,3B,3,TRUE,5,2022-08-27,2022-09-03,TRUE,1,2026-08-11 19:24:32.944 -0700
AEN,360738,PANIC 9-1-1,11,FALSE,3,3,FALSE,8,2022-06-25,2022-08-13,FALSE,1,2026-08-11 19:24:32.944 -0700
AEN,360738,PANIC 9-1-1,11,FALSE,2,2,FALSE,6,2013-08-08,2013-09-12,FALSE,1,2026-08-11 19:24:32.944 -0700
AEN,360738,PANIC 9-1-1,11,FALSE,1,1,FALSE,3,2012-11-29,2012-12-13,FALSE,1,2026-08-11 19:24:32.944 -0700
AEN,1193240,FUGITIVES CAUGHT ON TAPE,24,FALSE,2,2,FALSE,20,2025-10-08,2025-12-10,TRUE,1,2026-08-11 19:24:32.944 -0700
AEN,1193240,FUGITIVES CAUGHT ON TAPE,24,FALSE,1,1,FALSE,20,2024-10-16,2024-12-18,FALSE,1,2026-08-11 19:24:32.944 -0700
AEN,1045155,INVISIBLE MONSTERS,18,FALSE,1,1,FALSE,6,2021-08-15,2021-08-17,TRUE,1,2026-08-11 19:24:32.944 -0700
AEN,453239,BIOGRAPHY: TRUMP DYNASTY,24,FALSE,1,1,FALSE,3,2019-02-25,2019-02-27,TRUE,1,2026-08-11 19:24:32.944 -0700
VICE,447991,DOPESICK NATION,15,FALSE,1,1,FALSE,10,2018-09-12,2018-11-14,TRUE,1,2026-08-11 19:24:32.944 -0700
HIST,1027676,"BATTLE NEVER ENDS, THE",22,FALSE,1,1,FALSE,1,2020-11-07,2020-11-07,TRUE,1,2026-08-11 19:24:32.944 -0700
HIST,360373,I LOVE THE 1880S,16,FALSE,1,1,FALSE,12,2012-11-12,2013-03-22,TRUE,1,2026-08-11 19:24:32.944 -0700
LIF,384348,JUMP!,5,FALSE,1,1,FALSE,4,2015-04-10,2015-05-01,TRUE,1,2026-08-11 19:24:32.944 -0700
HIST,394933,CURSE OF OAK ISLAND AFTER,25,TRUE,3,3,FALSE,5,2016-01-05,2016-02-09,TRUE,1,2026-08-11 19:24:32.944 -0700
HIST,1028821,BEYOND OAK ISLAND FL,20,FALSE,2,2,FALSE,1,2022-09-27,2022-09-27,TRUE,1,2026-08-11 19:24:32.944 -0700
HIST,1028821,BEYOND OAK ISLAND FL,20,FALSE,1,1,FALSE,1,2020-11-27,2020-11-27,FALSE,1,2026-08-11 19:24:32.944 -0700
VICE,1045320,HEAR ME OUT,11,FALSE,1,1,FALSE,6,2021-08-12,2021-09-16,TRUE,1,2026-08-11 19:24:32.944 -0700
FYI,379073,BEST IN BRIDAL,14,FALSE,1,1,FALSE,7,2014-10-07,2014-10-28,TRUE,1,2026-08-11 19:24:32.944 -0700
FYI,1022327,BARRETT-JACKSON REVVED UP,25,TRUE,19,19,FALSE,2,2026-07-26,2026-08-02,TRUE,1,2026-08-11 19:24:32.944 -0700
FYI,1022327,BARRETT-JACKSON REVVED UP,25,TRUE,18,18,FALSE,12,2025-11-02,2026-01-11,FALSE,1,2026-08-11 19:24:32.944 -0700
FYI,1022327,BARRETT-JACKSON REVVED UP,25,TRUE,17,17,FALSE,8,2025-08-17,2025-10-05,FALSE,1,2026-08-11 19:24:32.944 -0700
FYI,1022327,BARRETT-JACKSON REVVED UP,25,TRUE,16,16,FALSE,10,2025-05-18,2025-07-20,FALSE,1,2026-08-11 19:24:32.944 -0700
FYI,1022327,BARRETT-JACKSON REVVED UP,25,TRUE,15,15,FALSE,10,2025-02-09,2025-04-13,FALSE,1,2026-08-11 19:24:32.944 -0700
FYI,1022327,BARRETT-JACKSON REVVED UP,25,TRUE,14,14,FALSE,20,2024-08-04,2025-01-05,FALSE,1,2026-08-11 19:24:32.944 -0700
FYI,1022327,BARRETT-JACKSON REVVED UP,25,TRUE,13,13,FALSE,5,2024-07-07,2024-07-28,FALSE,1,2026-08-11 19:24:32.944 -0700
FYI,1022327,BARRETT-JACKSON REVVED UP,25,TRUE,12,12,FALSE,10,2024-03-24,2024-06-30,FALSE,1,2026-08-11 19:24:32.944 -0700
FYI,1022327,BARRETT-JACKSON REVVED UP,25,TRUE,11,11,FALSE,10,2023-12-03,2024-03-24,FALSE,1,2026-08-11 19:24:32.944 -0700
FYI,1022327,BARRETT-JACKSON REVVED UP,25,TRUE,10,10,FALSE,20,2023-06-11,2023-11-26,FALSE,1,2026-08-11 19:24:32.944 -0700
FYI,1022327,BARRETT-JACKSON REVVED UP,25,TRUE,9,9,FALSE,10,2023-03-26,2023-06-04,FALSE,1,2026-08-11 19:24:32.944 -0700
FYI,1022327,BARRETT-JACKSON REVVED UP,25,TRUE,8,8,FALSE,10,2023-01-01,2023-03-19,FALSE,1,2026-08-11 19:24:32.944 -0700
FYI,1022327,BARRETT-JACKSON REVVED UP,25,TRUE,7,7,FALSE,10,2022-09-08,2022-12-25,FALSE,1,2026-08-11 19:24:32.944 -0700
FYI,1022327,BARRETT-JACKSON REVVED UP,25,TRUE,6,6,FALSE,20,2022-04-14,2022-09-01,FALSE,1,2026-08-11 19:24:32.944 -0700
FYI,1022327,BARRETT-JACKSON REVVED UP,25,TRUE,5,5,FALSE,10,2022-02-10,2022-03-31,FALSE,1,2026-08-11 19:24:32.944 -0700
FYI,1022327,BARRETT-JACKSON REVVED UP,25,TRUE,4,4,FALSE,10,2021-11-18,2022-01-20,FALSE,1,2026-08-11 19:24:32.944 -0700
FYI,1022327,BARRETT-JACKSON REVVED UP,25,TRUE,3,3,FALSE,20,2021-05-13,2021-09-09,FALSE,1,2026-08-11 19:24:32.944 -0700
FYI,1022327,BARRETT-JACKSON REVVED UP,25,TRUE,2,2,FALSE,10,2020-12-03,2020-12-31,FALSE,1,2026-08-11 19:24:32.944 -0700
FYI,1022327,BARRETT-JACKSON REVVED UP,25,TRUE,1,1,FALSE,9,2020-09-10,2020-09-24,FALSE,1,2026-08-11 19:24:32.944 -0700
FYI,388712,UNPLUGGED NATION,16,FALSE,3,3,FALSE,7,2018-08-02,2018-08-17,TRUE,1,2026-08-11 19:24:32.944 -0700
FYI,388712,UNPLUGGED NATION,16,FALSE,2,2,FALSE,3,2017-01-07,2017-01-21,FALSE,1,2026-08-11 19:24:32.944 -0700
FYI,388712,UNPLUGGED NATION,16,FALSE,1,1,FALSE,9,2015-07-29,2015-09-26,FALSE,1,2026-08-11 19:24:32.944 -0700
VICE,429285,"LAST SHOT, THE",14,FALSE,1,1,FALSE,6,2017-08-07,2017-09-11,TRUE,1,2026-08-11 19:24:32.944 -0700
HIST,333691,AMERICA THE STORY OF US,23,FALSE,1,1,FALSE,6,2010-04-25,2010-05-31,TRUE,1,2026-08-11 19:24:32.944 -0700
AEN,371122,BONNIE & CLYDE,14,FALSE,1,1,FALSE,2,2013-12-08,2013-12-09,TRUE,3,2026-08-11 19:24:32.944 -0700
VICE,450384,KENTUCKY AYAHUASCA,18,FALSE,1,1,FALSE,10,2018-11-28,2019-01-30,TRUE,1,2026-08-11 19:24:32.944 -0700
HIST,427709,MOUNTAIN MEN FL,15,FALSE,6,6,FALSE,10,2017-07-12,2017-09-20,TRUE,1,2026-08-11 19:24:32.944 -0700
VICE,400093,FCK THATS DELICIOUS,19,FALSE,4,4,FALSE,11,2020-05-11,2020-07-20,TRUE,1,2026-08-11 19:24:32.944 -0700
VICE,400093,FCK THATS DELICIOUS,19,FALSE,3,3,FALSE,10,2018-04-16,2018-09-11,FALSE,1,2026-08-11 19:24:32.944 -0700
VICE,400093,FCK THATS DELICIOUS,19,FALSE,2,2,FALSE,12,2016-09-01,2017-01-26,FALSE,1,2026-08-11 19:24:32.944 -0700
AEN,331582,PARANORMAL COPS,15,FALSE,1,1,FALSE,6,2010-01-19,2010-02-16,TRUE,1,2026-08-11 19:24:32.944 -0700
LIF,366383,DEVIOUS MAIDS,13,FALSE,4,4,FALSE,10,2016-06-06,2016-08-08,TRUE,1,2026-08-11 19:24:32.944 -0700
LIF,366383,DEVIOUS MAIDS,13,FALSE,3,3,FALSE,13,2015-06-01,2015-08-24,FALSE,1,2026-08-11 19:24:32.944 -0700
LIF,366383,DEVIOUS MAIDS,13,FALSE,2,2,FALSE,13,2014-04-20,2014-07-13,FALSE,1,2026-08-11 19:24:32.944 -0700
LIF,366383,DEVIOUS MAIDS,13,FALSE,1,1,FALSE,13,2013-06-23,2013-09-22,FALSE,1,2026-08-11 19:24:32.944 -0700
HIST,458284,FOOD THAT BUILT AMERICA,23,FALSE,7,7,FALSE,14,2026-04-19,2026-07-26,TRUE,1,2026-08-11 19:24:32.944 -0700
HIST,458284,FOOD THAT BUILT AMERICA,23,FALSE,6,6,FALSE,10,2025-02-23,2025-05-04,FALSE,1,2026-08-11 19:24:32.944 -0700
HIST,458284,FOOD THAT BUILT AMERICA,23,FALSE,5,5,FALSE,12,2024-02-25,2024-07-28,FALSE,1,2026-08-11 19:24:32.944 -0700
HIST,458284,FOOD THAT BUILT AMERICA,23,FALSE,4,4,FALSE,16,2023-02-19,2023-07-23,FALSE,1,2026-08-11 19:24:32.944 -0700
HIST,458284,FOOD THAT BUILT AMERICA,23,FALSE,3,3,FALSE,12,2022-02-27,2022-05-15,FALSE,1,2026-08-11 19:24:32.944 -0700
HIST,458284,FOOD THAT BUILT AMERICA,23,FALSE,2,2,FALSE,15,2021-02-09,2021-06-20,FALSE,1,2026-08-11 19:24:32.944 -0700
HIST,458284,FOOD THAT BUILT AMERICA,23,FALSE,1,1,FALSE,3,2019-08-11,2019-08-13,FALSE,1,2026-08-11 19:24:32.944 -0700
VICE,400091,GAYCATION,9,FALSE,2,2,FALSE,4,2016-09-07,2016-09-28,TRUE,1,2026-08-11 19:24:32.944 -0700
AEN,1197133,RACHAEL RAYS REBUILD WF,23,FALSE,1,1,FALSE,10,2024-12-08,2024-12-29,TRUE,1,2026-08-11 19:24:32.944 -0700
AEN,1213511,SQUATTERS,9,FALSE,1,1,FALSE,22,2025-07-01,2026-07-14,TRUE,1,2026-08-11 19:24:32.944 -0700
VICE,1230899,LEGACY FIGHTING ALLIANCE,24,FALSE,1,1,FALSE,15,2026-01-16,2026-07-31,TRUE,1,2026-08-11 19:24:32.944 -0700
LIF,202311,SATURDAY MOVIE II,17,FALSE,2014,2014,FALSE,4,2014-06-14,2014-10-18,TRUE,1,2026-08-11 19:24:32.944 -0700
LIF,202311,SATURDAY MOVIE II,17,FALSE,2013,2013,FALSE,3,2013-02-02,2013-04-20,FALSE,1,2026-08-11 19:24:32.944 -0700
LIF,202311,SATURDAY MOVIE II,17,FALSE,2012,2012,FALSE,1,2012-10-06,2012-10-06,FALSE,1,2026-08-11 19:24:32.944 -0700
LIF,202311,SATURDAY MOVIE II,17,FALSE,2011,2011,FALSE,4,2011-05-21,2011-12-10,FALSE,1,2026-08-11 19:24:32.944 -0700
LIF,202311,SATURDAY MOVIE II,17,FALSE,2009,2009,FALSE,1,2009-09-19,2009-09-19,FALSE,1,2026-08-11 19:24:32.944 -0700
AEN,1055722,TAKING THE STAND,16,FALSE,4,4,FALSE,11,2025-05-28,2025-08-01,TRUE,1,2026-08-11 19:24:32.944 -0700
AEN,1055722,TAKING THE STAND,16,FALSE,3,3,FALSE,12,2024-01-11,2024-03-28,FALSE,1,2026-08-11 19:24:32.944 -0700
AEN,1055722,TAKING THE STAND,16,FALSE,2,2,FALSE,7,2023-01-12,2023-02-23,FALSE,1,2026-08-11 19:24:32.944 -0700
AEN,1055722,TAKING THE STAND,16,FALSE,1,1,FALSE,9,2022-01-13,2022-02-17,FALSE,1,2026-08-11 19:24:32.944 -0700
VICE,1195258,U.S. POKER OPEN,15,FALSE,3,3,FALSE,12,2025-06-21,2025-07-26,TRUE,1,2026-08-11 19:24:32.944 -0700
VICE,1195258,U.S. POKER OPEN,15,FALSE,2,2,FALSE,12,2025-04-12,2025-05-17,FALSE,1,2026-08-11 19:24:32.944 -0700
VICE,1195258,U.S. POKER OPEN,15,FALSE,1,1,FALSE,12,2024-11-09,2024-12-14,FALSE,1,2026-08-11 19:24:32.944 -0700
HIST,1051281,CENTER SEAT: 55 YRS TREK,24,FALSE,1,1,FALSE,4,2021-11-05,2021-11-22,TRUE,1,2026-08-11 19:24:32.944 -0700
AEN,1203114,WWE LFG,7,FALSE,3,3,FALSE,14,2026-04-26,2026-07-26,TRUE,1,2026-08-11 19:24:32.944 -0700
AEN,1203114,WWE LFG,7,FALSE,2,2,FALSE,15,2025-06-22,2025-10-05,FALSE,1,2026-08-11 19:24:32.944 -0700
AEN,1203114,WWE LFG,7,FALSE,1,1,FALSE,15,2025-02-16,2025-05-18,FALSE,1,2026-08-11 19:24:32.944 -0700
LIF,393275,BRING IT SNIPPET,16,FALSE,1,1,FALSE,1,2015-10-09,2015-10-09,TRUE,1,2026-08-11 19:24:32.944 -0700
HIST,363137,VIKINGS,7,FALSE,6B,6,TRUE,10,2021-06-05,2021-06-26,TRUE,1,2026-08-11 19:24:32.944 -0700
HIST,363137,VIKINGS,7,FALSE,6,6,FALSE,10,2019-12-04,2020-02-05,FALSE,1,2026-08-11 19:24:32.944 -0700
HIST,363137,VIKINGS,7,FALSE,5B,5,TRUE,10,2018-11-28,2019-01-30,FALSE,1,2026-08-11 19:24:32.944 -0700
HIST,363137,VIKINGS,7,FALSE,5A,5,TRUE,9,2017-11-29,2018-01-24,FALSE,1,2026-08-11 19:24:32.944 -0700
HIST,363137,VIKINGS,7,FALSE,4B,4,TRUE,10,2016-11-30,2017-02-01,FALSE,1,2026-08-11 19:24:32.944 -0700
HIST,363137,VIKINGS,7,FALSE,4A,4,TRUE,10,2016-02-18,2016-04-21,FALSE,1,2026-08-11 19:24:32.944 -0700
HIST,363137,VIKINGS,7,FALSE,3,3,FALSE,10,2015-02-19,2015-04-23,FALSE,1,2026-08-11 19:24:32.944 -0700
HIST,363137,VIKINGS,7,FALSE,2,2,FALSE,10,2014-02-27,2014-05-01,FALSE,1,2026-08-11 19:24:32.944 -0700
HIST,363137,VIKINGS,7,FALSE,1,1,FALSE,9,2013-03-03,2013-04-28,FALSE,1,2026-08-11 19:24:32.944 -0700
LMN,252195,MOVIE,5,FALSE,2016,2016,FALSE,42,2015-12-28,2016-12-25,TRUE,2,2026-08-11 19:24:32.944 -0700
LMN,252195,MOVIE,5,FALSE,2015,2015,FALSE,12,2015-10-04,2015-12-27,FALSE,2,2026-08-11 19:24:32.944 -0700
LMN,252195,MOVIE,5,FALSE,2014,2014,FALSE,1,2014-09-21,2014-09-21,FALSE,2,2026-08-11 19:24:32.944 -0700
LMN,252195,MOVIE,5,FALSE,2012,2012,FALSE,5,2012-01-01,2012-03-18,FALSE,2,2026-08-11 19:24:32.944 -0700
LMN,252195,MOVIE,5,FALSE,1,1,FALSE,4,2008-03-30,2009-11-15,FALSE,2,2026-08-11 19:24:32.944 -0700
LIF,1023513,CHICAGO ER,10,FALSE,2020,2020,FALSE,1,2020-09-22,2020-09-22,TRUE,1,2026-08-11 19:24:32.944 -0700
VICE,1006859,TIME IS NOW: RACE & RESOL,25,TRUE,2020,2020,FALSE,1,2020-06-08,2020-06-08,TRUE,6,2026-08-11 19:24:32.944 -0700
HIST,452029,MOTOR TREND PRESENTS,20,FALSE,1,1,FALSE,1,2019-01-12,2019-01-12,TRUE,1,2026-08-11 19:24:32.944 -0700
VICE,1023412,I WAS A TEENAGE FELON,21,FALSE,2,2,FALSE,10,2021-09-20,2021-11-22,TRUE,1,2026-08-11 19:24:32.944 -0700
VICE,1023412,I WAS A TEENAGE FELON,21,FALSE,1,1,FALSE,10,2020-09-22,2020-12-08,FALSE,1,2026-08-11 19:24:32.944 -0700
AEN,1034563,I SURVIVED A CRIME,18,FALSE,2,2,FALSE,12,2023-05-31,2023-07-19,TRUE,1,2026-08-11 19:24:32.944 -0700
AEN,1034563,I SURVIVED A CRIME,18,FALSE,1,1,FALSE,20,2021-02-17,2021-04-14,FALSE,1,2026-08-11 19:24:32.944 -0700
HIST,384586,LAST DAYS OF THE NAZIS,22,FALSE,1,1,FALSE,1,2015-04-21,2015-04-21,TRUE,1,2026-08-11 19:24:32.944 -0700
FYI,385402,WATERFRONT HSE HUNTING,22,FALSE,3,3,FALSE,8,2018-01-04,2018-01-25,TRUE,1,2026-08-11 19:24:32.944 -0700
FYI,385402,WATERFRONT HSE HUNTING,22,FALSE,2,2,FALSE,12,2016-07-09,2016-09-24,FALSE,1,2026-08-11 19:24:32.944 -0700
FYI,385402,WATERFRONT HSE HUNTING,22,FALSE,1,1,FALSE,14,2015-05-25,2015-07-22,FALSE,1,2026-08-11 19:24:32.944 -0700
HIST,1151055,ALONE AUSTRALIA,15,FALSE,3,3,FALSE,13,2025-06-12,2025-08-21,TRUE,1,2026-08-11 19:24:32.944 -0700
HIST,1151055,ALONE AUSTRALIA,15,FALSE,2,2,FALSE,10,2024-06-20,2024-08-22,FALSE,1,2026-08-11 19:24:32.944 -0700
HIST,1151055,ALONE AUSTRALIA,15,FALSE,1,1,FALSE,11,2023-08-10,2023-10-26,FALSE,1,2026-08-11 19:24:32.944 -0700
LIF,1169117,I WASNT EXPECTING A BABY!,25,TRUE,1,1,FALSE,8,2024-02-08,2024-02-29,TRUE,1,2026-08-11 19:24:32.944 -0700
LIF,365967,PRETTY WICKED MOMS,18,FALSE,1,1,FALSE,9,2013-06-04,2013-07-30,TRUE,1,2026-08-11 19:24:32.944 -0700
LIF,315601,YOUR MAMA DONT DANCE,20,FALSE,1,1,FALSE,8,2008-02-29,2008-04-18,TRUE,1,2026-08-11 19:24:32.944 -0700
HIST,448863,RETURN SHELBY SWAMP MAN,23,FALSE,1,1,FALSE,5,2018-10-11,2018-11-08,TRUE,1,2026-08-11 19:24:32.944 -0700
HIST,1159193,BEYOND THE BATTLEFIELD,22,FALSE,1,1,FALSE,2,2023-11-11,2023-11-11,TRUE,1,2026-08-11 19:24:32.944 -0700
VICE,1025945,FINISHING SCHOOL,16,FALSE,1,1,FALSE,3,2020-10-13,2020-11-16,TRUE,1,2026-08-11 19:24:32.944 -0700
LIF,1018852,MARRYING MILLIONS SP,20,FALSE,2,2,FALSE,3,2020-07-29,2021-01-20,TRUE,1,2026-08-11 19:24:32.944 -0700
LIF,420514,DANCE MOMS SHORT,16,FALSE,8,8,FALSE,1,2019-06-03,2019-06-03,TRUE,1,2026-08-11 19:24:32.944 -0700
LIF,420514,DANCE MOMS SHORT,16,FALSE,7B,7,TRUE,1,2017-10-10,2017-10-10,FALSE,1,2026-08-11 19:24:32.944 -0700
LIF,367090,CATERING WARS,13,FALSE,1,1,FALSE,3,2013-07-16,2013-07-30,TRUE,1,2026-08-11 19:24:32.944 -0700
HIST,398381,WAR & PEACE,11,FALSE,1,1,FALSE,2,2016-01-18,2016-01-25,TRUE,3,2026-08-11 19:24:32.944 -0700
HIST,451907,ENGINE POWER,12,FALSE,1,1,FALSE,34,2019-01-13,2019-11-24,TRUE,1,2026-08-11 19:24:32.944 -0700
LIF,1033473,LWATL UNFILTERED,16,FALSE,6B,6,TRUE,8,2021-08-26,2021-09-16,TRUE,1,2026-08-11 19:24:32.944 -0700
LIF,1033473,LWATL UNFILTERED,16,FALSE,6,6,FALSE,8,2021-01-29,2021-03-19,FALSE,1,2026-08-11 19:24:32.944 -0700
VICE,403841,VICE WORLD OF SPORTS,20,FALSE,2,2,FALSE,9,2017-02-22,2017-04-12,TRUE,1,2026-08-11 19:24:32.944 -0700
VICE,407522,CYBERWAR,8,FALSE,2,2,FALSE,8,2017-10-03,2017-11-21,TRUE,1,2026-08-11 19:24:32.944 -0700
VICE,407522,CYBERWAR,8,FALSE,1,1,FALSE,8,2016-10-25,2016-12-20,FALSE,1,2026-08-11 19:24:32.944 -0700
AEN,1214373,LIE DETECTOR: TRUTH OR DE,25,TRUE,1,1,FALSE,7,2025-07-10,2025-08-14,TRUE,1,2026-08-11 19:24:32.944 -0700
HIST,444785,SWAMP MYSTERIES,15,FALSE,3,3,FALSE,8,2025-02-27,2025-04-24,TRUE,1,2026-08-11 19:24:32.944 -0700
HIST,444785,SWAMP MYSTERIES,15,FALSE,2,2,FALSE,6,2024-01-04,2024-02-08,FALSE,1,2026-08-11 19:24:32.944 -0700
HIST,444785,SWAMP MYSTERIES,15,FALSE,1,1,FALSE,6,2018-06-07,2018-07-12,FALSE,1,2026-08-11 19:24:32.944 -0700
HIST,370499,BIBLE SECRETS REVEALED,22,FALSE,1B,1,TRUE,1,2014-01-23,2014-01-23,TRUE,1,2026-08-11 19:24:32.944 -0700
HIST,370499,BIBLE SECRETS REVEALED,22,FALSE,1,1,FALSE,5,2013-11-13,2013-12-18,FALSE,1,2026-08-11 19:24:32.944 -0700
LIF,1147029,VC ANDREWS DAWN,15,FALSE,1,1,FALSE,4,2023-07-08,2023-07-29,TRUE,1,2026-08-11 19:24:32.944 -0700
AEN,447158,LIVE PD THU,11,FALSE,4,4,FALSE,1,2019-10-17,2019-10-17,TRUE,1,2026-08-11 19:24:32.944 -0700
AEN,447158,LIVE PD THU,11,FALSE,3,3,FALSE,2,2018-11-01,2019-01-03,FALSE,1,2026-08-11 19:24:32.944 -0700
AEN,447158,LIVE PD THU,11,FALSE,2,2,FALSE,2,2018-08-16,2018-08-16,FALSE,1,2026-08-11 19:24:32.944 -0700
AEN,405097,60 DAYS IN REUNION,18,FALSE,8,8,FALSE,2,2023-09-07,2023-09-14,TRUE,1,2026-08-11 19:24:32.944 -0700
AEN,405097,60 DAYS IN REUNION,18,FALSE,7,7,FALSE,2,2022-10-27,2022-10-27,FALSE,1,2026-08-11 19:24:32.944 -0700
AEN,405097,60 DAYS IN REUNION,18,FALSE,6,6,FALSE,2,2020-04-23,2020-04-30,FALSE,1,2026-08-11 19:24:32.944 -0700
AEN,405097,60 DAYS IN REUNION,18,FALSE,5,5,FALSE,1,2019-03-14,2019-03-14,FALSE,1,2026-08-11 19:24:32.944 -0700
AEN,405097,60 DAYS IN REUNION,18,FALSE,4,4,FALSE,1,2018-03-22,2018-03-22,FALSE,1,2026-08-11 19:24:32.944 -0700
AEN,405097,60 DAYS IN REUNION,18,FALSE,3,3,FALSE,1,2017-05-18,2017-05-18,FALSE,1,2026-08-11 19:24:32.944 -0700
AEN,405097,60 DAYS IN REUNION,18,FALSE,2,2,FALSE,1,2016-11-10,2016-11-10,FALSE,1,2026-08-11 19:24:32.944 -0700
AEN,405097,60 DAYS IN REUNION,18,FALSE,1,1,FALSE,1,2016-05-26,2016-05-26,FALSE,1,2026-08-11 19:24:32.944 -0700
LIF,1218500,CHRISLEYS BACK TO REALITY,25,TRUE,1,1,FALSE,8,2025-09-01,2025-09-16,TRUE,1,2026-08-11 19:24:32.944 -0700
FYI,453954,ALL YOU NEED TO KNOW,20,FALSE,2021,2021,FALSE,1,2021-04-18,2021-04-18,TRUE,1,2026-08-11 19:24:32.944 -0700
FYI,453954,ALL YOU NEED TO KNOW,20,FALSE,2020,2020,FALSE,2,2020-02-20,2020-07-27,FALSE,1,2026-08-11 19:24:32.944 -0700
FYI,453954,ALL YOU NEED TO KNOW,20,FALSE,2019,2019,FALSE,4,2019-03-31,2019-11-24,FALSE,1,2026-08-11 19:24:32.944 -0700
HIST,404326,MOUNTAIN MEN SPECIALS,21,FALSE,14,14,FALSE,1,2025-11-26,2025-11-26,TRUE,1,2026-08-11 19:24:32.944 -0700
HIST,404326,MOUNTAIN MEN SPECIALS,21,FALSE,6,6,FALSE,1,2017-06-08,2017-06-08,FALSE,1,2026-08-11 19:24:32.944 -0700
HIST,404326,MOUNTAIN MEN SPECIALS,21,FALSE,5,5,FALSE,1,2016-05-05,2016-05-05,FALSE,1,2026-08-11 19:24:32.944 -0700
FYI,377218,EPIC MEAL EMPIRE,16,FALSE,2,2,FALSE,8,2014-11-21,2014-12-12,TRUE,1,2026-08-11 19:24:32.944 -0700
FYI,377218,EPIC MEAL EMPIRE,16,FALSE,1,1,FALSE,12,2014-07-26,2014-09-20,FALSE,1,2026-08-11 19:24:32.944 -0700
HIST,1005539,GRANT,5,FALSE,1,1,FALSE,3,2020-05-25,2020-05-27,TRUE,1,2026-08-11 19:24:32.944 -0700
FYI,428601,KNOW IT ALL GUIDE TO,20,FALSE,1B,1,TRUE,4,2017-09-11,2017-09-11,TRUE,1,2026-08-11 19:24:32.944 -0700
FYI,428601,KNOW IT ALL GUIDE TO,20,FALSE,1,1,FALSE,8,2017-07-31,2017-08-21,FALSE,1,2026-08-11 19:24:32.944 -0700
AEN,410213,BORN THIS WAY SPECIALS,22,FALSE,4,4,FALSE,1,2019-12-18,2019-12-18,TRUE,1,2026-08-11 19:24:32.944 -0700
AEN,410213,BORN THIS WAY SPECIALS,22,FALSE,2,2,FALSE,1,2016-10-04,2016-10-04,FALSE,1,2026-08-11 19:24:32.944 -0700
AEN,436427,MENENDEZ MURDERS,16,FALSE,1,1,FALSE,5,2017-11-30,2017-12-28,TRUE,1,2026-08-11 19:24:32.944 -0700
AEN,417916,INTERVENTION CA FL,18,FALSE,2B,2,TRUE,2,2016-12-26,2017-01-02,TRUE,1,2026-08-11 19:24:32.944 -0700
AEN,326378,HAMMERTIME,10,FALSE,1,1,FALSE,11,2009-06-14,2009-07-26,TRUE,1,2026-08-11 19:24:32.944 -0700
LIF,451890,SURVIVING R. KELLY SHORT,24,FALSE,2019,2019,FALSE,1,2019-01-11,2019-01-11,TRUE,1,2026-08-11 19:24:32.944 -0700
AEN,1004002,ACCUSED: GUILTY OR... FL,24,FALSE,1,1,FALSE,1,2020-04-16,2020-04-16,TRUE,1,2026-08-11 19:24:32.944 -0700
AEN,415014,KILLING SEASON FL,17,FALSE,1,1,FALSE,1,2016-11-05,2016-11-05,TRUE,1,2026-08-11 19:24:32.944 -0700
VICE,1205649,ARENA FOOTBALL ONE,18,FALSE,2026,2026,FALSE,17,2026-04-11,2026-08-02,TRUE,1,2026-08-11 19:24:32.944 -0700
VICE,1205649,ARENA FOOTBALL ONE,18,FALSE,2025,2025,FALSE,16,2025-03-16,2025-06-28,FALSE,1,2026-08-11 19:24:32.944 -0700
LIF,397747,PITCH SLAPPED,13,FALSE,1,1,FALSE,8,2016-01-05,2016-02-23,TRUE,1,2026-08-11 19:24:32.944 -0700
LIF,349198,AMERICAS SUPERNANNY,19,FALSE,2,2,FALSE,7,2013-01-08,2013-03-06,TRUE,1,2026-08-11 19:24:32.944 -0700
LIF,349198,AMERICAS SUPERNANNY,19,FALSE,1,1,FALSE,8,2011-11-29,2012-01-31,FALSE,1,2026-08-11 19:24:32.944 -0700
LIF,392005,STEP IT UP,10,FALSE,1,1,FALSE,8,2015-09-25,2015-11-13,TRUE,1,2026-08-11 19:24:32.944 -0700
HIST,386251,LEEPU & PITBULL,15,FALSE,1,1,FALSE,8,2015-06-23,2015-08-11,TRUE,1,2026-08-11 19:24:32.944 -0700
FYI,377749,FOOD FACTORY USA,16,FALSE,2B,2,TRUE,10,2015-09-30,2015-11-11,TRUE,1,2026-08-11 19:24:32.944 -0700
FYI,377749,FOOD FACTORY USA,16,FALSE,2,2,FALSE,16,2015-05-23,2015-08-17,FALSE,1,2026-08-11 19:24:32.944 -0700
FYI,377749,FOOD FACTORY USA,16,FALSE,1,1,FALSE,20,2014-08-21,2014-12-27,FALSE,1,2026-08-11 19:24:32.944 -0700
LIF,1166249,PRISON BRIDES SNEAK PEEK,24,FALSE,1,1,FALSE,1,2024-01-07,2024-01-07,TRUE,1,2026-08-11 19:24:32.944 -0700
FYI,385260,WHAT THE FUNG,13,FALSE,1,1,FALSE,11,2015-05-21,2015-07-16,TRUE,1,2026-08-11 19:24:32.944 -0700
LIF,423442,NWSL SOCCER,11,FALSE,2018,2018,FALSE,15,2018-03-24,2018-09-22,TRUE,1,2026-08-11 19:24:32.944 -0700
LIF,423442,NWSL SOCCER,11,FALSE,2017,2017,FALSE,25,2017-04-15,2017-10-14,FALSE,1,2026-08-11 19:24:32.944 -0700
AEN,458031,GHOST HUNTERS,13,FALSE,14,14,FALSE,9,2020-04-08,2020-05-27,TRUE,1,2026-08-11 19:24:32.944 -0700
AEN,458031,GHOST HUNTERS,13,FALSE,13,13,FALSE,11,2019-08-21,2019-10-30,FALSE,1,2026-08-11 19:24:32.944 -0700
AEN,323252,"BEAST, THE",10,FALSE,1,1,FALSE,13,2009-01-15,2009-04-23,TRUE,1,2026-08-11 19:24:32.944 -0700
LIF,363438,PREACHERS DAUGHTERS,19,FALSE,3,3,FALSE,11,2015-01-23,2015-04-03,TRUE,1,2026-08-11 19:24:32.944 -0700
LIF,363438,PREACHERS DAUGHTERS,19,FALSE,2,2,FALSE,10,2014-03-05,2014-05-07,FALSE,1,2026-08-11 19:24:32.944 -0700
LIF,363438,PREACHERS DAUGHTERS,19,FALSE,1,1,FALSE,10,2013-03-12,2013-05-14,FALSE,1,2026-08-11 19:24:32.944 -0700
HIST,454286,"AMERICAN FARM, THE",18,FALSE,1,1,FALSE,8,2019-04-04,2019-05-23,TRUE,1,2026-08-11 19:24:32.944 -0700
FYI,1057097,UNITED WE DRIVE,15,FALSE,2,2,FALSE,2,2023-02-05,2023-02-05,TRUE,1,2026-08-11 19:24:32.944 -0700
FYI,1057097,UNITED WE DRIVE,15,FALSE,1,1,FALSE,2,2022-02-03,2022-02-03,FALSE,1,2026-08-11 19:24:32.944 -0700
AEN,397911,TINY HOUSE NATION,17,FALSE,5B,5,TRUE,6,2019-08-24,2019-09-28,TRUE,2,2026-08-11 19:24:32.944 -0700
AEN,397911,TINY HOUSE NATION,17,FALSE,5,5,FALSE,8,2019-03-13,2019-05-08,FALSE,2,2026-08-11 19:24:32.944 -0700
AEN,408547,FIRST 48: INSIDE THE TAPE,25,TRUE,2025,2025,FALSE,4,2025-09-11,2025-10-16,TRUE,1,2026-08-11 19:24:32.944 -0700
AEN,408547,FIRST 48: INSIDE THE TAPE,25,TRUE,2024,2024,FALSE,4,2024-02-15,2024-08-29,FALSE,1,2026-08-11 19:24:32.944 -0700
AEN,408547,FIRST 48 MINI,13,FALSE,2023,2023,FALSE,3,2023-08-17,2023-09-13,FALSE,1,2026-08-11 19:24:32.944 -0700
AEN,408547,FIRST 48 MINI,13,FALSE,2021,2021,FALSE,1,2021-02-25,2021-02-25,FALSE,1,2026-08-11 19:24:32.944 -0700
AEN,408547,FIRST 48 MINI,13,FALSE,3,3,FALSE,5,2018-04-12,2018-09-06,FALSE,1,2026-08-11 19:24:32.944 -0700
AEN,408547,FIRST 48 MINI,13,FALSE,2,2,FALSE,5,2017-03-16,2017-06-29,FALSE,1,2026-08-11 19:24:32.944 -0700
AEN,408547,FIRST 48 MINI,13,FALSE,1,1,FALSE,12,2016-07-14,2016-11-12,FALSE,1,2026-08-11 19:24:32.944 -0700
LMN,417919,MOVIE- LMN ACQUIRED PREM,24,FALSE,2026,2026,FALSE,29,2026-01-02,2026-07-31,TRUE,1,2026-08-11 19:24:32.944 -0700
LMN,417919,MOVIE- LMN ACQUIRED PREM,24,FALSE,2025,2025,FALSE,51,2025-01-03,2025-12-26,FALSE,1,2026-08-11 19:24:32.944 -0700
LMN,417919,MOVIE- LMN ACQUIRED PREM,24,FALSE,2024,2024,FALSE,45,2024-01-04,2024-12-19,FALSE,1,2026-08-11 19:24:32.944 -0700
LMN,417919,MOVIE- LMN ACQUIRED PREM,24,FALSE,2023,2023,FALSE,46,2023-01-06,2023-12-28,FALSE,1,2026-08-11 19:24:32.944 -0700
LMN,417919,MOVIE- LMN ACQUIRED PREM,24,FALSE,2022,2022,FALSE,52,2022-01-06,2022-12-02,FALSE,1,2026-08-11 19:24:32.944 -0700
LMN,417919,MOVIE- LMN ACQUIRED PREM,24,FALSE,2021,2021,FALSE,63,2021-01-01,2021-12-31,FALSE,1,2026-08-11 19:24:32.944 -0700
LMN,417919,MOVIE- LMN ACQUIRED PREM,24,FALSE,2020,2020,FALSE,40,2020-01-01,2020-12-26,FALSE,1,2026-08-11 19:24:32.944 -0700
LMN,417919,MOVIE- LMN ACQUIRED PREM,24,FALSE,2019,2019,FALSE,62,2019-01-02,2019-12-21,FALSE,1,2026-08-11 19:24:32.944 -0700
LMN,417919,MOVIE- LMN ACQUIRED PREM,24,FALSE,2018,2018,FALSE,46,2018-01-05,2018-12-30,FALSE,1,2026-08-11 19:24:32.944 -0700
LMN,417919,MOVIE- LMN ACQUIRED PREM,24,FALSE,2017,2017,FALSE,53,2016-12-26,2017-12-31,FALSE,1,2026-08-11 19:24:32.944 -0700
FYI,408964,MAFS: UNFILTERED,16,FALSE,5,5,FALSE,1,2017-05-02,2017-05-02,TRUE,2,2026-08-11 19:24:32.944 -0700
FYI,408964,MAFS: UNFILTERED,16,FALSE,4,4,FALSE,14,2016-07-26,2016-10-30,FALSE,2,2026-08-11 19:24:32.944 -0700
LIF,443056,MY PARTNER KNOWS BEST,21,FALSE,1,1,FALSE,2,2018-04-25,2018-05-02,TRUE,1,2026-08-11 19:24:32.944 -0700
FYI,459186,"PICK, FLIP & DRIVE",18,FALSE,1,1,FALSE,8,2019-09-07,2019-09-28,TRUE,1,2026-08-11 19:24:32.944 -0700
FYI,400999,BRIDE & PREJUDICE,17,FALSE,1,1,FALSE,6,2016-03-15,2016-04-19,TRUE,1,2026-08-11 19:24:32.944 -0700
AEN,432444,LOWE FILES SPECIALS,19,FALSE,1,1,FALSE,1,2017-09-27,2017-09-27,TRUE,1,2026-08-11 19:24:32.944 -0700
AEN,318848,"CLEANER, THE",12,FALSE,2,2,FALSE,13,2009-06-23,2009-09-15,TRUE,1,2026-08-11 19:24:32.944 -0700
AEN,318848,"CLEANER, THE",12,FALSE,1,1,FALSE,13,2008-07-15,2008-10-14,FALSE,1,2026-08-11 19:24:32.944 -0700
AEN,378878,DEAD AGAIN,10,FALSE,1,1,FALSE,9,2014-10-02,2015-03-07,TRUE,1,2026-08-11 19:24:32.944 -0700
HIST,349145,REAL DEAL,9,FALSE,1,1,FALSE,8,2011-11-27,2011-12-18,TRUE,1,2026-08-11 19:24:32.944 -0700
VICE,439327,SLUTEVER,8,FALSE,2,2,FALSE,8,2019-02-10,2019-03-31,TRUE,1,2026-08-11 19:24:32.944 -0700
VICE,439327,SLUTEVER,8,FALSE,1,1,FALSE,10,2018-01-24,2018-03-28,FALSE,1,2026-08-11 19:24:32.944 -0700
LIF,396725,BILLBOARD WOMEN IN MUSIC,24,FALSE,2016,2016,FALSE,1,2016-12-12,2016-12-12,TRUE,1,2026-08-11 19:24:32.944 -0700
LIF,396725,BILLBOARD WOMEN IN MUSIC,24,FALSE,2015,2015,FALSE,1,2015-12-18,2015-12-18,FALSE,1,2026-08-11 19:24:32.944 -0700
FYI,1048145,SMART HOME NATION,17,FALSE,1,1,FALSE,10,2021-09-20,2021-10-18,TRUE,1,2026-08-11 19:24:32.944 -0700
AEN,1077485,LIVING SMALLER,14,FALSE,1,1,FALSE,26,2022-06-04,2022-08-28,TRUE,1,2026-08-11 19:24:32.944 -0700
LMN,400789,INTERVENTION: CODEPENDENT,25,TRUE,1,1,FALSE,5,2016-03-08,2016-04-05,TRUE,1,2026-08-11 19:24:32.944 -0700
LIF,369503,MILLION DOLLAR SHOPPERS,23,FALSE,1,1,FALSE,6,2013-10-10,2013-11-14,TRUE,1,2026-08-11 19:24:32.944 -0700
HIST,361090,AMERICAN WISEASS,16,FALSE,1,1,FALSE,1,2012-12-10,2012-12-10,TRUE,1,2026-08-11 19:24:32.944 -0700
FYI,384409,OUTBACK NATION,14,FALSE,1,1,FALSE,9,2015-04-13,2015-06-14,TRUE,1,2026-08-11 19:24:32.944 -0700
AEN,288729,A&E INDIE FILMS,15,FALSE,2025,2025,FALSE,1,2025-06-19,2025-06-19,TRUE,1,2026-08-11 19:24:32.944 -0700
AEN,288729,A&E INDIE FILMS,15,FALSE,2023,2023,FALSE,1,2023-07-16,2023-07-16,FALSE,1,2026-08-11 19:24:32.944 -0700
AEN,288729,A&E INDIE FILMS,15,FALSE,2019,2019,FALSE,2,2019-02-11,2019-03-03,FALSE,1,2026-08-11 19:24:32.944 -0700
AEN,288729,A&E INDIE FILMS,15,FALSE,2018,2018,FALSE,2,2018-08-27,2018-09-24,FALSE,1,2026-08-11 19:24:32.944 -0700
AEN,288729,A&E INDIE FILMS,15,FALSE,2017,2017,FALSE,3,2017-01-07,2017-12-11,FALSE,1,2026-08-11 19:24:32.944 -0700
AEN,288729,A&E INDIE FILMS,15,FALSE,2016,2016,FALSE,1,2016-01-04,2016-01-04,FALSE,1,2026-08-11 19:24:32.944 -0700
AEN,288729,A&E INDIE FILMS,15,FALSE,2015,2015,FALSE,1,2015-09-06,2015-09-06,FALSE,1,2026-08-11 19:24:32.944 -0700
AEN,288729,A&E INDIE FILMS,15,FALSE,2014,2014,FALSE,1,2014-09-20,2014-09-20,FALSE,1,2026-08-11 19:24:32.944 -0700
AEN,288729,A&E INDIE FILMS,15,FALSE,2013,2013,FALSE,1,2013-09-27,2013-09-27,FALSE,1,2026-08-11 19:24:32.944 -0700
AEN,288729,A&E INDIE FILMS,15,FALSE,2012,2012,FALSE,1,2012-05-25,2012-05-25,FALSE,1,2026-08-11 19:24:32.944 -0700
AEN,288729,A&E INDIE FILMS,15,FALSE,2010,2010,FALSE,1,2010-09-25,2010-09-25,FALSE,1,2026-08-11 19:24:32.944 -0700
AEN,288729,A&E INDIE FILMS,15,FALSE,2007,2007,FALSE,1,2007-12-30,2007-12-30,FALSE,1,2026-08-11 19:24:32.944 -0700
VICE,1040407,FANATICS: THE DEEP END,22,FALSE,1,1,FALSE,6,2021-05-27,2021-07-01,TRUE,1,2026-08-11 19:24:32.944 -0700
HIST,416981,"SELECTION, THE",14,FALSE,1,1,FALSE,8,2016-12-08,2017-01-26,TRUE,1,2026-08-11 19:24:32.944 -0700
AEN,1235301,K9 PD WITH JIM BELUSHI,22,FALSE,1,1,FALSE,20,2026-03-25,2026-06-03,TRUE,1,2026-08-11 19:24:32.944 -0700
LIF,421103,BRINGING UP BALLERS,19,FALSE,1,1,FALSE,6,2017-03-01,2017-04-05,TRUE,1,2026-08-11 19:24:32.944 -0700
AEN,438917,ROOSTER & BUTCH,15,FALSE,1,1,FALSE,10,2018-01-10,2018-03-14,TRUE,1,2026-08-11 19:24:32.944 -0700
AEN,348169,AMERICAN HOGGERS,16,FALSE,3,3,FALSE,20,2013-04-16,2013-11-19,TRUE,1,2026-08-11 19:24:32.944 -0700
AEN,348169,AMERICAN HOGGERS,16,FALSE,2,2,FALSE,13,2012-08-15,2012-10-03,FALSE,1,2026-08-11 19:24:32.944 -0700
AEN,348169,AMERICAN HOGGERS,16,FALSE,1,1,FALSE,9,2011-10-19,2011-11-16,FALSE,1,2026-08-11 19:24:32.944 -0700
VICE,1200146,NIGHTCAP W SHANNON SHARPE,25,TRUE,1,1,FALSE,17,2025-01-07,2025-04-29,TRUE,1,2026-08-11 19:24:32.944 -0700
FYI,427929,"QUESTION OF LOVE, A",19,FALSE,1B,1,TRUE,2,2017-08-20,2017-08-20,TRUE,1,2026-08-11 19:24:32.944 -0700
FYI,427929,"QUESTION OF LOVE, A",19,FALSE,1,1,FALSE,6,2017-07-11,2017-08-27,FALSE,1,2026-08-11 19:24:32.944 -0700
VICE,1058461,DEVOURED,8,FALSE,1,1,FALSE,6,2022-02-21,2022-03-28,TRUE,1,2026-08-11 19:24:32.944 -0700
AEN,1203663,COLD CASE FILES:DEAD WEST,25,TRUE,1,1,FALSE,6,2025-02-21,2025-03-14,TRUE,1,2026-08-11 19:24:32.944 -0700
AEN,394532,ESCAPING POLYGAMY,17,FALSE,3,3,FALSE,4,2017-08-07,2017-08-28,TRUE,3,2026-08-11 19:24:32.944 -0700
AEN,394532,ESCAPING POLYGAMY,17,FALSE,2,2,FALSE,10,2016-07-10,2016-09-11,FALSE,3,2026-08-11 19:24:32.944 -0700
LMN,404189,AMERICAN MURDER HOUSE,21,FALSE,1,1,FALSE,1,2016-05-04,2016-05-04,TRUE,1,2026-08-11 19:24:32.944 -0700
AEN,451073,LIVE PD: PD CAM SPECIALS,24,FALSE,3,3,FALSE,2,2019-12-19,2019-12-26,TRUE,1,2026-08-11 19:24:32.944 -0700
AEN,451073,LIVE PD: PD CAM SPECIALS,24,FALSE,2,2,FALSE,1,2018-12-20,2018-12-20,FALSE,1,2026-08-11 19:24:32.944 -0700
HIST,1182079,PROOF IS OUT THERE: ALIEN,25,TRUE,2,2,FALSE,10,2026-03-12,2026-05-26,TRUE,1,2026-08-11 19:24:32.944 -0700
HIST,1182079,PROOF IS OUT THERE: ALIEN,25,TRUE,1,1,FALSE,6,2024-06-28,2024-08-16,FALSE,1,2026-08-11 19:24:32.944 -0700
AEN,350794,SHIPPING WARS,13,FALSE,9,9,FALSE,16,2021-11-30,2022-01-25,TRUE,1,2026-08-11 19:24:32.944 -0700
AEN,350794,SHIPPING WARS,13,FALSE,8,8,FALSE,12,2015-02-10,2015-04-29,FALSE,1,2026-08-11 19:24:32.944 -0700
AEN,350794,SHIPPING WARS,13,FALSE,7,7,FALSE,8,2014-11-18,2014-12-09,FALSE,1,2026-08-11 19:24:32.944 -0700
AEN,350794,SHIPPING WARS,13,FALSE,6,6,FALSE,20,2014-06-03,2014-08-05,FALSE,1,2026-08-11 19:24:32.944 -0700
AEN,350794,SHIPPING WARS,13,FALSE,5,5,FALSE,12,2013-12-03,2014-01-14,FALSE,1,2026-08-11 19:24:32.944 -0700
AEN,350794,SHIPPING WARS,13,FALSE,4,4,FALSE,12,2013-06-11,2013-07-30,FALSE,1,2026-08-11 19:24:32.944 -0700
AEN,350794,SHIPPING WARS,13,FALSE,3,3,FALSE,12,2012-12-12,2013-01-30,FALSE,1,2026-08-11 19:24:32.944 -0700
AEN,350794,SHIPPING WARS,13,FALSE,2,2,FALSE,14,2012-08-07,2012-10-02,FALSE,1,2026-08-11 19:24:32.944 -0700
AEN,350794,SHIPPING WARS,13,FALSE,1,1,FALSE,10,2012-01-10,2012-02-07,FALSE,1,2026-08-11 19:24:32.944 -0700
HIST,1206489,"DEATH COAST, THE",16,FALSE,1,1,FALSE,8,2025-04-01,2025-06-07,TRUE,1,2026-08-11 19:24:32.944 -0700
AEN,444783,MATTER OF FACT W/ SOLEDAD,25,TRUE,1,1,FALSE,11,2018-06-03,2018-08-12,TRUE,2,2026-08-11 19:24:32.944 -0700
HIST,326986,THATS IMPOSSIBLE,16,FALSE,1,1,FALSE,6,2009-07-07,2009-08-11,TRUE,1,2026-08-11 19:24:32.944 -0700
HIST,451862,PROJECT BLUE BOOK,17,FALSE,2,2,FALSE,10,2020-01-21,2020-03-24,TRUE,1,2026-08-11 19:24:32.944 -0700
HIST,451862,PROJECT BLUE BOOK,17,FALSE,1,1,FALSE,10,2019-01-08,2019-03-12,FALSE,1,2026-08-11 19:24:32.944 -0700
LIF,380450,SISTERHOOD: BECOMING NUNS,25,TRUE,1,1,FALSE,6,2014-11-25,2014-12-16,TRUE,1,2026-08-11 19:24:32.944 -0700
AEN,303027,GENE SIMMONS FAMILY JEWEL,25,TRUE,7,7,FALSE,14,2012-05-28,2012-07-14,TRUE,1,2026-08-11 19:24:32.944 -0700
AEN,303027,GENE SIMMONS FAMILY JEWEL,25,TRUE,6,6,FALSE,17,2011-06-14,2011-10-18,FALSE,1,2026-08-11 19:24:32.944 -0700
AEN,303027,GENE SIMMONS FAMILY JEWEL,25,TRUE,5,5,FALSE,25,2010-03-21,2010-12-26,FALSE,1,2026-08-11 19:24:32.944 -0700
AEN,303027,GENE SIMMONS FAMILY JEWEL,25,TRUE,4,4,FALSE,18,2009-06-07,2009-08-16,FALSE,1,2026-08-11 19:24:32.944 -0700
AEN,303027,GENE SIMMONS FAMILY JEWEL,25,TRUE,3,3,FALSE,29,2008-03-11,2008-08-24,FALSE,1,2026-08-11 19:24:32.944 -0700
AEN,303027,GENE SIMMONS FAMILY JEWEL,25,TRUE,2,2,FALSE,9,2007-07-08,2007-08-26,FALSE,1,2026-08-11 19:24:32.944 -0700
AEN,398203,FIT TO FAT TO FIT,17,FALSE,1,1,FALSE,10,2016-01-19,2016-03-15,TRUE,2,2026-08-11 19:24:32.944 -0700
VICE,403544,VICELAND SPECIALS,17,FALSE,2019,2019,FALSE,2,2019-07-22,2019-11-14,TRUE,1,2026-08-11 19:24:32.944 -0700
VICE,403544,VICELAND SPECIALS,17,FALSE,2018,2018,FALSE,4,2018-04-16,2018-12-14,FALSE,1,2026-08-11 19:24:32.944 -0700
VICE,403544,VICELAND SPECIALS,17,FALSE,2017,2017,FALSE,6,2017-02-03,2017-06-21,FALSE,1,2026-08-11 19:24:32.944 -0700
VICE,403544,VICELAND SPECIALS,17,FALSE,2016,2016,FALSE,4,2016-10-04,2016-12-12,FALSE,1,2026-08-11 19:24:32.944 -0700
AEN,424956,LIVE PD XTRA,12,FALSE,4,4,FALSE,51,2019-09-20,2020-03-14,TRUE,1,2026-08-11 19:24:32.944 -0700
AEN,424956,LIVE PD XTRA,12,FALSE,3,3,FALSE,88,2018-09-21,2019-08-24,FALSE,1,2026-08-11 19:24:32.944 -0700
AEN,424956,LIVE PD XTRA,12,FALSE,2,2,FALSE,80,2017-10-06,2018-08-25,FALSE,1,2026-08-11 19:24:32.944 -0700
AEN,424956,LIVE PD XTRA,12,FALSE,1,1,FALSE,6,2017-08-04,2017-08-19,FALSE,1,2026-08-11 19:24:32.944 -0700
AEN,357659,COMA,4,FALSE,1,1,FALSE,2,2012-09-03,2012-09-04,TRUE,1,2026-08-11 19:24:32.944 -0700
VICE,420563,TRAPPED,7,FALSE,2,2,FALSE,10,2019-12-06,2019-12-13,TRUE,1,2026-08-11 19:24:32.944 -0700
VICE,420563,TRAPPED,7,FALSE,1,1,FALSE,10,2017-02-19,2017-03-26,FALSE,1,2026-08-11 19:24:32.944 -0700
AEN,456129,HERO INK,8,FALSE,1,1,FALSE,12,2019-06-06,2019-07-11,TRUE,1,2026-08-11 19:24:32.944 -0700
VICE,421943,OUTSIDER,8,FALSE,1,1,FALSE,4,2017-03-17,2017-04-07,TRUE,1,2026-08-11 19:24:32.944 -0700
AEN,425473,WOMEN WHO KILL,14,FALSE,2017,2017,FALSE,1,2017-06-05,2017-06-05,TRUE,1,2026-08-11 19:24:32.944 -0700
LIF,1001752,HOPELESSLY IN LOVE,18,FALSE,1,1,FALSE,3,2020-01-04,2020-01-17,TRUE,1,2026-08-11 19:24:32.944 -0700
LIF,360222,TEEN TROUBLE,12,FALSE,1,1,FALSE,8,2012-11-02,2013-02-01,TRUE,1,2026-08-11 19:24:32.944 -0700
HIST,397269,SMARTEST GUY IN THE ROOM,24,FALSE,1,1,FALSE,12,2016-01-01,2016-02-16,TRUE,1,2026-08-11 19:24:32.944 -0700
AEN,361892,STORAGE WARS NEW YORK,21,FALSE,2,2,FALSE,20,2013-07-09,2013-11-08,TRUE,1,2026-08-11 19:24:32.944 -0700
AEN,361892,STORAGE WARS NEW YORK,21,FALSE,1,1,FALSE,6,2013-01-01,2013-01-15,FALSE,1,2026-08-11 19:24:32.944 -0700
VICE,408238,PARTY LEGENDS,13,FALSE,2,2,FALSE,8,2017-06-08,2017-07-27,TRUE,1,2026-08-11 19:24:32.944 -0700
AEN,1090222,WWE RIVALS,10,FALSE,5B,5,TRUE,2,2026-05-24,2026-05-24,TRUE,1,2026-08-11 19:24:32.944 -0700
AEN,1090222,WWE RIVALS,10,FALSE,5,5,FALSE,9,2025-02-16,2025-04-13,FALSE,1,2026-08-11 19:24:32.944 -0700
AEN,1090222,WWE RIVALS,10,FALSE,4,4,FALSE,6,2024-04-21,2024-05-19,FALSE,1,2026-08-11 19:24:32.944 -0700
AEN,1090222,WWE RIVALS,10,FALSE,3,3,FALSE,6,2024-02-25,2024-03-31,FALSE,1,2026-08-11 19:24:32.944 -0700
AEN,1090222,WWE RIVALS,10,FALSE,2,2,FALSE,10,2023-02-19,2023-04-23,FALSE,1,2026-08-11 19:24:32.944 -0700
AEN,1090222,WWE RIVALS,10,FALSE,1,1,FALSE,8,2022-07-10,2022-09-04,FALSE,1,2026-08-11 19:24:32.944 -0700
AEN,424911,STORAGE WARS CA,15,FALSE,2,2,FALSE,16,2018-04-04,2018-05-13,TRUE,1,2026-08-11 19:24:32.944 -0700
AEN,424911,STORAGE WARS CA,15,FALSE,1,1,FALSE,35,2017-05-17,2018-01-24,FALSE,1,2026-08-11 19:24:32.944 -0700
VICE,1039340,"I, SNIPER",9,FALSE,1,1,FALSE,8,2021-05-10,2021-06-28,TRUE,1,2026-08-11 19:24:32.944 -0700
AEN,350930,FLIPPING BOSTON,15,FALSE,1,1,FALSE,3,2013-02-23,2013-03-09,TRUE,1,2026-08-11 19:24:32.944 -0700
AEN,1235307,SOUTHERN LAW,12,FALSE,1,1,FALSE,10,2026-03-25,2026-05-27,TRUE,1,2026-08-11 19:24:32.944 -0700
AEN,439736,AMERICA ON FIRE,15,FALSE,2018,2018,FALSE,1,2018-01-29,2018-01-29,TRUE,1,2026-08-11 19:24:32.944 -0700
HIST,408810,OZZY & JACKS WORLD DETOUR,25,TRUE,1,1,FALSE,10,2016-07-24,2016-10-02,TRUE,2,2026-08-11 19:24:32.944 -0700
HIST,1043793,AMERICAS BOOK SECRETS SPC,25,TRUE,4,4,FALSE,2,2021-07-20,2021-07-27,TRUE,1,2026-08-11 19:24:32.944 -0700
HIST,404321,CAR HUNTERS,11,FALSE,1B,1,TRUE,2,2017-08-16,2017-08-16,TRUE,1,2026-08-11 19:24:32.944 -0700
HIST,404321,CAR HUNTERS,11,FALSE,1,1,FALSE,14,2016-05-03,2016-06-21,FALSE,1,2026-08-11 19:24:32.944 -0700
AEN,381900,DONNIE LOVES JENNY,18,FALSE,3,3,FALSE,9,2016-03-16,2016-04-13,TRUE,1,2026-08-11 19:24:32.944 -0700
AEN,381900,DONNIE LOVES JENNY,18,FALSE,2,2,FALSE,7,2015-07-15,2015-09-02,FALSE,1,2026-08-11 19:24:32.944 -0700
AEN,381900,DONNIE LOVES JENNY,18,FALSE,1,1,FALSE,10,2015-01-07,2015-03-11,FALSE,1,2026-08-11 19:24:32.944 -0700
HIST,227669,TIME MACHINE,12,FALSE,2026,2026,FALSE,3,2026-06-19,2026-07-04,TRUE,1,2026-08-11 19:24:32.944 -0700
HIST,227669,TIME MACHINE,12,FALSE,2025,2025,FALSE,4,2025-01-01,2025-11-10,FALSE,1,2026-08-11 19:24:32.944 -0700
HIST,227669,TIME MACHINE,12,FALSE,2024,2024,FALSE,5,2024-02-04,2024-11-11,FALSE,1,2026-08-11 19:24:32.944 -0700
HIST,227669,TIME MACHINE,12,FALSE,2023,2023,FALSE,4,2023-02-22,2023-11-11,FALSE,1,2026-08-11 19:24:32.944 -0700
HIST,227669,TIME MACHINE,12,FALSE,2022,2022,FALSE,7,2022-02-20,2022-11-11,FALSE,1,2026-08-11 19:24:32.944 -0700
HIST,227669,TIME MACHINE,12,FALSE,2021,2021,FALSE,12,2021-01-02,2021-11-11,FALSE,1,2026-08-11 19:24:32.944 -0700
HIST,227669,TIME MACHINE,12,FALSE,2020,2020,FALSE,10,2020-01-25,2020-11-11,FALSE,1,2026-08-11 19:24:32.944 -0700
HIST,227669,TIME MACHINE,12,FALSE,2019,2019,FALSE,27,2019-01-03,2019-12-20,FALSE,1,2026-08-11 19:24:32.944 -0700
HIST,227669,TIME MACHINE,12,FALSE,2018,2018,FALSE,47,2018-01-28,2018-12-05,FALSE,1,2026-08-11 19:24:32.944 -0700
HIST,227669,TIME MACHINE,12,FALSE,2017,2017,FALSE,32,2017-01-08,2017-12-19,FALSE,1,2026-08-11 19:24:32.944 -0700
HIST,227669,TIME MACHINE,12,FALSE,2016,2016,FALSE,21,2015-12-28,2016-12-19,FALSE,1,2026-08-11 19:24:32.944 -0700
HIST,227669,TIME MACHINE,12,FALSE,2015,2015,FALSE,18,2015-09-19,2015-12-21,FALSE,1,2026-08-11 19:24:32.944 -0700
HIST,227669,TIME MACHINE,12,FALSE,2014,2014,FALSE,3,2014-07-19,2014-09-27,FALSE,1,2026-08-11 19:24:32.944 -0700
HIST,227669,TIME MACHINE,12,FALSE,3,3,FALSE,2,2014-06-01,2015-11-10,FALSE,1,2026-08-11 19:24:32.944 -0700
HIST,227669,TIME MACHINE,12,FALSE,5,5,FALSE,3,2014-01-27,2014-07-07,FALSE,1,2026-08-11 19:24:32.944 -0700
HIST,227669,TIME MACHINE,12,FALSE,8,8,FALSE,1,2013-12-19,2013-12-19,FALSE,1,2026-08-11 19:24:32.944 -0700
HIST,227669,TIME MACHINE,12,FALSE,7,7,FALSE,1,2013-11-03,2013-11-03,FALSE,1,2026-08-11 19:24:32.944 -0700
HIST,227669,TIME MACHINE,12,FALSE,2013,2013,FALSE,6,2013-02-16,2013-11-22,FALSE,1,2026-08-11 19:24:32.944 -0700
HIST,227669,TIME MACHINE,12,FALSE,2012,2012,FALSE,13,2012-04-15,2012-12-29,FALSE,1,2026-08-11 19:24:32.944 -0700
HIST,227669,TIME MACHINE,12,FALSE,2011,2011,FALSE,31,2011-01-05,2011-12-31,FALSE,1,2026-08-11 19:24:32.944 -0700
HIST,227669,TIME MACHINE,12,FALSE,2010,2010,FALSE,19,2010-01-05,2010-12-15,FALSE,1,2026-08-11 19:24:32.944 -0700
HIST,227669,TIME MACHINE,12,FALSE,4,4,FALSE,2,2009-12-12,2015-06-18,FALSE,1,2026-08-11 19:24:32.944 -0700
HIST,227669,TIME MACHINE,12,FALSE,2,2,FALSE,5,2009-02-26,2013-12-03,FALSE,1,2026-08-11 19:24:32.944 -0700
HIST,227669,TIME MACHINE,12,FALSE,2009,2009,FALSE,14,2009-02-16,2009-12-11,FALSE,1,2026-08-11 19:24:32.944 -0700
HIST,227669,TIME MACHINE,12,FALSE,1,1,FALSE,25,2008-08-25,2018-11-04,FALSE,1,2026-08-11 19:24:32.944 -0700
HIST,227669,TIME MACHINE,12,FALSE,2008,2008,FALSE,25,2008-03-21,2008-12-13,FALSE,1,2026-08-11 19:24:32.944 -0700
HIST,227669,TIME MACHINE,12,FALSE,2007,2007,FALSE,9,2007-08-20,2007-12-29,FALSE,1,2026-08-11 19:24:32.944 -0700
LIF,359180,MY LIFE IS A LIFETIME MOV,25,TRUE,1,1,FALSE,7,2012-10-17,2012-11-28,TRUE,1,2026-08-11 19:24:32.944 -0700
HIST,1152506,"GREEN WAY OUTDOORS, THE",23,FALSE,3,3,FALSE,7,2025-11-01,2025-11-22,TRUE,1,2026-08-11 19:24:32.944 -0700
HIST,1152506,"GREEN WAY OUTDOORS, THE",23,FALSE,2,2,FALSE,7,2024-11-02,2024-11-23,FALSE,1,2026-08-11 19:24:32.944 -0700
HIST,1152506,"GREEN WAY OUTDOORS, THE",23,FALSE,1,1,FALSE,10,2023-09-02,2023-09-30,FALSE,1,2026-08-11 19:24:32.944 -0700
AEN,1004003,ACCUSED: GUILTY OR INNCNT,25,TRUE,8,8,FALSE,2,2026-07-30,2026-07-30,TRUE,1,2026-08-11 19:24:32.944 -0700
AEN,1004003,ACCUSED: GUILTY OR INNCNT,25,TRUE,7,7,FALSE,14,2025-03-20,2025-06-05,FALSE,1,2026-08-11 19:24:32.944 -0700
AEN,1004003,ACCUSED: GUILTY OR INNCNT,25,TRUE,6,6,FALSE,8,2024-04-04,2024-05-23,FALSE,1,2026-08-11 19:24:32.944 -0700
AEN,1004003,ACCUSED: GUILTY OR INNCNT,25,TRUE,5,5,FALSE,11,2023-10-05,2023-12-21,FALSE,1,2026-08-11 19:24:32.944 -0700
AEN,1004003,ACCUSED: GUILTY OR INNCNT,25,TRUE,4,4,FALSE,8,2023-01-12,2023-03-02,FALSE,1,2026-08-11 19:24:32.944 -0700
AEN,1004003,ACCUSED: GUILTY OR INNCNT,25,TRUE,3,3,FALSE,10,2022-05-26,2022-08-04,FALSE,1,2026-08-11 19:24:32.944 -0700
AEN,1004003,ACCUSED: GUILTY OR INNCNT,25,TRUE,2,2,FALSE,5,2021-08-19,2021-09-16,FALSE,1,2026-08-11 19:24:32.944 -0700
AEN,1004003,ACCUSED: GUILTY OR INNCNT,25,TRUE,1,1,FALSE,7,2020-04-21,2020-06-02,FALSE,1,2026-08-11 19:24:32.944 -0700
AEN,348359,SELL THIS HOUSE EXTREME,23,FALSE,2013,2013,FALSE,8,2013-04-20,2013-06-15,TRUE,1,2026-08-11 19:24:32.944 -0700
AEN,348359,SELL THIS HOUSE EXTREME,23,FALSE,2012,2012,FALSE,14,2012-01-07,2012-09-22,FALSE,1,2026-08-11 19:24:32.944 -0700
AEN,348359,SELL THIS HOUSE EXTREME,23,FALSE,2011,2011,FALSE,7,2011-10-29,2011-12-17,FALSE,1,2026-08-11 19:24:32.944 -0700
HIST,1028404,BEYOND OAK ISLAND,17,FALSE,3,3,FALSE,11,2022-10-04,2023-01-31,TRUE,1,2026-08-11 19:24:32.944 -0700
HIST,1028404,BEYOND OAK ISLAND,17,FALSE,2,2,FALSE,8,2022-01-04,2022-03-15,FALSE,1,2026-08-11 19:24:32.944 -0700
HIST,1028404,BEYOND OAK ISLAND,17,FALSE,1,1,FALSE,8,2020-11-17,2021-01-26,FALSE,1,2026-08-11 19:24:32.944 -0700
HIST,457271,STRONGEST MAN IN HISTORY,24,FALSE,1,1,FALSE,7,2019-07-07,2019-08-14,TRUE,1,2026-08-11 19:24:32.944 -0700
FYI,446672,CAKEFEST,8,FALSE,1,1,FALSE,1,2018-07-30,2018-07-30,TRUE,1,2026-08-11 19:24:32.944 -0700
HIST,1179852,HOLY MARVELS,12,FALSE,2,2,FALSE,11,2025-04-14,2025-06-30,TRUE,1,2026-08-11 19:24:32.944 -0700
HIST,1179852,HOLY MARVELS,12,FALSE,1,1,FALSE,8,2024-06-03,2024-07-22,FALSE,1,2026-08-11 19:24:32.944 -0700
HIST,1233547,UNXPLAINED SPECIALS,19,FALSE,1,1,FALSE,2,2026-02-20,2026-02-27,TRUE,1,2026-08-11 19:24:32.944 -0700
AEN,1169114,JAMES BROWN: SAY IT LOUD,24,FALSE,1,1,FALSE,4,2024-02-19,2024-02-20,TRUE,1,2026-08-11 19:24:32.944 -0700
AEN,335653,AFTERMATH,9,FALSE,1,1,FALSE,1,2010-07-29,2010-07-29,TRUE,1,2026-08-11 19:24:32.944 -0700
AEN,1187936,"CHICANO SQUAD, THE",18,FALSE,1,1,FALSE,2,2024-09-02,2024-09-03,TRUE,1,2026-08-11 19:24:32.944 -0700
FYI,395935,BLACK LOVE SPECIAL,18,FALSE,1,1,FALSE,1,2015-12-01,2015-12-01,TRUE,1,2026-08-11 19:24:32.944 -0700
HIST,372146,APPALACHIAN OUTLAWS,19,FALSE,2,2,FALSE,10,2015-02-02,2015-04-06,TRUE,1,2026-08-11 19:24:32.944 -0700
HIST,372146,APPALACHIAN OUTLAWS,19,FALSE,1,1,FALSE,6,2014-01-09,2014-02-13,FALSE,1,2026-08-11 19:24:32.944 -0700
HIST,1093212,ALONE: FROZEN,13,FALSE,1,1,FALSE,8,2022-08-11,2022-09-22,TRUE,1,2026-08-11 19:24:32.944 -0700
AEN,1151961,SECRETS OF PRINCE ANDREW,24,FALSE,1,1,FALSE,2,2023-08-21,2023-08-21,TRUE,1,2026-08-11 19:24:32.944 -0700
FYI,1181900,RACHAEL RAY IN TUSCANY,22,FALSE,1B,1,TRUE,6,2025-03-10,2025-04-14,TRUE,1,2026-08-11 19:24:32.944 -0700
FYI,1181900,RACHAEL RAY IN TUSCANY,22,FALSE,1,1,FALSE,24,2024-06-24,2024-09-09,FALSE,1,2026-08-11 19:24:32.944 -0700
AEN,461583,BEHIND BARS: WOMEN INSIDE,25,TRUE,1,1,FALSE,4,2019-12-10,2019-12-17,TRUE,1,2026-08-11 19:24:32.944 -0700
LIF,385688,PREACH,6,FALSE,1,1,FALSE,2,2015-06-05,2015-06-12,TRUE,1,2026-08-11 19:24:32.944 -0700
AEN,364470,"KILLER SPEAKS, THE",18,FALSE,2,2,FALSE,5,2014-05-01,2014-05-29,TRUE,1,2026-08-11 19:24:32.944 -0700
AEN,364470,"KILLER SPEAKS, THE",18,FALSE,1,1,FALSE,5,2013-04-11,2013-05-09,FALSE,1,2026-08-11 19:24:32.944 -0700
FYI,1203661,TINY HOUSE NATION: MEMORY,25,TRUE,1,1,FALSE,10,2025-02-18,2025-05-20,TRUE,1,2026-08-11 19:24:32.944 -0700
VICE,455599,"WRESTLERS, THE",14,FALSE,1,1,FALSE,10,2019-05-22,2019-07-03,TRUE,1,2026-08-11 19:24:32.944 -0700
HIST,1161969,UNBELIEVABLE WITH DAN A.,24,FALSE,3,3,FALSE,20,2025-11-07,2026-05-15,TRUE,1,2026-08-11 19:24:32.944 -0700
HIST,1161969,UNBELIEVABLE WITH DAN A.,24,FALSE,2,2,FALSE,20,2024-11-15,2025-05-30,FALSE,1,2026-08-11 19:24:32.944 -0700
HIST,1161969,UNBELIEVABLE WITH DAN A.,24,FALSE,1,1,FALSE,10,2023-12-01,2024-02-09,FALSE,1,2026-08-11 19:24:32.944 -0700
HIST,1092326,ALONE: SKILLS CHALLENGE,23,FALSE,1B,1,TRUE,1,2023-06-10,2023-06-10,TRUE,1,2026-08-11 19:24:32.944 -0700
HIST,1092326,ALONE: SKILLS CHALLENGE,23,FALSE,1,1,FALSE,11,2022-08-04,2022-10-13,FALSE,1,2026-08-11 19:24:32.944 -0700
LMN,391753,MS. HOMICIDE,12,FALSE,1,1,FALSE,1,2015-09-23,2015-09-23,TRUE,1,2026-08-11 19:24:32.944 -0700
AEN,1219878,BULLY HUNTER,12,FALSE,2025,2025,FALSE,1,2025-09-23,2025-09-23,TRUE,1,2026-08-11 19:24:32.944 -0700
LIF,373522,BRING IT!,9,FALSE,5B,5,TRUE,10,2019-01-17,2019-03-21,TRUE,1,2026-08-11 19:24:32.944 -0700
LIF,373522,BRING IT!,9,FALSE,5A,5,TRUE,13,2018-03-02,2018-09-06,FALSE,1,2026-08-11 19:24:32.944 -0700
LIF,373522,BRING IT!,9,FALSE,4B,4,TRUE,10,2017-11-24,2018-02-02,FALSE,1,2026-08-11 19:24:32.944 -0700
LIF,373522,BRING IT!,9,FALSE,4,4,FALSE,16,2017-01-13,2017-04-28,FALSE,1,2026-08-11 19:24:32.944 -0700
LIF,373522,BRING IT!,9,FALSE,3B,3,TRUE,10,2016-07-22,2016-09-23,FALSE,1,2026-08-11 19:24:32.944 -0700
LIF,373522,BRING IT!,9,FALSE,3,3,FALSE,13,2016-01-01,2016-03-25,FALSE,1,2026-08-11 19:24:32.944 -0700
LIF,373522,BRING IT!,9,FALSE,2B,2,TRUE,9,2015-07-31,2015-09-25,FALSE,1,2026-08-11 19:24:32.944 -0700
LIF,373522,BRING IT!,9,FALSE,2,2,FALSE,14,2015-01-23,2015-04-24,FALSE,1,2026-08-11 19:24:32.944 -0700
LIF,373522,BRING IT!,9,FALSE,1B,1,TRUE,10,2014-07-23,2014-09-24,FALSE,1,2026-08-11 19:24:32.944 -0700
LIF,373522,BRING IT!,9,FALSE,1,1,FALSE,9,2014-03-05,2014-04-30,FALSE,1,2026-08-11 19:24:32.944 -0700
LIF,451638,SURVIVING R. KELLY,18,FALSE,3,3,FALSE,4,2023-01-02,2023-01-03,TRUE,1,2026-08-11 19:24:32.944 -0700
LIF,451638,SURVIVING R. KELLY,18,FALSE,2,2,FALSE,5,2020-01-02,2020-01-04,FALSE,1,2026-08-11 19:24:32.944 -0700
LIF,451638,SURVIVING R. KELLY,18,FALSE,1,1,FALSE,6,2019-01-03,2019-01-05,FALSE,1,2026-08-11 19:24:32.944 -0700
LIF,371858,KIM OF QUEENS,13,FALSE,2,2,FALSE,10,2014-09-16,2015-04-21,TRUE,1,2026-08-11 19:24:32.944 -0700
LIF,371858,KIM OF QUEENS,13,FALSE,1,1,FALSE,12,2014-01-01,2014-04-01,FALSE,1,2026-08-11 19:24:32.944 -0700
VICE,1238325,SOCCERS AMERICAN DREAM,22,FALSE,1,1,FALSE,6,2026-05-05,2026-06-09,TRUE,1,2026-08-11 19:24:32.944 -0700
HIST,347696,AROUND THE WORLD 80 WAYS,24,FALSE,1,1,FALSE,2,2011-10-02,2011-10-09,TRUE,1,2026-08-11 19:24:32.944 -0700
AEN,1187043,ODB: A TALE OF TWO DIRTYS,25,TRUE,2024,2024,FALSE,1,2024-08-25,2024-08-25,TRUE,1,2026-08-11 19:24:32.944 -0700
HIST,220899,MODERN MARVELS,14,FALSE,2021C,2021,TRUE,2,2021-11-28,2021-12-05,TRUE,1,2026-08-11 19:24:32.944 -0700
HIST,220899,MODERN MARVELS,14,FALSE,2021B,2021,TRUE,4,2021-07-25,2021-08-15,FALSE,1,2026-08-11 19:24:32.944 -0700
HIST,220899,MODERN MARVELS,14,FALSE,2021A,2021,TRUE,8,2021-02-21,2021-04-11,FALSE,1,2026-08-11 19:24:32.944 -0700
HIST,220899,MODERN MARVELS,14,FALSE,2011,2011,FALSE,4,2011-01-14,2011-02-04,FALSE,1,2026-08-11 19:24:32.944 -0700
HIST,220899,MODERN MARVELS,14,FALSE,2010,2010,FALSE,31,2010-01-14,2010-12-29,FALSE,1,2026-08-11 19:24:32.944 -0700
HIST,220899,MODERN MARVELS,14,FALSE,2008,2008,FALSE,38,2008-01-07,2008-12-26,FALSE,1,2026-08-11 19:24:32.944 -0700
HIST,220899,MODERN MARVELS,14,FALSE,2007,2007,FALSE,23,2007-06-27,2007-12-26,FALSE,1,2026-08-11 19:24:32.944 -0700
LMN,376698,MS. MURDER,10,FALSE,1,1,FALSE,1,2014-07-07,2014-07-07,TRUE,1,2026-08-11 19:24:32.944 -0700
AEN,444787,GOTTI: GODFATHER & SON,22,FALSE,1,1,FALSE,2,2018-06-09,2018-06-10,TRUE,1,2026-08-11 19:24:32.944 -0700
LIF,407168,GOLD MEDAL FAMILIES,19,FALSE,1,1,FALSE,8,2016-06-28,2016-07-19,TRUE,1,2026-08-11 19:24:32.944 -0700
HIST,330377,COWBOYS & OUTLAWS,17,FALSE,1,1,FALSE,4,2009-11-29,2009-12-05,TRUE,1,2026-08-11 19:24:32.944 -0700
AEN,440526,WARREN JEFFS:PROPHET EVIL,25,TRUE,2018,2018,FALSE,1,2018-02-19,2018-02-19,TRUE,1,2026-08-11 19:24:32.944 -0700
AEN,452224,MANY SIDES OF JANE,18,FALSE,1,1,FALSE,6,2019-01-22,2019-02-19,TRUE,1,2026-08-11 19:24:32.944 -0700
AEN,461442,COURT CAM,9,FALSE,9B,9,TRUE,12,2026-01-13,2026-03-03,TRUE,1,2026-08-11 19:24:32.944 -0700
AEN,461442,COURT CAM,9,FALSE,9,9,FALSE,12,2025-10-08,2025-11-19,FALSE,1,2026-08-11 19:24:32.944 -0700
AEN,461442,COURT CAM,9,FALSE,8B,8,TRUE,23,2025-05-28,2025-08-27,FALSE,1,2026-08-11 19:24:32.944 -0700
AEN,461442,COURT CAM,9,FALSE,8,8,FALSE,18,2024-09-25,2024-12-04,FALSE,1,2026-08-11 19:24:32.944 -0700
AEN,461442,COURT CAM,9,FALSE,7B,7,TRUE,18,2024-07-10,2024-09-11,FALSE,1,2026-08-11 19:24:32.944 -0700
AEN,461442,COURT CAM,9,FALSE,7,7,FALSE,34,2023-11-15,2024-04-03,FALSE,1,2026-08-11 19:24:32.944 -0700
AEN,461442,COURT CAM,9,FALSE,6,6,FALSE,25,2023-05-31,2023-08-30,FALSE,1,2026-08-11 19:24:32.944 -0700
AEN,461442,COURT CAM,9,FALSE,5B,5,TRUE,10,2022-11-09,2022-12-14,FALSE,1,2026-08-11 19:24:32.944 -0700
AEN,461442,COURT CAM,9,FALSE,5,5,FALSE,22,2022-07-06,2022-09-14,FALSE,1,2026-08-11 19:24:32.944 -0700
AEN,461442,COURT CAM,9,FALSE,4,4,FALSE,14,2022-03-02,2022-04-13,FALSE,1,2026-08-11 19:24:32.944 -0700
AEN,461442,COURT CAM,9,FALSE,3B,3,TRUE,41,2021-06-02,2021-12-15,FALSE,1,2026-08-11 19:24:32.944 -0700
AEN,461442,COURT CAM,9,FALSE,3,3,FALSE,31,2020-12-02,2021-04-21,FALSE,1,2026-08-11 19:24:32.944 -0700
AEN,461442,COURT CAM,9,FALSE,2,2,FALSE,10,2020-07-16,2020-08-27,FALSE,1,2026-08-11 19:24:32.944 -0700
AEN,461442,COURT CAM,9,FALSE,1,1,FALSE,8,2019-12-05,2019-12-26,FALSE,1,2026-08-11 19:24:32.944 -0700
LIF,423443,NWSL PREGAME,12,FALSE,2018,2018,FALSE,15,2018-03-24,2018-09-22,TRUE,1,2026-08-11 19:24:32.944 -0700
LIF,423443,NWSL PREGAME,12,FALSE,2017,2017,FALSE,24,2017-04-15,2017-10-14,FALSE,1,2026-08-11 19:24:32.944 -0700
HIST,1066169,FAST HISTORY OF,15,FALSE,6,6,FALSE,6,2022-07-11,2022-08-01,TRUE,1,2026-08-11 19:24:32.944 -0700
HIST,1066169,FAST HISTORY OF,15,FALSE,5,5,FALSE,3,2022-06-12,2022-06-26,FALSE,1,2026-08-11 19:24:32.944 -0700
HIST,1066169,FAST HISTORY OF,15,FALSE,4,4,FALSE,6,2022-05-01,2022-05-15,FALSE,1,2026-08-11 19:24:32.944 -0700
HIST,1186141,GANGLAND CHRONICLES,19,FALSE,1,1,FALSE,12,2024-08-11,2024-09-30,TRUE,1,2026-08-11 19:24:32.944 -0700
HIST,1003133,SECRET SKINWALKER RANCH,23,FALSE,7,7,FALSE,12,2026-05-19,2026-08-04,TRUE,1,2026-08-11 19:24:32.944 -0700
HIST,1003133,SECRET SKINWALKER RANCH,23,FALSE,6,6,FALSE,14,2025-06-03,2025-09-02,FALSE,1,2026-08-11 19:24:32.944 -0700
HIST,1003133,SECRET SKINWALKER RANCH,23,FALSE,5,5,FALSE,14,2024-04-23,2024-07-23,FALSE,1,2026-08-11 19:24:32.944 -0700
HIST,1003133,SECRET SKINWALKER RANCH,23,FALSE,4,4,FALSE,14,2023-04-18,2023-08-01,FALSE,1,2026-08-11 19:24:32.944 -0700
HIST,1003133,SECRET SKINWALKER RANCH,23,FALSE,3,3,FALSE,11,2022-05-03,2022-07-19,FALSE,1,2026-08-11 19:24:32.944 -0700
HIST,1003133,SECRET SKINWALKER RANCH,23,FALSE,2,2,FALSE,10,2021-05-04,2021-07-13,FALSE,1,2026-08-11 19:24:32.944 -0700
HIST,1003133,SECRET SKINWALKER RANCH,23,FALSE,1,1,FALSE,8,2020-03-31,2020-06-02,FALSE,1,2026-08-11 19:24:32.944 -0700
AEN,373289,THOSE WHO KILL,14,FALSE,1,1,FALSE,2,2014-03-03,2014-03-10,TRUE,2,2026-08-11 19:24:32.944 -0700
LIF,444116,LWLA UNFILTERED,15,FALSE,7,7,FALSE,5,2018-05-30,2018-06-27,TRUE,1,2026-08-11 19:24:32.944 -0700
HIST,399796,JOIN OR DIE - FERGUSON,22,FALSE,1,1,FALSE,21,2016-02-18,2016-06-09,TRUE,1,2026-08-11 19:24:32.944 -0700
AEN,1173476,PROPERTY VIRGINS AE,19,FALSE,15,15,FALSE,20,2024-03-30,2024-06-08,TRUE,1,2026-08-11 19:24:32.944 -0700
HIST,331475,AMERICAN PICKERS,16,FALSE,19,19,FALSE,9,2026-02-15,2026-04-12,TRUE,1,2026-08-11 19:24:32.944 -0700
HIST,331475,AMERICAN PICKERS,16,FALSE,18,18,FALSE,4,2025-11-26,2025-12-17,FALSE,1,2026-08-11 19:24:32.944 -0700
HIST,331475,AMERICAN PICKERS,16,FALSE,17,17,FALSE,8,2025-07-02,2025-08-20,FALSE,1,2026-08-11 19:24:32.944 -0700
HIST,331475,AMERICAN PICKERS,16,FALSE,16,16,FALSE,14,2024-10-09,2025-01-15,FALSE,1,2026-08-11 19:24:32.944 -0700
HIST,331475,AMERICAN PICKERS,16,FALSE,15,15,FALSE,15,2023-12-27,2024-03-27,FALSE,1,2026-08-11 19:24:32.944 -0700
HIST,331475,AMERICAN PICKERS,16,FALSE,14,14,FALSE,18,2023-01-04,2023-08-23,FALSE,1,2026-08-11 19:24:32.944 -0700
HIST,331475,AMERICAN PICKERS,16,FALSE,13,13,FALSE,20,2022-01-01,2022-09-17,FALSE,1,2026-08-11 19:24:32.944 -0700
HIST,331475,AMERICAN PICKERS,16,FALSE,12,12,FALSE,23,2021-01-25,2021-09-06,FALSE,1,2026-08-11 19:24:32.944 -0700
HIST,331475,AMERICAN PICKERS,16,FALSE,11,11,FALSE,14,2020-01-20,2020-08-03,FALSE,1,2026-08-11 19:24:32.944 -0700
HIST,331475,AMERICAN PICKERS,16,FALSE,10,10,FALSE,31,2019-01-21,2019-12-16,FALSE,1,2026-08-11 19:24:32.944 -0700
HIST,331475,AMERICAN PICKERS,16,FALSE,9,9,FALSE,30,2018-01-22,2018-11-26,FALSE,1,2026-08-11 19:24:32.944 -0700
HIST,331475,AMERICAN PICKERS,16,FALSE,8B,8,TRUE,17,2017-04-10,2017-11-20,FALSE,1,2026-08-11 19:24:32.944 -0700
HIST,331475,AMERICAN PICKERS,16,FALSE,8,8,FALSE,29,2016-05-04,2017-01-30,FALSE,1,2026-08-11 19:24:32.944 -0700
HIST,331475,AMERICAN PICKERS,16,FALSE,7,7,FALSE,32,2015-05-06,2016-03-02,FALSE,1,2026-08-11 19:24:32.944 -0700
HIST,331475,AMERICAN PICKERS,16,FALSE,6,6,FALSE,48,2013-10-09,2015-02-25,FALSE,1,2026-08-11 19:24:32.944 -0700
HIST,331475,AMERICAN PICKERS,16,FALSE,5,5,FALSE,28,2012-11-05,2013-08-19,FALSE,1,2026-08-11 19:24:32.944 -0700
HIST,331475,AMERICAN PICKERS,16,FALSE,4,4,FALSE,28,2011-11-28,2012-10-21,FALSE,1,2026-08-11 19:24:32.944 -0700
HIST,331475,AMERICAN PICKERS,16,FALSE,3,3,FALSE,21,2011-01-17,2011-09-26,FALSE,1,2026-08-11 19:24:32.944 -0700
HIST,331475,AMERICAN PICKERS,16,FALSE,2,2,FALSE,17,2010-06-07,2010-12-27,FALSE,1,2026-08-11 19:24:32.944 -0700
HIST,331475,AMERICAN PICKERS,16,FALSE,1,1,FALSE,12,2010-01-18,2010-04-05,FALSE,1,2026-08-11 19:24:32.944 -0700
LMN,408243,BLUE: A SECRET LIFE,19,FALSE,1,1,FALSE,11,2016-07-08,2016-08-12,TRUE,1,2026-08-11 19:24:32.944 -0700
LIF,360701,B WHITES OFF THEIR ROCKER,25,TRUE,1B,1,TRUE,6,2017-09-08,2017-09-12,TRUE,1,2026-08-11 19:24:32.944 -0700
LIF,360701,B WHITES OFF THEIR ROCKER,25,TRUE,1,1,FALSE,14,2014-02-28,2014-05-30,FALSE,1,2026-08-11 19:24:32.944 -0700
LIF,1040707,CELLMATE SECRETS,16,FALSE,1,1,FALSE,7,2021-06-04,2021-07-16,TRUE,1,2026-08-11 19:24:32.944 -0700
LIF,375581,LITTLE WOMEN LA,15,FALSE,8,8,FALSE,18,2019-04-04,2019-08-15,TRUE,1,2026-08-11 19:24:32.944 -0700
LIF,375581,LITTLE WOMEN LA,15,FALSE,7,7,FALSE,18,2018-03-21,2018-07-25,FALSE,1,2026-08-11 19:24:32.944 -0700
LIF,375581,LITTLE WOMEN LA,15,FALSE,6,6,FALSE,20,2017-02-28,2017-07-05,FALSE,1,2026-08-11 19:24:32.944 -0700
LIF,375581,LITTLE WOMEN LA,15,FALSE,5,5,FALSE,17,2016-07-13,2016-11-02,FALSE,1,2026-08-11 19:24:32.944 -0700
LIF,375581,LITTLE WOMEN LA,15,FALSE,4,4,FALSE,13,2016-01-27,2016-04-20,FALSE,1,2026-08-11 19:24:32.944 -0700
LIF,375581,LITTLE WOMEN LA,15,FALSE,3,3,FALSE,13,2015-07-29,2015-10-21,FALSE,1,2026-08-11 19:24:32.944 -0700
LIF,375581,LITTLE WOMEN LA,15,FALSE,2,2,FALSE,12,2015-01-01,2015-03-18,FALSE,1,2026-08-11 19:24:32.944 -0700
LIF,375581,LITTLE WOMEN LA,15,FALSE,1,1,FALSE,9,2014-05-27,2014-07-22,FALSE,1,2026-08-11 19:24:32.944 -0700
LIF,441735,LOVE AT FIRST FLIGHT,20,FALSE,1,1,FALSE,8,2018-03-20,2018-05-01,TRUE,1,2026-08-11 19:24:32.944 -0700
AEN,353486,LAST CHANCE DRIVING SCH,23,FALSE,1,1,FALSE,5,2012-04-14,2012-05-12,TRUE,1,2026-08-11 19:24:32.944 -0700
AEN,339048,STRANGE DAYS WITH B SAGET,25,TRUE,1,1,FALSE,6,2010-11-30,2010-12-07,TRUE,1,2026-08-11 19:24:32.944 -0700
AEN,386089,DUCK COMMANDER SPECIALS,23,FALSE,1,1,FALSE,1,2015-06-17,2015-06-17,TRUE,1,2026-08-11 19:24:32.944 -0700
LIF,352277,BEYOND THE HEADLINES,20,FALSE,2024,2024,FALSE,1,2024-06-08,2024-06-08,TRUE,2,2026-08-11 19:24:32.944 -0700
LIF,352277,BEYOND THE HEADLINES,20,FALSE,1,1,FALSE,6,2023-08-05,2023-09-09,FALSE,2,2026-08-11 19:24:32.944 -0700
LIF,352277,BEYOND THE HEADLINES,20,FALSE,2023,2023,FALSE,3,2023-02-04,2023-08-12,FALSE,2,2026-08-11 19:24:32.944 -0700
LIF,352277,BEYOND THE HEADLINES,20,FALSE,2022,2022,FALSE,2,2022-03-05,2022-10-01,FALSE,2,2026-08-11 19:24:32.944 -0700
LIF,352277,BEYOND THE HEADLINES,20,FALSE,2021,2021,FALSE,2,2021-06-05,2021-06-19,FALSE,2,2026-08-11 19:24:32.944 -0700
LIF,352277,BEYOND THE HEADLINES,20,FALSE,2020,2020,FALSE,2,2020-01-18,2020-01-25,FALSE,2,2026-08-11 19:24:32.944 -0700
LIF,352277,BEYOND THE HEADLINES,20,FALSE,2019,2019,FALSE,2,2019-09-21,2019-10-12,FALSE,2,2026-08-11 19:24:32.944 -0700
LIF,352277,BEYOND THE HEADLINES,20,FALSE,2017,2017,FALSE,4,2017-02-19,2017-06-11,FALSE,2,2026-08-11 19:24:32.944 -0700
LIF,352277,BEYOND THE HEADLINES,20,FALSE,2016,2016,FALSE,3,2016-01-23,2016-10-15,FALSE,2,2026-08-11 19:24:32.944 -0700
LIF,352277,BEYOND THE HEADLINES,20,FALSE,2015,2015,FALSE,8,2015-01-18,2015-10-10,FALSE,2,2026-08-11 19:24:32.944 -0700
LIF,352277,BEYOND THE HEADLINES,20,FALSE,2014,2014,FALSE,6,2014-02-01,2014-11-15,FALSE,2,2026-08-11 19:24:32.944 -0700
LIF,352277,BEYOND THE HEADLINES,20,FALSE,2013,2013,FALSE,5,2013-01-19,2013-10-05,FALSE,2,2026-08-11 19:24:32.944 -0700
LIF,352277,BEYOND THE HEADLINES,20,FALSE,2012,2012,FALSE,1,2012-10-06,2012-10-06,FALSE,2,2026-08-11 19:24:32.944 -0700
LIF,1220246,HEALTH UNCENSORED DR DREW,25,TRUE,1,1,FALSE,4,2025-09-25,2025-10-03,TRUE,1,2026-08-11 19:24:32.944 -0700
LIF,1022293,MAFS: AUS SPECIAL,17,FALSE,7,7,FALSE,5,2020-09-10,2020-10-08,TRUE,1,2026-08-11 19:24:32.944 -0700
VICE,1043438,UNKNOWN AMAZON,14,FALSE,1,1,FALSE,6,2021-07-13,2021-08-17,TRUE,1,2026-08-11 19:24:32.944 -0700
LIF,1182710,OUTRAGEOUS LOVE WITH NENE,25,TRUE,1,1,FALSE,6,2024-07-01,2024-07-15,TRUE,2,2026-08-11 19:24:32.944 -0700
